followers: 59   ('59 Followers, 11 Following, 43 Posts - See Instagram photos and videos from Powe')
reels on grid: 36 (trusted-hover pass, 36 with likes)

journey                     views  likes  like%  code
squid_lantern                2982     58   1.9%  DcKg2bhhBG0
night_bloom_remix            2091     28   1.3%  Dbg3QOnxpQi
cosmic_scales_remix          1702     28   1.6%  DbbtqMVtunf
geode_cosmos                 1511     33   2.2%  DcGahIISzJw
sundew_snare                 1410     73   5.2%  DcMilj8BvPm
desert_rosette               1373     35   2.5%  DcQnXQrhkHn
physarum_maze                 697      9   1.3%  DcUsSy3pWpB
salt_mirror                   640      1   0.2%  DcBQ7cpxIRg
mineral_heart                 576     17   3.0%  Dbk8L2hpUfz
cave_of_numbers               369      5   1.4%  DbmA2MBQ0Ft
copper_rain                   320      8   2.5%  DbsqkAqu7OB
ember_meadow                  315      6   1.9%  DcOk8BQACG5
butterfly_meridian            310     15   4.8%  DbiXYvTxGr9
sugar_nebula                  273      1   0.4%  Db0Y8-qO1-Q
circuit_city                  249      7   2.8%  DbeSdr0uWQe
tesla_garden                  214     10   4.7%  DbvPXOBPRP8
dollhouse                     174      4   2.3%  DbfylfKtqYd
cartographer                  167      5   3.0%  DbdS6MlhTBU
velvet_atlas                  166      6   3.6%  DbwUB8zQlsm
snowfall                      166      3   1.8%  Dba1KIBhz3b
glass_apiary                  162      3   1.9%  DbrKbv5BzMr
frost_window                  162      2   1.2%  DbolpFYs3Tq
cinder_veil                   161      1   0.6%  Db_wy6SMj1f
tide_glass                    159      2   1.3%  Db-sIZ8JNWA
chameleon_prism               158      4   2.5%  DcSp1LvuwkB
moth_orchard_night            158      7   4.4%  DcE6Y9Murh5
ink_dynasty                   155      8   5.2%  Db1dnXug0Om
chalkboard_infinities         153      4   2.6%  Dby40v0t29S
resonance_hall                150      4   2.7%  Db9L_ofszjn
pollen_court                  149      4   2.7%  DbtvOrQMd-j
quantum_orrery                149      3   2.0%  DbqFxM6R-lR
abyssal_chandelier            144      2   1.4%  DcCVl5qtz4w
lather_atlas                  140      2   1.4%  Dbng-e1hZRb
jade_automata                 140      9   6.4%  DbjcDhyO_9n
ivory_gambit                  134      3   2.2%  DcD1ubzp9IM
lichen_moor                   129      2   1.6%  Db29vr7gb7Y

snapshot appended to outbox/ig_stats.jsonl (36 rows)
followers: 60   ('60 Followers, 11 Following, 43 Posts - See Instagram photos and videos from Powe')
reels on grid: 43 (trusted-hover pass, 43 with likes)

journey                     views  likes  like%  code
squid_lantern                2982     58   1.9%  DcKg2bhhBG0
night_bloom_remix            2091     28   1.3%  Dbg3QOnxpQi
cosmic_scales_remix          1702     28   1.6%  DbbtqMVtunf
geode_cosmos                 1511     33   2.2%  DcGahIISzJw
sundew_snare                 1410     73   5.2%  DcMilj8BvPm
desert_rosette               1373     35   2.5%  DcQnXQrhkHn
physarum_maze                 751     10   1.3%  DcUsSy3pWpB
salt_mirror                   640      1   0.2%  DcBQ7cpxIRg
mineral_heart                 576     17   3.0%  Dbk8L2hpUfz
cave_of_numbers               369      5   1.4%  DbmA2MBQ0Ft
copper_rain                   320      8   2.5%  DbsqkAqu7OB
ember_meadow                  315      6   1.9%  DcOk8BQACG5
butterfly_meridian            310     15   4.8%  DbiXYvTxGr9
sugar_nebula                  273      1   0.4%  Db0Y8-qO1-Q
circuit_city                  249      7   2.8%  DbeSdr0uWQe
food_chain                    240      2   0.8%  DbZI3tOMPqL
tesla_garden                  214     10   4.7%  DbvPXOBPRP8
?                             204      2   1.0%  DbRslvuJmwq
dollhouse                     174      4   2.3%  DbfylfKtqYd
cartographer                  167      5   3.0%  DbdS6MlhTBU
?                             167      3   1.8%  DbUAppwshJV
velvet_atlas                  166      6   3.6%  DbwUB8zQlsm
snowfall                      166      3   1.8%  Dba1KIBhz3b
glass_apiary                  162      3   1.9%  DbrKbv5BzMr
frost_window                  162      2   1.2%  DbolpFYs3Tq
cinder_veil                   161      1   0.6%  Db_wy6SMj1f
tide_glass                    159      2   1.3%  Db-sIZ8JNWA
chameleon_prism               158      4   2.5%  DcSp1LvuwkB
moth_orchard_night            158      7   4.4%  DcE6Y9Murh5
ink_dynasty                   155      8   5.2%  Db1dnXug0Om
chalkboard_infinities         153      4   2.6%  Dby40v0t29S
midnight_kitchen              151      4   2.6%  DbTB20SvVx6
resonance_hall                150      4   2.7%  Db9L_ofszjn
pollen_court                  149      4   2.7%  DbtvOrQMd-j
quantum_orrery                149      3   2.0%  DbqFxM6R-lR
abyssal_chandelier            144      2   1.4%  DcCVl5qtz4w
lather_atlas                  140      2   1.4%  Dbng-e1hZRb
jade_automata                 140      9   6.4%  DbjcDhyO_9n
ivory_gambit                  134      3   2.2%  DcD1ubzp9IM
lichen_moor                   129      2   1.6%  Db29vr7gb7Y
alexandria                    127      4   3.1%  DbYP5WcutsC
tide_of_life                   77      2   2.6%  DbVob6pJnSg
alexandria                     69      2   2.9%  DbWkGPOBLzg

snapshot appended to outbox/ig_stats.jsonl (43 rows)
followers: 60   ('60 Followers, 13 Following, 44 Posts - See Instagram photos and videos from Powe')
reels on grid: 44 (trusted-hover pass, 44 with likes)

journey                     views  likes  like%  code
squid_lantern                2989     59   2.0%  DcKg2bhhBG0
night_bloom_remix            2091     28   1.3%  Dbg3QOnxpQi
cosmic_scales_remix          1703     28   1.6%  DbbtqMVtunf
geode_cosmos                 1515     33   2.2%  DcGahIISzJw
physarum_maze                1469     28   1.9%  DcUsSy3pWpB
sundew_snare                 1416     74   5.2%  DcMilj8BvPm
desert_rosette               1384     35   2.5%  DcQnXQrhkHn
salt_mirror                   642      1   0.2%  DcBQ7cpxIRg
mineral_heart                 577     17   2.9%  Dbk8L2hpUfz
cave_of_numbers               369      5   1.4%  DbmA2MBQ0Ft
copper_rain                   322      8   2.5%  DbsqkAqu7OB
ember_meadow                  318      6   1.9%  DcOk8BQACG5
butterfly_meridian            310     15   4.8%  DbiXYvTxGr9
sugar_nebula                  274      1   0.4%  Db0Y8-qO1-Q
circuit_city                  250      7   2.8%  DbeSdr0uWQe
food_chain                    240      2   0.8%  DbZI3tOMPqL
tesla_garden                  215     10   4.7%  DbvPXOBPRP8
?                             205      2   1.0%  DbRslvuJmwq
dollhouse                     174      4   2.3%  DbfylfKtqYd
velvet_atlas                  167      6   3.6%  DbwUB8zQlsm
cartographer                  167      5   3.0%  DbdS6MlhTBU
?                             167      3   1.8%  DbUAppwshJV
cinder_veil                   166      1   0.6%  Db_wy6SMj1f
snowfall                      166      3   1.8%  Dba1KIBhz3b
chameleon_prism               162      4   2.5%  DcSp1LvuwkB
glass_apiary                  162      3   1.9%  DbrKbv5BzMr
frost_window                  162      2   1.2%  DbolpFYs3Tq
tide_glass                    161      2   1.2%  Db-sIZ8JNWA
moth_orchard_night            160      7   4.4%  DcE6Y9Murh5
ink_dynasty                   156      8   5.1%  Db1dnXug0Om
resonance_hall                154      4   2.6%  Db9L_ofszjn
chalkboard_infinities         153      4   2.6%  Dby40v0t29S
brinicle_grove                151      ?      ?  DcWuv6DhbSb
midnight_kitchen              151      4   2.6%  DbTB20SvVx6
quantum_orrery                150      3   2.0%  DbqFxM6R-lR
pollen_court                  149      4   2.7%  DbtvOrQMd-j
abyssal_chandelier            148      2   1.4%  DcCVl5qtz4w
jade_automata                 141      9   6.4%  DbjcDhyO_9n
lather_atlas                  140      2   1.4%  Dbng-e1hZRb
ivory_gambit                  138      3   2.2%  DcD1ubzp9IM
lichen_moor                   130      2   1.5%  Db29vr7gb7Y
alexandria                    128      4   3.1%  DbYP5WcutsC
tide_of_life                   78      2   2.6%  DbVob6pJnSg
alexandria                     69      2   2.9%  DbWkGPOBLzg

snapshot appended to outbox/ig_stats.jsonl (44 rows)
journey                 views  reach  shr  sav  fol    watch   avg
squid_lantern            2989   2167    ?    ?    ?        ?    ?s
night_bloom_remix        2091   1370    6    6    2     416m   14s
cosmic_scales_remix      1703   1476    6    6    1     172m    7s
geode_cosmos             1515   1314    ?    ?    ?        ?    ?s
physarum_maze            1438   1212    ?    ?    ?        ?    ?s
sundew_snare             1416   1271    ?    ?    ?        ?    ?s
desert_rosette           1384   1221    ?    ?    ?        ?    ?s
salt_mirror               642    534    1    0    2      73m    8s
mineral_heart             577    485    4    5    8     155m   18s
cave_of_numbers           369    320    0    1    1     217m   40s
copper_rain               322    258    1    2    1     494m  112s
ember_meadow              318    263    ?    ?    ?        ?    ?s
butterfly_meridian        310    285    1    0    2     121m   26s
sugar_nebula              274    219    1    1    0      73m   20s
circuit_city              250    224    2    3    1      30m    8s
food_chain                240    199    0    0    0      26m    8s
tesla_garden              215    189    1    1    1     405m  123s
?                         205    173    1    2    0      23m    7s
?                         205    173    1    2    0      23m    7s
dollhouse                 174    141    0    2    0      98m   43s
velvet_atlas              167    134    0    1    0     222m   94s
?                         167    129    0    0    0      14m    6s
cartographer              167    136    0    2    0      13m    6s
?                         167    129    0    0    0      14m    6s
cinder_veil               166    147    2    0    1     144m   58s
snowfall                  166    128    0    1    0      19m    8s
chameleon_prism           162    149    ?    ?    ?        ?    ?s
glass_apiary              162    139    0    0    0     757m  305s
frost_window              162    139    0    1    0     688m  285s
tide_glass                161    148    2    0    1      51m   20s
moth_orchard_night        160    134    ?    ?    ?        ?    ?s
ink_dynasty               156    139    0    2    0     108m   47s
resonance_hall            154    136    2    1    1      10m    4s
chalkboard_infinities     153    125    0    0    0     726m  328s
brinicle_grove            151    125    ?    ?    ?        ?    ?s
midnight_kitchen          151    128    2    0    0      11m    5s
quantum_orrery            150    141    0    1    0     512m  213s
pollen_court              149    137    0    0    0     689m  291s
abyssal_chandelier        148    129    ?    ?    ?        ?    ?s
jade_automata             141    120    2    1    1     141m   63s
lather_atlas              140    129    0    0    0       9m    5s
ivory_gambit              138    127    ?    ?    ?        ?    ?s
lichen_moor               130    116    0    0    0     158m   80s
alexandria                128    108    1    1    0       9m    5s
tide_of_life               78     69    0    0    0       9m    7s
night_bloom                69     51    0    0    0      12m   13s

appended 46 rows to outbox/ig_insights.jsonl
followers: 60   ('60 Followers, 13 Following, 44 Posts - See Instagram photos and videos from Powe')
reels on grid: 0 (trusted-hover pass, 0 with likes)

journey                     views  likes  like%  code

snapshot appended to outbox/ig_stats.jsonl (0 rows)
Traceback (most recent call last):
  File "/mnt/c/Users/Phil/zoomer/scripts/ig_insights.py", line 171, in <module>
    main()
  File "/mnt/c/Users/Phil/zoomer/scripts/ig_insights.py", line 90, in main
    tab = zb.Tab(match="about:blank")
          ^^^^^^^^^^^^^^^^^^^^^^^^^^^
  File "/mnt/c/Users/Phil/zoomer/scripts/zen_browser.py", line 48, in __init__
    self.ws = websocket.create_connection(t["webSocketDebuggerUrl"], timeout=200)
              ^^^^^^^^^^^^^^^^^^^^^^^^^^^^^^^^^^^^^^^^^^^^^^^^^^^^^^^^^^^^^^^^^^^
  File "/usr/local/lib/python3.12/dist-packages/websocket/_core.py", line 664, in create_connection
    websock.connect(url, **options)
  File "/usr/local/lib/python3.12/dist-packages/websocket/_core.py", line 268, in connect
    self.handshake_response = handshake(self.sock, url, *addrs, **options)
                              ^^^^^^^^^^^^^^^^^^^^^^^^^^^^^^^^^^^^^^^^^^^^
  File "/usr/local/lib/python3.12/dist-packages/websocket/_handshake.py", line 66, in handshake
    status, resp = _get_resp_headers(sock)
                   ^^^^^^^^^^^^^^^^^^^^^^^
  File "/usr/local/lib/python3.12/dist-packages/websocket/_handshake.py", line 158, in _get_resp_headers
    raise WebSocketBadStatusException(
websocket._exceptions.WebSocketBadStatusException: Handshake status 500 Internal Server Error -+-+- {'content-length': '51', 'content-type': 'text/html'} -+-+- b'No such target id: 929BFB395BFFBFEDD0CEB394C4610AF1'
followers: 62   ('62 Followers, 13 Following, 45 Posts - See Instagram photos and videos from Powe')
reels on grid: 36 (trusted-hover pass, 36 with likes)

journey                     views  likes  like%  code
squid_lantern                2991     59   2.0%  DcKg2bhhBG0
night_bloom_remix            2091     28   1.3%  Dbg3QOnxpQi
physarum_maze                1730     32   1.8%  DcUsSy3pWpB
geode_cosmos                 1518     33   2.2%  DcGahIISzJw
sundew_snare                 1475     74   5.0%  DcMilj8BvPm
desert_rosette               1388     35   2.5%  DcQnXQrhkHn
salt_mirror                   644      1   0.2%  DcBQ7cpxIRg
mineral_heart                 579     17   2.9%  Dbk8L2hpUfz
cave_of_numbers               369      5   1.4%  DbmA2MBQ0Ft
copper_rain                   324      8   2.5%  DbsqkAqu7OB
ember_meadow                  320      6   1.9%  DcOk8BQACG5
butterfly_meridian            310     15   4.8%  DbiXYvTxGr9
sugar_nebula                  274      1   0.4%  Db0Y8-qO1-Q
circuit_city                  252      7   2.8%  DbeSdr0uWQe
tesla_garden                  217     10   4.6%  DbvPXOBPRP8
brinicle_grove                184      1   0.5%  DcWuv6DhbSb
dollhouse                     174      4   2.3%  DbfylfKtqYd
whale_fall_republic           170      5   2.9%  DcY5PRHxbtQ
cinder_veil                   168      1   0.6%  Db_wy6SMj1f
velvet_atlas                  167      6   3.6%  DbwUB8zQlsm
cartographer                  167      5   3.0%  DbdS6MlhTBU
chameleon_prism               164      4   2.4%  DcSp1LvuwkB
tide_glass                    164      2   1.2%  Db-sIZ8JNWA
glass_apiary                  162      3   1.9%  DbrKbv5BzMr
frost_window                  162      2   1.2%  DbolpFYs3Tq
moth_orchard_night            161      7   4.3%  DcE6Y9Murh5
ink_dynasty                   156      8   5.1%  Db1dnXug0Om
resonance_hall                155      4   2.6%  Db9L_ofszjn
chalkboard_infinities         153      4   2.6%  Dby40v0t29S
abyssal_chandelier            151      2   1.3%  DcCVl5qtz4w
quantum_orrery                150      3   2.0%  DbqFxM6R-lR
pollen_court                  149      4   2.7%  DbtvOrQMd-j
jade_automata                 143      9   6.3%  DbjcDhyO_9n
ivory_gambit                  141      3   2.1%  DcD1ubzp9IM
lather_atlas                  140      2   1.4%  Dbng-e1hZRb
lichen_moor                   130      2   1.5%  Db29vr7gb7Y

snapshot appended to outbox/ig_stats.jsonl (36 rows)
journey                 views  reach  shr  sav  fol    watch   avg
squid_lantern            2991   2170    7   10   14     223m    6s
night_bloom_remix        2091   1370    6    6    2     416m   14s
physarum_maze            1730   1430    9    8    3     203m    8s
cosmic_scales_remix      1704   1476    6    6    1     172m    7s
geode_cosmos             1518   1322    5   10    4     255m   12s
sundew_snare             1475   1327   13   11    4     134m    6s
desert_rosette           1388   1231   12    9    1     196m    9s
salt_mirror               644    537    1    0    2      73m    8s
mineral_heart             579    488    4    5    8     155m   18s
cave_of_numbers           369    320    0    1    1     217m   40s
copper_rain               324    260    1    2    1     494m  109s
ember_meadow              320    268    1    2    0      64m   14s
butterfly_meridian        310    285    1    0    2     121m   26s
sugar_nebula              274    219    1    1    0      73m   20s
circuit_city              252    226    2    3    1      30m    8s
food_chain                240    199    0    0    0      26m    8s
tesla_garden              217    191    1    1    1     405m  119s
?                         205    173    1    2    0      23m    7s
brinicle_grove            184    156    1    0    0      18m    7s
dollhouse                 174    141    0    2    0      98m   43s
whale_fall_republic       170    151    1    2    1      14m    6s
cinder_veil               168    149    2    0    1     144m   56s
velvet_atlas              167    134    0    1    0     222m   94s
?                         167    129    0    0    0      14m    6s
cartographer              167    136    0    2    0      13m    6s
?                         167    129    0    0    0      14m    6s
snowfall                  166    128    0    1    0      19m    8s
chameleon_prism           164    153    1    1    1     183m   66s
tide_glass                164    151    2    0    1      51m   19s
glass_apiary              162    139    0    0    0     757m  305s
frost_window              162    139    0    1    0     688m  285s
moth_orchard_night        161    135    0    0    0      15m    6s
ink_dynasty               156    139    0    2    0     108m   47s
resonance_hall            155    138    2    1    1      14m    6s
chalkboard_infinities     153    125    0    0    0     726m  328s
abyssal_chandelier        151    132    2    2    0     111m   47s
midnight_kitchen          151    128    2    0    0      11m    5s
quantum_orrery            150    141    0    1    0     512m  213s
pollen_court              149    137    0    0    0     689m  291s
jade_automata             143    122    2    1    1     142m   60s
ivory_gambit              141    130    3    1    0      15m    6s
lather_atlas              140    129    0    0    0       9m    5s
lichen_moor               130    116    0    0    0     158m   80s
alexandria                130    110    1    1    0      10m    5s
tide_of_life               78     69    0    0    0       9m    7s
night_bloom                69     51    0    0    0      12m   13s

appended 46 rows to outbox/ig_insights.jsonl
followers: 62   ('62 Followers, 14 Following, 46 Posts - See Instagram photos and videos from Powe')
reels on grid: 36 (trusted-hover pass, 36 with likes)

journey                     views  likes  like%  code
squid_lantern                2991     59   2.0%  DcKg2bhhBG0
night_bloom_remix            2091     28   1.3%  Dbg3QOnxpQi
physarum_maze                1736     32   1.8%  DcUsSy3pWpB
geode_cosmos                 1518     33   2.2%  DcGahIISzJw
sundew_snare                 1485     74   5.0%  DcMilj8BvPm
desert_rosette               1390     35   2.5%  DcQnXQrhkHn
salt_mirror                   644      1   0.2%  DcBQ7cpxIRg
mineral_heart                 579     17   2.9%  Dbk8L2hpUfz
cave_of_numbers               369      5   1.4%  DbmA2MBQ0Ft
copper_rain                   324      8   2.5%  DbsqkAqu7OB
ember_meadow                  320      6   1.9%  DcOk8BQACG5
butterfly_meridian            310     15   4.8%  DbiXYvTxGr9
sugar_nebula                  274      1   0.4%  Db0Y8-qO1-Q
circuit_city                  252      7   2.8%  DbeSdr0uWQe
tesla_garden                  217     10   4.6%  DbvPXOBPRP8
brinicle_grove                185      1   0.5%  DcWuv6DhbSb
whale_fall_republic           183      5   2.7%  DcY5PRHxbtQ
dollhouse                     174      4   2.3%  DbfylfKtqYd
cinder_veil                   168      1   0.6%  Db_wy6SMj1f
velvet_atlas                  167      6   3.6%  DbwUB8zQlsm
tide_glass                    166      2   1.2%  Db-sIZ8JNWA
chameleon_prism               164      4   2.4%  DcSp1LvuwkB
glass_apiary                  162      3   1.9%  DbrKbv5BzMr
frost_window                  162      2   1.2%  DbolpFYs3Tq
moth_orchard_night            161      7   4.3%  DcE6Y9Murh5
resonance_hall                156      4   2.6%  Db9L_ofszjn
ink_dynasty                   156      8   5.1%  Db1dnXug0Om
chalkboard_infinities         153      4   2.6%  Dby40v0t29S
abyssal_chandelier            151      2   1.3%  DcCVl5qtz4w
quantum_orrery                150      3   2.0%  DbqFxM6R-lR
pollen_court                  149      4   2.7%  DbtvOrQMd-j
ivory_gambit                  144      3   2.1%  DcD1ubzp9IM
jade_automata                 143      9   6.3%  DbjcDhyO_9n
lather_atlas                  140      2   1.4%  Dbng-e1hZRb
lichen_moor                   130      2   1.5%  Db29vr7gb7Y
caddis_masonry                121      3   2.5%  Dca_2VJRSs1

snapshot appended to outbox/ig_stats.jsonl (36 rows)
journey                 views  reach  shr  sav  fol    watch   avg
squid_lantern            2991   2170    7   10   14     223m    6s
night_bloom_remix        2091   1370    6    6    2     416m   14s
physarum_maze            1736   1438    9    8    3     203m    8s
cosmic_scales_remix      1704   1476    6    6    1     172m    7s
geode_cosmos             1518   1322    5   10    4     255m   12s
sundew_snare             1485   1337   13   11    4     135m    6s
desert_rosette           1390   1231   12    9    1     196m    9s
salt_mirror               644    537    1    0    2      73m    8s
mineral_heart             579    488    4    5    8     155m   18s
cave_of_numbers           369    320    0    1    1     217m   40s
copper_rain               324    260    1    2    1     494m  109s
ember_meadow              320    268    1    2    0      64m   14s
butterfly_meridian        310    285    1    0    2     121m   26s
sugar_nebula              274    219    1    1    0      73m   20s
circuit_city              252    226    2    3    1      30m    8s
food_chain                240    199    0    0    0      26m    8s
tesla_garden              217    191    1    1    1     405m  119s
brinicle_grove            185    157    1    0    0      18m    7s
whale_fall_republic       183    161    1    2    1      18m    7s
dollhouse                 174    141    0    2    0      98m   43s
cinder_veil               168    150    2    0    1     144m   56s
velvet_atlas              167    134    0    1    0     222m   94s
cartographer              167    136    0    2    0      13m    6s
?                         167    129    0    0    0      14m    6s
tide_glass                166    152    2    0    1      52m   19s
snowfall                  166    128    0    1    0      19m    8s
chameleon_prism           164    153    1    1    1     183m   66s
glass_apiary              162    139    0    0    0     757m  305s
frost_window              162    139    0    1    0     688m  285s
moth_orchard_night        161    135    0    0    0      15m    6s
resonance_hall            156    139    2    1    1      14m    6s
ink_dynasty               156    139    0    2    0     108m   47s
chalkboard_infinities     153    125    0    0    0     726m  328s
abyssal_chandelier        151    132    2    2    0     111m   47s
midnight_kitchen          151    128    2    0    0      11m    5s
quantum_orrery            150    141    0    1    0     512m  213s
pollen_court              149    137    0    0    0     689m  291s
ivory_gambit              144    131    3    1    0      15m    6s
jade_automata             143    122    2    1    1     142m   60s
lather_atlas              140    129    0    0    0       9m    5s
lichen_moor               130    116    0    0    0     158m   80s
alexandria                130    110    1    1    0      10m    5s
?                         121    110    0    0    0      14m    8s
tide_of_life               78     69    0    0    0       9m    7s
night_bloom                69     51    0    0    0      12m   13s

appended 45 rows to outbox/ig_insights.jsonl
followers: 63   ('63 Followers, 14 Following, 47 Posts - See Instagram photos and videos from Powe')
reels on grid: 47 (trusted-hover pass, 47 with likes)

journey                     views  likes  like%  code
squid_lantern                2991     59   2.0%  DcKg2bhhBG0
night_bloom_remix            2091     28   1.3%  Dbg3QOnxpQi
physarum_maze                1741     32   1.8%  DcUsSy3pWpB
cosmic_scales_remix          1705     28   1.6%  DbbtqMVtunf
geode_cosmos                 1518     33   2.2%  DcGahIISzJw
sundew_snare                 1488     75   5.0%  DcMilj8BvPm
desert_rosette               1391     35   2.5%  DcQnXQrhkHn
salt_mirror                   644      1   0.2%  DcBQ7cpxIRg
mineral_heart                 579     17   2.9%  Dbk8L2hpUfz
cave_of_numbers               369      5   1.4%  DbmA2MBQ0Ft
copper_rain                   324      8   2.5%  DbsqkAqu7OB
ember_meadow                  320      6   1.9%  DcOk8BQACG5
butterfly_meridian            310     15   4.8%  DbiXYvTxGr9
sugar_nebula                  274      1   0.4%  Db0Y8-qO1-Q
circuit_city                  252      7   2.8%  DbeSdr0uWQe
food_chain                    240      2   0.8%  DbZI3tOMPqL
tesla_garden                  217     10   4.6%  DbvPXOBPRP8
?                             205      2   1.0%  DbRslvuJmwq
whale_fall_republic           192      5   2.6%  DcY5PRHxbtQ
brinicle_grove                190      1   0.5%  DcWuv6DhbSb
dollhouse                     174      4   2.3%  DbfylfKtqYd
cinder_veil                   168      1   0.6%  Db_wy6SMj1f
velvet_atlas                  167      6   3.6%  DbwUB8zQlsm
cartographer                  167      5   3.0%  DbdS6MlhTBU
?                             167      3   1.8%  DbUAppwshJV
tide_glass                    166      2   1.2%  Db-sIZ8JNWA
snowfall                      166      3   1.8%  Dba1KIBhz3b
chameleon_prism               164      4   2.4%  DcSp1LvuwkB
glass_apiary                  162      3   1.9%  DbrKbv5BzMr
frost_window                  162      2   1.2%  DbolpFYs3Tq
moth_orchard_night            161      7   4.3%  DcE6Y9Murh5
caddis_masonry                160      3   1.9%  Dca_2VJRSs1
resonance_hall                157      4   2.5%  Db9L_ofszjn
ink_dynasty                   156      8   5.1%  Db1dnXug0Om
chalkboard_infinities         153      4   2.6%  Dby40v0t29S
abyssal_chandelier            151      2   1.3%  DcCVl5qtz4w
midnight_kitchen              151      4   2.6%  DbTB20SvVx6
?                             150      1   0.7%  DccarGtgKjB
quantum_orrery                150      3   2.0%  DbqFxM6R-lR
pollen_court                  149      4   2.7%  DbtvOrQMd-j
ivory_gambit                  144      3   2.1%  DcD1ubzp9IM
jade_automata                 143      9   6.3%  DbjcDhyO_9n
lather_atlas                  140      2   1.4%  Dbng-e1hZRb
lichen_moor                   130      2   1.5%  Db29vr7gb7Y
alexandria                    130      4   3.1%  DbYP5WcutsC
tide_of_life                   78      2   2.6%  DbVob6pJnSg
alexandria                     69      2   2.9%  DbWkGPOBLzg

snapshot appended to outbox/ig_stats.jsonl (47 rows)
journey                 views  reach  shr  sav  fol    watch   avg
squid_lantern            2991   2170    7   10   14     223m    6s
night_bloom_remix        2091   1370    6    6    2     416m   14s
physarum_maze            1741   1440    9    8    3     205m    9s
cosmic_scales_remix      1705   1476    6    6    1     172m    7s
geode_cosmos             1518   1322    5   10    4     255m   12s
sundew_snare             1488   1341   13   11    4     136m    6s
desert_rosette           1391   1231   12    9    1     196m    9s
salt_mirror               644    537    1    0    2      73m    8s
mineral_heart             579    488    4    5    8     155m   18s
cave_of_numbers           369    320    0    1    1     217m   40s
copper_rain               324    260    1    2    1     494m  109s
ember_meadow              320    268    1    2    0      64m   14s
butterfly_meridian        310    285    1    0    2     121m   25s
sugar_nebula              274    219    1    1    0      73m   20s
circuit_city              252    226    2    3    1      30m    8s
food_chain                240    199    0    0    0      26m    8s
tesla_garden              217    191    1    1    1     405m  119s
whale_fall_republic       192    166    1    2    1      19m    7s
brinicle_grove            190    158    1    0    0      18m    7s
dollhouse                 174    141    0    2    0      98m   43s
cinder_veil               168    150    2    0    1     144m   56s
velvet_atlas              167    134    0    1    0     222m   94s
cartographer              167    136    0    2    0      13m    6s
?                         167    129    0    0    0      14m    6s
?                         167    129    0    0    0      14m    6s
tide_glass                166    152    2    0    1      52m   19s
snowfall                  166    128    0    1    0      19m    8s
chameleon_prism           164    153    1    1    1     184m   66s
glass_apiary              162    139    0    0    0     757m  305s
frost_window              162    139    0    1    0     688m  285s
moth_orchard_night        161    135    0    0    0      15m    6s
caddis_masonry            160    140    0    0    0      20m    8s
resonance_hall            157    140    2    1    1      14m    6s
ink_dynasty               156    139    0    2    0     108m   47s
chalkboard_infinities     153    125    0    0    0     726m  328s
abyssal_chandelier        151    132    2    2    0     111m   47s
midnight_kitchen          151    128    2    0    0      12m    5s
?                         150    126    0    0    0      11m    5s
quantum_orrery            150    141    0    1    0     512m  213s
pollen_court              149    137    0    0    0     689m  291s
ivory_gambit              144    131    3    1    0      15m    6s
jade_automata             143    122    2    1    1     142m   60s
lather_atlas              140    129    0    0    0       9m    5s
lichen_moor               130    116    0    0    0     158m   80s
alexandria                130    110    1    1    0      10m    5s
tide_of_life               78     69    0    0    0       9m    7s
night_bloom                69     51    0    0    0      12m   13s

appended 47 rows to outbox/ig_insights.jsonl
followers: 63   ('63 Followers, 14 Following, 47 Posts - See Instagram photos and videos from Powe')
reels on grid: 47 (trusted-hover pass, 47 with likes)

journey                     views  likes  like%  code
squid_lantern                2991     59   2.0%  DcKg2bhhBG0
night_bloom_remix            2091     28   1.3%  Dbg3QOnxpQi
physarum_maze                1742     32   1.8%  DcUsSy3pWpB
cosmic_scales_remix          1705     28   1.6%  DbbtqMVtunf
geode_cosmos                 1518     33   2.2%  DcGahIISzJw
sundew_snare                 1491     75   5.0%  DcMilj8BvPm
desert_rosette               1391     35   2.5%  DcQnXQrhkHn
salt_mirror                   644      1   0.2%  DcBQ7cpxIRg
mineral_heart                 579     17   2.9%  Dbk8L2hpUfz
cave_of_numbers               369      5   1.4%  DbmA2MBQ0Ft
copper_rain                   324      8   2.5%  DbsqkAqu7OB
ember_meadow                  320      6   1.9%  DcOk8BQACG5
butterfly_meridian            310     15   4.8%  DbiXYvTxGr9
sugar_nebula                  274      1   0.4%  Db0Y8-qO1-Q
circuit_city                  252      7   2.8%  DbeSdr0uWQe
food_chain                    240      2   0.8%  DbZI3tOMPqL
tesla_garden                  217     10   4.6%  DbvPXOBPRP8
?                             205      2   1.0%  DbRslvuJmwq
?                             195      1   0.5%  DccarGtgKjB
brinicle_grove                195      1   0.5%  DcWuv6DhbSb
whale_fall_republic           192      5   2.6%  DcY5PRHxbtQ
dollhouse                     174      4   2.3%  DbfylfKtqYd
caddis_masonry                168      3   1.8%  Dca_2VJRSs1
cinder_veil                   168      1   0.6%  Db_wy6SMj1f
velvet_atlas                  167      6   3.6%  DbwUB8zQlsm
cartographer                  167      5   3.0%  DbdS6MlhTBU
?                             167      3   1.8%  DbUAppwshJV
tide_glass                    166      2   1.2%  Db-sIZ8JNWA
snowfall                      166      3   1.8%  Dba1KIBhz3b
moth_orchard_night            165      7   4.2%  DcE6Y9Murh5
chameleon_prism               164      4   2.4%  DcSp1LvuwkB
glass_apiary                  162      3   1.9%  DbrKbv5BzMr
frost_window                  162      2   1.2%  DbolpFYs3Tq
resonance_hall                157      4   2.5%  Db9L_ofszjn
ink_dynasty                   156      8   5.1%  Db1dnXug0Om
chalkboard_infinities         153      4   2.6%  Dby40v0t29S
abyssal_chandelier            151      2   1.3%  DcCVl5qtz4w
midnight_kitchen              151      4   2.6%  DbTB20SvVx6
quantum_orrery                150      3   2.0%  DbqFxM6R-lR
pollen_court                  149      4   2.7%  DbtvOrQMd-j
ivory_gambit                  144      3   2.1%  DcD1ubzp9IM
jade_automata                 143      9   6.3%  DbjcDhyO_9n
lather_atlas                  140      2   1.4%  Dbng-e1hZRb
lichen_moor                   130      2   1.5%  Db29vr7gb7Y
alexandria                    130      4   3.1%  DbYP5WcutsC
tide_of_life                   78      2   2.6%  DbVob6pJnSg
alexandria                     69      2   2.9%  DbWkGPOBLzg

snapshot appended to outbox/ig_stats.jsonl (47 rows)
journey                 views  reach  shr  sav  fol    watch   avg
squid_lantern            2991   2170    ?    ?    ?        ?    ?s
night_bloom_remix        2091   1370    6    6    2     416m   14s
physarum_maze            1742   1440    ?    ?    ?        ?    ?s
cosmic_scales_remix      1705   1476    6    6    1     172m    7s
geode_cosmos             1518   1322    ?    ?    ?        ?    ?s
sundew_snare             1491   1343    ?    ?    ?        ?    ?s
desert_rosette           1391   1231    ?    ?    ?        ?    ?s
salt_mirror               644    537    1    0    2      73m    8s
mineral_heart             579    488    4    5    8     155m   18s
cave_of_numbers           369    320    0    1    1     217m   40s
copper_rain               324    260    1    2    1     494m  109s
ember_meadow              320    268    ?    ?    ?        ?    ?s
butterfly_meridian        310    285    1    0    2     121m   25s
sugar_nebula              274    219    1    1    0      73m   20s
circuit_city              252    226    2    3    1      30m    8s
food_chain                240    199    0    0    0      26m    8s
tesla_garden              217    191    1    1    1     405m  119s
?                         195    163    ?    ?    ?        ?    ?s
brinicle_grove            195    159    ?    ?    ?        ?    ?s
?                         195    163    ?    ?    ?        ?    ?s
whale_fall_republic       192    166    ?    ?    ?        ?    ?s
dollhouse                 174    141    0    2    0      98m   43s
caddis_masonry            168    149    ?    ?    ?        ?    ?s
cinder_veil               168    150    2    0    1     144m   56s
velvet_atlas              167    134    0    1    0     222m   94s
cartographer              167    136    0    2    0      13m    6s
tide_glass                166    152    2    0    1      52m   19s
snowfall                  166    128    0    1    0      19m    8s
moth_orchard_night        165    136    ?    ?    ?        ?    ?s
chameleon_prism           164    153    ?    ?    ?        ?    ?s
glass_apiary              162    139    0    0    0     757m  305s
frost_window              162    139    0    1    0     688m  285s
resonance_hall            157    140    2    1    1      14m    6s
ink_dynasty               156    139    0    2    0     108m   47s
chalkboard_infinities     153    125    0    0    0     726m  328s
abyssal_chandelier        151    132    ?    ?    ?        ?    ?s
quantum_orrery            150    141    0    1    0     512m  213s
pollen_court              149    137    0    0    0     689m  291s
ivory_gambit              144    131    ?    ?    ?        ?    ?s
jade_automata             143    122    2    1    1     142m   60s
lather_atlas              140    129    0    0    0       9m    5s
lichen_moor               130    116    0    0    0     158m   80s
alexandria                130    110    1    1    0      10m    5s
tide_of_life               78     69    0    0    0       9m    7s
night_bloom                69     51    0    0    0      12m   13s

appended 45 rows to outbox/ig_insights.jsonl
followers: 63   ('63 Followers, 14 Following, 48 Posts - See Instagram photos and videos from Powe')
reels on grid: 48 (trusted-hover pass, 48 with likes)

journey                     views  likes  like%  code
squid_lantern                2991     59   2.0%  DcKg2bhhBG0
night_bloom_remix            2091     28   1.3%  Dbg3QOnxpQi
physarum_maze                1747     32   1.8%  DcUsSy3pWpB
cosmic_scales_remix          1705     28   1.6%  DbbtqMVtunf
geode_cosmos                 1518     33   2.2%  DcGahIISzJw
sundew_snare                 1493     75   5.0%  DcMilj8BvPm
desert_rosette               1392     35   2.5%  DcQnXQrhkHn
salt_mirror                   644      1   0.2%  DcBQ7cpxIRg
mineral_heart                 579     17   2.9%  Dbk8L2hpUfz
cave_of_numbers               369      5   1.4%  DbmA2MBQ0Ft
copper_rain                   324      8   2.5%  DbsqkAqu7OB
ember_meadow                  320      6   1.9%  DcOk8BQACG5
butterfly_meridian            310     15   4.8%  DbiXYvTxGr9
sugar_nebula                  274      1   0.4%  Db0Y8-qO1-Q
circuit_city                  252      7   2.8%  DbeSdr0uWQe
food_chain                    240      2   0.8%  DbZI3tOMPqL
tesla_garden                  217     10   4.6%  DbvPXOBPRP8
?                             206      1   0.5%  DccarGtgKjB
?                             205      2   1.0%  DbRslvuJmwq
brinicle_grove                199      1   0.5%  DcWuv6DhbSb
whale_fall_republic           197      5   2.5%  DcY5PRHxbtQ
dollhouse                     174      4   2.3%  DbfylfKtqYd
caddis_masonry                172      3   1.7%  Dca_2VJRSs1
cinder_veil                   168      1   0.6%  Db_wy6SMj1f
velvet_atlas                  167      6   3.6%  DbwUB8zQlsm
cartographer                  167      5   3.0%  DbdS6MlhTBU
?                             167      3   1.8%  DbUAppwshJV
tide_glass                    166      2   1.2%  Db-sIZ8JNWA
snowfall                      166      3   1.8%  Dba1KIBhz3b
chameleon_prism               165      4   2.4%  DcSp1LvuwkB
moth_orchard_night            165      7   4.2%  DcE6Y9Murh5
glass_apiary                  162      3   1.9%  DbrKbv5BzMr
frost_window                  162      2   1.2%  DbolpFYs3Tq
resonance_hall                157      4   2.5%  Db9L_ofszjn
ink_dynasty                   156      8   5.1%  Db1dnXug0Om
chalkboard_infinities         153      4   2.6%  Dby40v0t29S
abyssal_chandelier            151      2   1.3%  DcCVl5qtz4w
midnight_kitchen              151      4   2.6%  DbTB20SvVx6
quantum_orrery                150      3   2.0%  DbqFxM6R-lR
pollen_court                  149      4   2.7%  DbtvOrQMd-j
ivory_gambit                  144      3   2.1%  DcD1ubzp9IM
jade_automata                 143      9   6.3%  DbjcDhyO_9n
lather_atlas                  140      2   1.4%  Dbng-e1hZRb
lichen_moor                   130      2   1.5%  Db29vr7gb7Y
alexandria                    130      4   3.1%  DbYP5WcutsC
?                              87      1   1.1%  Dce_d_qOwVA
tide_of_life                   78      2   2.6%  DbVob6pJnSg
alexandria                     69      2   2.9%  DbWkGPOBLzg

snapshot appended to outbox/ig_stats.jsonl (48 rows)
journey                 views  reach  shr  sav  fol    watch   avg
squid_lantern            2991   2170    7   10   14     223m    6s
night_bloom_remix        2091   1370    6    6    2     416m   14s
physarum_maze            1747   1440    9    8    3     206m    9s
cosmic_scales_remix      1705   1476    6    6    1     172m    7s
geode_cosmos             1518   1322    5   10    4     255m   12s
sundew_snare             1493   1345   13   11    4     136m    6s
desert_rosette           1392   1231   12    9    1     196m    9s
salt_mirror               644    537    1    0    2      73m    8s
mineral_heart             579    488    4    5    8     155m   18s
cave_of_numbers           369    320    0    1    1     217m   40s
copper_rain               324    260    1    2    1     494m  109s
ember_meadow              320    268    1    2    0      64m   14s
butterfly_meridian        310    285    1    0    2     121m   25s
sugar_nebula              274    219    1    1    0      73m   20s
circuit_city              252    226    2    3    1      30m    8s
food_chain                240    199    0    0    0      26m    8s
tesla_garden              217    191    1    1    1     405m  119s
?                         206    172    0    0    0      15m    5s
brinicle_grove            199    159    1    0    0      19m    7s
whale_fall_republic       197    167    1    2    1      20m    7s
dollhouse                 174    141    0    2    0      98m   43s
caddis_masonry            172    152    0    0    0      21m    8s
cinder_veil               168    150    2    0    1     144m   56s
velvet_atlas              167    134    0    1    0     222m   94s
cartographer              167    136    0    2    0      13m    6s
tide_glass                166    152    2    0    1      52m   19s
snowfall                  166    128    0    1    0      19m    8s
chameleon_prism           165    154    1    1    1     184m   66s
moth_orchard_night        165    136    0    0    0      15m    6s
glass_apiary              162    139    0    0    0     757m  305s
frost_window              162    139    0    1    0     688m  285s
resonance_hall            157    140    2    1    1      14m    6s
ink_dynasty               156    139    0    2    0     108m   47s
chalkboard_infinities     153    125    0    0    0     726m  328s
abyssal_chandelier        151    132    2    2    0     111m   47s
quantum_orrery            150    141    0    1    0     512m  213s
pollen_court              149    137    0    0    0     689m  291s
ivory_gambit              144    131    3    1    0      15m    6s
jade_automata             143    122    2    1    1     142m   60s
lather_atlas              140    129    0    0    0       9m    5s
lichen_moor               130    116    0    0    0     158m   80s
alexandria                130    110    1    1    0      10m    5s
?                          87     80    0    1    0       6m    5s
night_bloom                69     51    0    0    0      12m   13s

appended 44 rows to outbox/ig_insights.jsonl
followers: 63   ('63 Followers, 14 Following, 49 Posts - See Instagram photos and videos from Powe')
reels on grid: 45 (trusted-hover pass, 45 with likes)

journey                     views  likes  like%  code
squid_lantern                2992     59   2.0%  DcKg2bhhBG0
night_bloom_remix            2091     28   1.3%  Dbg3QOnxpQi
physarum_maze                1747     32   1.8%  DcUsSy3pWpB
cosmic_scales_remix          1705     28   1.6%  DbbtqMVtunf
geode_cosmos                 1518     33   2.2%  DcGahIISzJw
sundew_snare                 1493     75   5.0%  DcMilj8BvPm
desert_rosette               1394     35   2.5%  DcQnXQrhkHn
salt_mirror                   644      1   0.2%  DcBQ7cpxIRg
mineral_heart                 579     17   2.9%  Dbk8L2hpUfz
cave_of_numbers               369      5   1.4%  DbmA2MBQ0Ft
copper_rain                   324      8   2.5%  DbsqkAqu7OB
ember_meadow                  320      6   1.9%  DcOk8BQACG5
butterfly_meridian            310     15   4.8%  DbiXYvTxGr9
sugar_nebula                  274      1   0.4%  Db0Y8-qO1-Q
circuit_city                  252      7   2.8%  DbeSdr0uWQe
food_chain                    240      2   0.8%  DbZI3tOMPqL
tesla_garden                  217     10   4.6%  DbvPXOBPRP8
peony_shell                   213      1   0.5%  DccarGtgKjB
brinicle_grove                199      1   0.5%  DcWuv6DhbSb
whale_fall_republic           197      5   2.5%  DcY5PRHxbtQ
dollhouse                     174      4   2.3%  DbfylfKtqYd
caddis_masonry                172      3   1.7%  Dca_2VJRSs1
cinder_veil                   168      1   0.6%  Db_wy6SMj1f
velvet_atlas                  167      6   3.6%  DbwUB8zQlsm
cartographer                  167      5   3.0%  DbdS6MlhTBU
moth_orchard_night            166      7   4.2%  DcE6Y9Murh5
tide_glass                    166      2   1.2%  Db-sIZ8JNWA
snowfall                      166      3   1.8%  Dba1KIBhz3b
chameleon_prism               165      4   2.4%  DcSp1LvuwkB
glass_apiary                  162      3   1.9%  DbrKbv5BzMr
frost_window                  162      2   1.2%  DbolpFYs3Tq
resonance_hall                157      4   2.5%  Db9L_ofszjn
ink_dynasty                   156      8   5.1%  Db1dnXug0Om
chalkboard_infinities         153      4   2.6%  Dby40v0t29S
abyssal_chandelier            151      2   1.3%  DcCVl5qtz4w
quantum_orrery                151      3   2.0%  DbqFxM6R-lR
pollen_court                  149      4   2.7%  DbtvOrQMd-j
ivory_gambit                  144      3   2.1%  DcD1ubzp9IM
jade_automata                 143      9   6.3%  DbjcDhyO_9n
lather_atlas                  140      2   1.4%  Dbng-e1hZRb
termite_citadel               136      2   1.5%  Dce_d_qOwVA
lichen_moor                   130      2   1.5%  Db29vr7gb7Y
alexandria                    130      4   3.1%  DbYP5WcutsC
lantern_mangrove               80      2   2.5%  DcgRKhzODHi
alexandria                     70      2   2.9%  DbWkGPOBLzg

snapshot appended to outbox/ig_stats.jsonl (45 rows)
journey                 views  reach  shr  sav  fol    watch   avg
squid_lantern            2992   2170    ?    ?    ?        ?    ?s
night_bloom_remix        2091   1370    6    6    2     416m   14s
physarum_maze            1747   1440    ?    ?    ?        ?    ?s
cosmic_scales_remix      1705   1476    6    6    1     172m    7s
geode_cosmos             1518   1322    ?    ?    ?        ?    ?s
sundew_snare             1493   1345    ?    ?    ?        ?    ?s
desert_rosette           1394   1231    ?    ?    ?        ?    ?s
salt_mirror               644    537    1    0    2      73m    8s
mineral_heart             579    488    4    5    8     155m   18s
cave_of_numbers           369    320    0    1    1     217m   40s
copper_rain               324    260    1    2    1     494m  109s
ember_meadow              320    268    ?    ?    ?        ?    ?s
butterfly_meridian        310    285    1    0    2     121m   25s
sugar_nebula              274    219    1    1    0      73m   20s
circuit_city              252    226    2    3    1      30m    8s
food_chain                240    199    0    0    0      26m    8s
tesla_garden              217    191    1    1    1     405m  119s
peony_shell               213    177    ?    ?    ?        ?    ?s
brinicle_grove            199    159    ?    ?    ?        ?    ?s
whale_fall_republic       197    167    ?    ?    ?        ?    ?s
dollhouse                 174    141    0    2    0      98m   43s
caddis_masonry            172    152    ?    ?    ?        ?    ?s
cinder_veil               168    150    2    0    1     144m   56s
velvet_atlas              167    134    0    1    0     222m   94s
cartographer              167    136    0    2    0      13m    6s
moth_orchard_night        166    136    ?    ?    ?        ?    ?s
tide_glass                166    152    2    0    1      52m   19s
snowfall                  166    128    0    1    0      19m    8s
chameleon_prism           165    154    ?    ?    ?        ?    ?s
glass_apiary              162    139    0    0    0     757m  305s
frost_window              162    139    0    1    0     688m  285s
resonance_hall            157    140    2    1    1      14m    6s
ink_dynasty               156    139    0    2    0     108m   47s
chalkboard_infinities     153    125    0    0    0     726m  328s
abyssal_chandelier        151    132    2    2    0     111m   47s
quantum_orrery            151    141    0    1    0     512m  212s
pollen_court              149    137    0    0    0     689m  291s
ivory_gambit              144    131    3    1    0      15m    6s
jade_automata             143    122    2    1    1     142m   60s
lather_atlas              140    129    0    0    0       9m    5s
termite_citadel           136    122    ?    ?    ?        ?    ?s
lichen_moor               130    116    0    0    0     158m   80s
alexandria                130    110    1    1    0      10m    5s
lantern_mangrove           81     65    ?    ?    ?        ?    ?s

appended 44 rows to outbox/ig_insights.jsonl
followers: 63   ('63 Followers, 14 Following, 50 Posts - See Instagram photos and videos from Powe')
reels on grid: 50 (trusted-hover pass, 50 with likes)

journey                     views  likes  like%  code
squid_lantern                2992     59   2.0%  DcKg2bhhBG0
night_bloom_remix            2091     28   1.3%  Dbg3QOnxpQi
physarum_maze                1748     32   1.8%  DcUsSy3pWpB
cosmic_scales_remix          1705     28   1.6%  DbbtqMVtunf
geode_cosmos                 1519     33   2.2%  DcGahIISzJw
sundew_snare                 1493     75   5.0%  DcMilj8BvPm
desert_rosette               1394     35   2.5%  DcQnXQrhkHn
salt_mirror                   644      1   0.2%  DcBQ7cpxIRg
mineral_heart                 579     17   2.9%  Dbk8L2hpUfz
cave_of_numbers               369      5   1.4%  DbmA2MBQ0Ft
copper_rain                   324      8   2.5%  DbsqkAqu7OB
ember_meadow                  320      6   1.9%  DcOk8BQACG5
butterfly_meridian            310     15   4.8%  DbiXYvTxGr9
sugar_nebula                  274      1   0.4%  Db0Y8-qO1-Q
circuit_city                  252      7   2.8%  DbeSdr0uWQe
food_chain                    240      2   0.8%  DbZI3tOMPqL
tesla_garden                  217     10   4.6%  DbvPXOBPRP8
peony_shell                   214      1   0.5%  DccarGtgKjB
?                             205      2   1.0%  DbRslvuJmwq
brinicle_grove                200      1   0.5%  DcWuv6DhbSb
whale_fall_republic           198      5   2.5%  DcY5PRHxbtQ
vesper_flight                 184      6   3.3%  DchCOAOhmDn
lantern_mangrove              178      5   2.8%  DcgRKhzODHi
dollhouse                     174      4   2.3%  DbfylfKtqYd
caddis_masonry                173      3   1.7%  Dca_2VJRSs1
chameleon_prism               168      4   2.4%  DcSp1LvuwkB
cinder_veil                   168      1   0.6%  Db_wy6SMj1f
velvet_atlas                  167      6   3.6%  DbwUB8zQlsm
cartographer                  167      5   3.0%  DbdS6MlhTBU
?                             167      3   1.8%  DbUAppwshJV
moth_orchard_night            166      7   4.2%  DcE6Y9Murh5
tide_glass                    166      2   1.2%  Db-sIZ8JNWA
snowfall                      166      3   1.8%  Dba1KIBhz3b
glass_apiary                  162      3   1.9%  DbrKbv5BzMr
frost_window                  162      2   1.2%  DbolpFYs3Tq
resonance_hall                157      4   2.5%  Db9L_ofszjn
ink_dynasty                   156      8   5.1%  Db1dnXug0Om
chalkboard_infinities         153      4   2.6%  Dby40v0t29S
abyssal_chandelier            151      2   1.3%  DcCVl5qtz4w
quantum_orrery                151      3   2.0%  DbqFxM6R-lR
midnight_kitchen              151      4   2.6%  DbTB20SvVx6
pollen_court                  149      4   2.7%  DbtvOrQMd-j
ivory_gambit                  144      3   2.1%  DcD1ubzp9IM
jade_automata                 143      9   6.3%  DbjcDhyO_9n
lather_atlas                  140      2   1.4%  Dbng-e1hZRb
termite_citadel               137      2   1.5%  Dce_d_qOwVA
lichen_moor                   130      2   1.5%  Db29vr7gb7Y
alexandria                    130      4   3.1%  DbYP5WcutsC
tide_of_life                   78      2   2.6%  DbVob6pJnSg
alexandria                     70      2   2.9%  DbWkGPOBLzg

snapshot appended to outbox/ig_stats.jsonl (50 rows)
journey                 views  reach  shr  sav  fol    watch   avg
squid_lantern            2992   2170    7   10   14     224m    6s
night_bloom_remix        2091   1370    6    6    2     416m   14s
physarum_maze            1748   1442    9    8    3     206m    9s
cosmic_scales_remix      1705   1476    6    6    1     172m    7s
geode_cosmos             1519   1324    5   10    4     255m   11s
sundew_snare             1493   1345   13   11    4     136m    6s
desert_rosette           1394   1231   12    9    1     196m    9s
salt_mirror               644    537    1    0    2      73m    8s
mineral_heart             579    488    4    5    8     155m   18s
cave_of_numbers           369    320    0    1    1     217m   40s
copper_rain               324    260    1    2    1     494m  109s
ember_meadow              320    268    1    2    0      64m   14s
butterfly_meridian        310    285    1    0    2     121m   25s
sugar_nebula              274    219    1    1    0      73m   20s
circuit_city              252    226    2    3    1      30m    8s
food_chain                240    199    0    0    0      26m    8s
tesla_garden              217    191    1    1    1     405m  119s
peony_shell               214    178    0    0    0      17m    6s
brinicle_grove            200    160    1    0    0      20m    7s
whale_fall_republic       198    168    1    2    1      20m    7s
vesper_flight             184    162    0    1    0      30m   11s
lantern_mangrove          178    149    0    2    0     370m  142s
dollhouse                 174    141    0    2    0      98m   43s
caddis_masonry            173    153    0    0    0      22m    8s
chameleon_prism           168    155    1    1    1     185m   66s
cinder_veil               168    150    2    0    1     144m   56s
velvet_atlas              167    134    0    1    0     222m   94s
cartographer              167    136    0    2    0      13m    6s
moth_orchard_night        166    136    0    0    0      15m    6s
tide_glass                166    152    2    0    1      52m   19s
snowfall                  166    128    0    1    0      19m    8s
glass_apiary              162    139    0    0    0     757m  305s
frost_window              162    139    0    1    0     688m  285s
resonance_hall            157    140    2    1    1      14m    6s
ink_dynasty               156    139    0    2    0     108m   47s
chalkboard_infinities     153    125    0    0    0     726m  328s
abyssal_chandelier        151    132    2    2    0     111m   47s
quantum_orrery            151    141    0    1    0     512m  212s
pollen_court              149    137    0    0    0     689m  291s
ivory_gambit              144    131    3    1    0      15m    6s
jade_automata             143    122    2    1    1     142m   60s
lather_atlas              140    129    0    0    0       9m    5s
termite_citadel           137    123    0    1    0      16m    7s
lichen_moor               130    116    0    0    0     158m   80s

appended 44 rows to outbox/ig_insights.jsonl
followers: 63   ('63 Followers, 14 Following, 51 Posts - See Instagram photos and videos from Powe')
reels on grid: 51 (trusted-hover pass, 51 with likes)

journey                     views  likes  like%  code
squid_lantern                2992     59   2.0%  DcKg2bhhBG0
night_bloom_remix            2091     28   1.3%  Dbg3QOnxpQi
physarum_maze                1748     32   1.8%  DcUsSy3pWpB
cosmic_scales_remix          1705     28   1.6%  DbbtqMVtunf
geode_cosmos                 1519     33   2.2%  DcGahIISzJw
sundew_snare                 1495     75   5.0%  DcMilj8BvPm
desert_rosette               1394     35   2.5%  DcQnXQrhkHn
lantern_mangrove              770     15   1.9%  DcgRKhzODHi
salt_mirror                   644      1   0.2%  DcBQ7cpxIRg
mineral_heart                 579     17   2.9%  Dbk8L2hpUfz
cave_of_numbers               369      5   1.4%  DbmA2MBQ0Ft
copper_rain                   325      8   2.5%  DbsqkAqu7OB
ember_meadow                  320      6   1.9%  DcOk8BQACG5
butterfly_meridian            310     15   4.8%  DbiXYvTxGr9
sugar_nebula                  274      1   0.4%  Db0Y8-qO1-Q
vesper_flight                 267      9   3.4%  DchCOAOhmDn
circuit_city                  252      7   2.8%  DbeSdr0uWQe
food_chain                    240      2   0.8%  DbZI3tOMPqL
tesla_garden                  217     10   4.6%  DbvPXOBPRP8
peony_shell                   214      1   0.5%  DccarGtgKjB
?                             205      2   1.0%  DbRslvuJmwq
brinicle_grove                200      1   0.5%  DcWuv6DhbSb
whale_fall_republic           198      5   2.5%  DcY5PRHxbtQ
dollhouse                     174      4   2.3%  DbfylfKtqYd
caddis_masonry                173      3   1.7%  Dca_2VJRSs1
chameleon_prism               168      4   2.4%  DcSp1LvuwkB
cinder_veil                   168      1   0.6%  Db_wy6SMj1f
velvet_atlas                  167      6   3.6%  DbwUB8zQlsm
cartographer                  167      5   3.0%  DbdS6MlhTBU
?                             167      3   1.8%  DbUAppwshJV
moth_orchard_night            166      7   4.2%  DcE6Y9Murh5
tide_glass                    166      2   1.2%  Db-sIZ8JNWA
snowfall                      166      3   1.8%  Dba1KIBhz3b
wild_yeast                    165      1   0.6%  DcjEaHItaFN
glass_apiary                  162      3   1.9%  DbrKbv5BzMr
frost_window                  162      2   1.2%  DbolpFYs3Tq
resonance_hall                157      4   2.5%  Db9L_ofszjn
ink_dynasty                   156      8   5.1%  Db1dnXug0Om
chalkboard_infinities         153      4   2.6%  Dby40v0t29S
abyssal_chandelier            151      2   1.3%  DcCVl5qtz4w
quantum_orrery                151      3   2.0%  DbqFxM6R-lR
midnight_kitchen              151      4   2.6%  DbTB20SvVx6
pollen_court                  149      4   2.7%  DbtvOrQMd-j
ivory_gambit                  144      3   2.1%  DcD1ubzp9IM
jade_automata                 143      9   6.3%  DbjcDhyO_9n
lather_atlas                  140      2   1.4%  Dbng-e1hZRb
termite_citadel               137      2   1.5%  Dce_d_qOwVA
lichen_moor                   130      2   1.5%  Db29vr7gb7Y
alexandria                    130      4   3.1%  DbYP5WcutsC
tide_of_life                   78      2   2.6%  DbVob6pJnSg
alexandria                     70      2   2.9%  DbWkGPOBLzg

snapshot appended to outbox/ig_stats.jsonl (51 rows)
journey                 views  reach  shr  sav  fol    watch   avg
squid_lantern            2992   2170    ?    ?    ?        ?    ?s
night_bloom_remix        2091   1370    6    6    2     416m   14s
physarum_maze            1748   1442    ?    ?    ?        ?    ?s
cosmic_scales_remix      1705   1476    6    6    1     172m    7s
geode_cosmos             1519   1324    5   10    4     255m   11s
sundew_snare             1495   1345    ?    ?    ?        ?    ?s
desert_rosette           1394   1231    ?    ?    ?        ?    ?s
lantern_mangrove          774    556    ?    ?    ?        ?    ?s
salt_mirror               644    537    1    0    2      73m    8s
mineral_heart             579    488    4    5    8     155m   18s
cave_of_numbers           369    320    0    1    1     217m   40s
copper_rain               325    260    1    2    1     494m  109s
ember_meadow              320    268    ?    ?    ?        ?    ?s
butterfly_meridian        310    285    1    0    2     121m   25s
sugar_nebula              274    219    1    1    0      73m   20s
vesper_flight             267    236    ?    ?    ?        ?    ?s
circuit_city              252    226    2    3    1      30m    8s
tesla_garden              217    191    1    1    1     405m  119s
peony_shell               214    178    ?    ?    ?        ?    ?s
brinicle_grove            200    160    ?    ?    ?        ?    ?s
whale_fall_republic       198    168    ?    ?    ?        ?    ?s
dollhouse                 174    141    0    2    0      98m   43s
caddis_masonry            173    153    ?    ?    ?        ?    ?s
chameleon_prism           168    155    ?    ?    ?        ?    ?s
cinder_veil               168    150    2    0    1     144m   56s
velvet_atlas              167    134    0    1    0     222m   94s
cartographer              167    136    0    2    0      13m    6s
tide_glass                166    152    2    0    1      52m   19s
moth_orchard_night        166    136    0    0    0      15m    6s
snowfall                  166    128    0    1    0      19m    8s
wild_yeast                165    138    ?    ?    ?        ?    ?s
glass_apiary              162    139    0    0    0     757m  305s
frost_window              162    139    0    1    0     688m  285s
resonance_hall            157    140    2    1    1      14m    6s
ink_dynasty               156    139    0    2    0     108m   47s
chalkboard_infinities     153    125    0    0    0     726m  328s
abyssal_chandelier        151    132    2    2    0     111m   47s
quantum_orrery            151    141    0    1    0     512m  212s
pollen_court              149    137    0    0    0     689m  291s
ivory_gambit              144    131    3    1    0      15m    6s
jade_automata             143    122    2    1    1     142m   60s
lather_atlas              140    129    0    0    0       9m    5s
termite_citadel           137    124    ?    ?    ?        ?    ?s
lichen_moor               130    116    0    0    0     158m   80s

appended 44 rows to outbox/ig_insights.jsonl
followers: 63   ('63 Followers, 14 Following, 51 Posts - See Instagram photos and videos from Powe')
reels on grid: 51 (trusted-hover pass, 51 with likes)

journey                     views  likes  like%  code
squid_lantern                2992     59   2.0%  DcKg2bhhBG0
night_bloom_remix            2093     28   1.3%  Dbg3QOnxpQi
physarum_maze                1750     32   1.8%  DcUsSy3pWpB
cosmic_scales_remix          1705     28   1.6%  DbbtqMVtunf
geode_cosmos                 1519     33   2.2%  DcGahIISzJw
sundew_snare                 1495     75   5.0%  DcMilj8BvPm
desert_rosette               1395     35   2.5%  DcQnXQrhkHn
lantern_mangrove             1360     20   1.5%  DcgRKhzODHi
salt_mirror                   644      1   0.2%  DcBQ7cpxIRg
mineral_heart                 579     17   2.9%  Dbk8L2hpUfz
cave_of_numbers               369      5   1.4%  DbmA2MBQ0Ft
vesper_flight                 338      9   2.7%  DchCOAOhmDn
copper_rain                   325      8   2.5%  DbsqkAqu7OB
ember_meadow                  322      6   1.9%  DcOk8BQACG5
butterfly_meridian            310     15   4.8%  DbiXYvTxGr9
sugar_nebula                  274      1   0.4%  Db0Y8-qO1-Q
circuit_city                  252      7   2.8%  DbeSdr0uWQe
food_chain                    240      2   0.8%  DbZI3tOMPqL
tesla_garden                  217     10   4.6%  DbvPXOBPRP8
peony_shell                   215      1   0.5%  DccarGtgKjB
?                             205      2   1.0%  DbRslvuJmwq
brinicle_grove                200      1   0.5%  DcWuv6DhbSb
whale_fall_republic           198      5   2.5%  DcY5PRHxbtQ
wild_yeast                    178      1   0.6%  DcjEaHItaFN
caddis_masonry                177      3   1.7%  Dca_2VJRSs1
dollhouse                     174      4   2.3%  DbfylfKtqYd
chameleon_prism               168      4   2.4%  DcSp1LvuwkB
cinder_veil                   168      1   0.6%  Db_wy6SMj1f
velvet_atlas                  167      6   3.6%  DbwUB8zQlsm
cartographer                  167      5   3.0%  DbdS6MlhTBU
?                             167      3   1.8%  DbUAppwshJV
moth_orchard_night            166      7   4.2%  DcE6Y9Murh5
tide_glass                    166      2   1.2%  Db-sIZ8JNWA
snowfall                      166      3   1.8%  Dba1KIBhz3b
glass_apiary                  162      3   1.9%  DbrKbv5BzMr
frost_window                  162      2   1.2%  DbolpFYs3Tq
resonance_hall                157      4   2.5%  Db9L_ofszjn
ink_dynasty                   156      8   5.1%  Db1dnXug0Om
chalkboard_infinities         153      4   2.6%  Dby40v0t29S
abyssal_chandelier            151      2   1.3%  DcCVl5qtz4w
quantum_orrery                151      3   2.0%  DbqFxM6R-lR
midnight_kitchen              151      4   2.6%  DbTB20SvVx6
pollen_court                  149      4   2.7%  DbtvOrQMd-j
termite_citadel               144      2   1.4%  Dce_d_qOwVA
ivory_gambit                  144      3   2.1%  DcD1ubzp9IM
jade_automata                 143      9   6.3%  DbjcDhyO_9n
lather_atlas                  140      2   1.4%  Dbng-e1hZRb
lichen_moor                   130      2   1.5%  Db29vr7gb7Y
alexandria                    130      4   3.1%  DbYP5WcutsC
tide_of_life                   78      2   2.6%  DbVob6pJnSg
alexandria                     70      2   2.9%  DbWkGPOBLzg

snapshot appended to outbox/ig_stats.jsonl (51 rows)
journey                 views  reach  shr  sav  fol    watch   avg
squid_lantern            2992   2170    ?    ?    ?        ?    ?s
night_bloom_remix        2093   1372    6    6    2     416m   14s
physarum_maze            1750   1442    ?    ?    ?        ?    ?s
cosmic_scales_remix      1705   1476    6    6    1     172m    7s
geode_cosmos             1519   1324    5   10    4     255m   11s
sundew_snare             1495   1345    ?    ?    ?        ?    ?s
desert_rosette           1395   1231    ?    ?    ?        ?    ?s
lantern_mangrove         1360   1112    ?    ?    ?        ?    ?s
salt_mirror               644    537    1    0    2      73m    8s
mineral_heart             579    488    4    5    8     155m   18s
cave_of_numbers           369    320    0    1    1     217m   40s
vesper_flight             338    302    ?    ?    ?        ?    ?s
copper_rain               325    260    1    2    1     494m  109s
ember_meadow              322    269    ?    ?    ?        ?    ?s
butterfly_meridian        310    285    1    0    2     121m   25s
sugar_nebula              274    219    1    1    0      73m   20s
circuit_city              252    226    2    3    1      30m    8s
tesla_garden              217    191    1    1    1     405m  119s
peony_shell               215    179    ?    ?    ?        ?    ?s
brinicle_grove            200    160    ?    ?    ?        ?    ?s
whale_fall_republic       198    168    ?    ?    ?        ?    ?s
wild_yeast                178    150    ?    ?    ?        ?    ?s
caddis_masonry            177    155    ?    ?    ?        ?    ?s
dollhouse                 174    141    0    2    0      98m   43s
chameleon_prism           168    155    ?    ?    ?        ?    ?s
cinder_veil               168    150    2    0    1     144m   56s
velvet_atlas              167    134    0    1    0     222m   94s
cartographer              167    136    0    2    0      13m    6s
moth_orchard_night        166    136    0    0    0      15m    6s
tide_glass                166    152    2    0    1      52m   19s
snowfall                  166    128    0    1    0      19m    8s
glass_apiary              162    139    0    0    0     757m  305s
frost_window              162    139    0    1    0     688m  285s
resonance_hall            157    140    2    1    1      14m    6s
ink_dynasty               156    139    0    2    0     108m   47s
chalkboard_infinities     153    125    0    0    0     726m  328s
abyssal_chandelier        151    132    2    2    0     111m   47s
quantum_orrery            151    141    0    1    0     512m  212s
pollen_court              149    137    0    0    0     689m  291s
termite_citadel           144    127    ?    ?    ?        ?    ?s
ivory_gambit              144    131    3    1    0      15m    6s
jade_automata             143    122    2    1    1     142m   60s
lather_atlas              140    129    0    0    0       9m    5s
lichen_moor               130    116    0    0    0     158m   80s

appended 44 rows to outbox/ig_insights.jsonl
followers: 66   ('66 Followers, 14 Following, 53 Posts - See Instagram photos and videos from Powe')
reels on grid: 36 (trusted-hover pass, 36 with likes)

journey                     views  likes  like%  code
squid_lantern                2992     59   2.0%  DcKg2bhhBG0
physarum_maze                1750     32   1.8%  DcUsSy3pWpB
geode_cosmos                 1519     33   2.2%  DcGahIISzJw
sundew_snare                 1495     75   5.0%  DcMilj8BvPm
desert_rosette               1395     35   2.5%  DcQnXQrhkHn
lantern_mangrove             1375     20   1.5%  DcgRKhzODHi
salt_mirror                   644      1   0.2%  DcBQ7cpxIRg
vesper_flight                 348      9   2.6%  DchCOAOhmDn
copper_rain                   325      8   2.5%  DbsqkAqu7OB
ember_meadow                  322      6   1.9%  DcOk8BQACG5
sugar_nebula                  274      1   0.4%  Db0Y8-qO1-Q
tesla_garden                  217     10   4.6%  DbvPXOBPRP8
peony_shell                   215      1   0.5%  DccarGtgKjB
brinicle_grove                200      1   0.5%  DcWuv6DhbSb
whale_fall_republic           198      5   2.5%  DcY5PRHxbtQ
wild_yeast                    191      1   0.5%  DcjEaHItaFN
caddis_masonry                177      3   1.7%  Dca_2VJRSs1
chameleon_prism               168      4   2.4%  DcSp1LvuwkB
cinder_veil                   168      1   0.6%  Db_wy6SMj1f
velvet_atlas                  167      6   3.6%  DbwUB8zQlsm
moth_orchard_night            166      7   4.2%  DcE6Y9Murh5
tide_glass                    166      2   1.2%  Db-sIZ8JNWA
glass_apiary                  162      3   1.9%  DbrKbv5BzMr
frost_window                  162      2   1.2%  DbolpFYs3Tq
resonance_hall                157      4   2.5%  Db9L_ofszjn
ink_dynasty                   156      8   5.1%  Db1dnXug0Om
cobalt_rookery                154      3   1.9%  DcmB0c-OpAZ
chalkboard_infinities         153      4   2.6%  Dby40v0t29S
abyssal_chandelier            151      2   1.3%  DcCVl5qtz4w
quantum_orrery                151      3   2.0%  DbqFxM6R-lR
pollen_court                  149      4   2.7%  DbtvOrQMd-j
termite_citadel               144      2   1.4%  Dce_d_qOwVA
ivory_gambit                  144      3   2.1%  DcD1ubzp9IM
meteorite_cradle              141      3   2.1%  Dcmt3kHNrQw
lather_atlas                  140      2   1.4%  Dbng-e1hZRb
lichen_moor                   130      2   1.5%  Db29vr7gb7Y

snapshot appended to outbox/ig_stats.jsonl (36 rows)
journey                 views  reach  shr  sav  fol    watch   avg
squid_lantern            2992   2170    7   10   14     224m    6s
night_bloom_remix        2093   1372    6    6    2     416m   14s
physarum_maze            1750   1442    9    8    3     207m    9s
geode_cosmos             1519   1324    5   10    4     255m   11s
sundew_snare             1495   1345   13   11    4     136m    6s
desert_rosette           1395   1231   12    9    1     196m    9s
lantern_mangrove         1375   1124    2    5    0     531m   28s
salt_mirror               644    537    1    0    2      73m    8s
mineral_heart             579    488    4    5    8     155m   18s
cave_of_numbers           369    320    0    1    1     217m   40s
vesper_flight             348    310    0    4    2      48m    9s
copper_rain               325    260    1    2    1     494m  109s
ember_meadow              322    269    1    2    0      65m   14s
butterfly_meridian        310    285    1    0    2     121m   25s
sugar_nebula              274    219    1    1    0      73m   20s
circuit_city              252    226    2    3    1      30m    8s
tesla_garden              217    191    1    1    1     405m  119s
peony_shell               215    179    0    0    0      18m    6s
brinicle_grove            200    160    1    0    0      20m    7s
whale_fall_republic       198    168    1    2    1      20m    7s
wild_yeast                191    161    0    0    0     236m   82s
caddis_masonry            177    155    0    0    0      23m    8s
dollhouse                 174    141    0    2    0      98m   43s
chameleon_prism           168    155    1    1    1     185m   66s
cinder_veil               168    150    2    0    1     144m   56s
velvet_atlas              167    134    0    1    0     222m   94s
cartographer              167    136    0    2    0      13m    6s
moth_orchard_night        166    136    0    0    0      15m    6s
tide_glass                166    152    2    0    1      52m   19s
glass_apiary              162    139    0    0    0     757m  305s
frost_window              162    139    0    1    0     688m  285s
resonance_hall            157    140    2    1    1      14m    6s
ink_dynasty               156    139    0    2    0     108m   47s
cobalt_rookery            154    135    0    1    0      21m    9s
chalkboard_infinities     153    125    0    0    0     726m  328s
abyssal_chandelier        151    132    2    2    0     111m   47s
quantum_orrery            151    141    0    1    0     512m  212s
pollen_court              149    137    0    0    0     689m  291s
termite_citadel           144    127    0    1    0      18m    8s
ivory_gambit              144    131    3    1    0      15m    6s
jade_automata             143    122    2    1    1     142m   60s
meteorite_cradle          141    133    5    1    1      13m    6s
lather_atlas              140    129    0    0    0       9m    5s
lichen_moor               130    116    0    0    0     158m   80s

appended 44 rows to outbox/ig_insights.jsonl
PowersOfZen Chrome launching (CDP :9222, 3 platform tabs)
Chrome CDP down — launching via scripts/start_chrome_zen.sh
followers: 66   ('66 Followers, 14 Following, 53 Posts - See Instagram photos and videos from Powe')
reels on grid: 53 (trusted-hover pass, 53 with likes)

journey                     views  likes  like%  code
squid_lantern                2993     59   2.0%  DcKg2bhhBG0
night_bloom_remix            2094     28   1.3%  Dbg3QOnxpQi
physarum_maze                1751     32   1.8%  DcUsSy3pWpB
cosmic_scales_remix          1705     28   1.6%  DbbtqMVtunf
geode_cosmos                 1520     33   2.2%  DcGahIISzJw
sundew_snare                 1497     75   5.0%  DcMilj8BvPm
desert_rosette               1396     35   2.5%  DcQnXQrhkHn
lantern_mangrove             1381     21   1.5%  DcgRKhzODHi
salt_mirror                   645      1   0.2%  DcBQ7cpxIRg
mineral_heart                 579     17   2.9%  Dbk8L2hpUfz
cobalt_rookery                496     12   2.4%  DcmB0c-OpAZ
cave_of_numbers               369      5   1.4%  DbmA2MBQ0Ft
vesper_flight                 351      9   2.6%  DchCOAOhmDn
copper_rain                   325      8   2.5%  DbsqkAqu7OB
ember_meadow                  323      6   1.9%  DcOk8BQACG5
butterfly_meridian            310     15   4.8%  DbiXYvTxGr9
meteorite_cradle              279      8   2.9%  Dcmt3kHNrQw
sugar_nebula                  274      1   0.4%  Db0Y8-qO1-Q
circuit_city                  253      7   2.8%  DbeSdr0uWQe
food_chain                    240      2   0.8%  DbZI3tOMPqL
tesla_garden                  217     10   4.6%  DbvPXOBPRP8
peony_shell                   216      1   0.5%  DccarGtgKjB
?                             205      2   1.0%  DbRslvuJmwq
brinicle_grove                201      1   0.5%  DcWuv6DhbSb
whale_fall_republic           199      5   2.5%  DcY5PRHxbtQ
wild_yeast                    196      1   0.5%  DcjEaHItaFN
caddis_masonry                178      3   1.7%  Dca_2VJRSs1
dollhouse                     176      4   2.3%  DbfylfKtqYd
chameleon_prism               169      4   2.4%  DcSp1LvuwkB
cinder_veil                   169      1   0.6%  Db_wy6SMj1f
velvet_atlas                  168      6   3.6%  DbwUB8zQlsm
moth_orchard_night            167      7   4.2%  DcE6Y9Murh5
tide_glass                    167      2   1.2%  Db-sIZ8JNWA
cartographer                  167      5   3.0%  DbdS6MlhTBU
?                             167      3   1.8%  DbUAppwshJV
snowfall                      166      3   1.8%  Dba1KIBhz3b
glass_apiary                  162      3   1.9%  DbrKbv5BzMr
frost_window                  162      2   1.2%  DbolpFYs3Tq
resonance_hall                157      4   2.5%  Db9L_ofszjn
ink_dynasty                   157      8   5.1%  Db1dnXug0Om
chalkboard_infinities         153      4   2.6%  Dby40v0t29S
abyssal_chandelier            152      2   1.3%  DcCVl5qtz4w
quantum_orrery                151      3   2.0%  DbqFxM6R-lR
midnight_kitchen              151      4   2.6%  DbTB20SvVx6
pollen_court                  150      4   2.7%  DbtvOrQMd-j
termite_citadel               145      2   1.4%  Dce_d_qOwVA
ivory_gambit                  145      3   2.1%  DcD1ubzp9IM
jade_automata                 143      9   6.3%  DbjcDhyO_9n
lather_atlas                  140      2   1.4%  Dbng-e1hZRb
lichen_moor                   130      2   1.5%  Db29vr7gb7Y
alexandria                    130      4   3.1%  DbYP5WcutsC
tide_of_life                   78      2   2.6%  DbVob6pJnSg
alexandria                     70      2   2.9%  DbWkGPOBLzg

snapshot appended to outbox/ig_stats.jsonl (53 rows)
journey                 views  reach  shr  sav  fol    watch   avg
squid_lantern            2993   2172    7   10   14     224m    6s
night_bloom_remix        2094   1374    6    6    2     416m   14s
physarum_maze            1751   1444    9    8    3     207m    9s
geode_cosmos             1520   1326    5   10    4     255m   11s
sundew_snare             1497   1347   13   11    4     136m    6s
desert_rosette           1396   1231   12    9    1     196m    9s
lantern_mangrove         1381   1127    2    5    0     532m   28s
salt_mirror               645    538    1    0    2      73m    8s
mineral_heart             579    488    4    5    8     155m   18s
cobalt_rookery            497    367    3    2    1      64m   10s
cave_of_numbers           369    320    0    1    1     217m   40s
vesper_flight             351    313    1    4    2      49m    9s
copper_rain               325    260    1    2    1     494m  109s
ember_meadow              323    270    1    2    0      65m   14s
butterfly_meridian        310    285    1    0    2     121m   25s
meteorite_cradle          279    249    7    3    2      32m    8s
sugar_nebula              274    219    1    1    0      73m   20s
tesla_garden              217    191    1    1    1     405m  119s
peony_shell               216    180    0    0    0      18m    6s
brinicle_grove            201    161    1    0    0      20m    7s
whale_fall_republic       199    169    1    2    1      20m    7s
wild_yeast                196    166    1    0    0     236m   80s
caddis_masonry            178    155    0    0    0      23m    8s
dollhouse                 176    142    0    2    0      98m   42s
chameleon_prism           169    156    1    1    1     185m   66s
cinder_veil               169    151    2    0    1     144m   56s
velvet_atlas              168    135    0    1    0     222m   93s
moth_orchard_night        167    137    0    0    0      15m    6s
tide_glass                167    153    2    0    1      52m   19s
glass_apiary              162    139    0    0    0     757m  305s
frost_window              162    139    0    1    0     688m  285s
resonance_hall            157    140    2    1    1      14m    6s
ink_dynasty               157    140    0    2    0     108m   46s
chalkboard_infinities     153    125    0    0    0     726m  328s
abyssal_chandelier        152    133    2    2    0     111m   46s
quantum_orrery            151    141    0    1    0     512m  212s
pollen_court              150    138    0    0    0     689m  289s
termite_citadel           145    128    0    1    0      18m    8s
ivory_gambit              145    132    3    1    0      15m    6s
jade_automata             143    122    2    1    1     142m   60s
lather_atlas              140    129    0    0    0       9m    5s
lichen_moor               130    116    0    0    0     158m   80s

appended 42 rows to outbox/ig_insights.jsonl
followers: 66   ('66 Followers, 17 Following, 54 Posts - See Instagram photos and videos from Powe')
reels on grid: 44 (trusted-hover pass, 44 with likes)

journey                     views  likes  like%  code
squid_lantern                2995     59   2.0%  DcKg2bhhBG0
night_bloom_remix            2094     28   1.3%  Dbg3QOnxpQi
physarum_maze                1751     32   1.8%  DcUsSy3pWpB
geode_cosmos                 1520     33   2.2%  DcGahIISzJw
sundew_snare                 1499     75   5.0%  DcMilj8BvPm
desert_rosette               1396     35   2.5%  DcQnXQrhkHn
lantern_mangrove             1382     21   1.5%  DcgRKhzODHi
cobalt_rookery                865     25   2.9%  DcmB0c-OpAZ
salt_mirror                   645      1   0.2%  DcBQ7cpxIRg
mineral_heart                 579     17   2.9%  Dbk8L2hpUfz
meteorite_cradle              445      8   1.8%  Dcmt3kHNrQw
cave_of_numbers               369      5   1.4%  DbmA2MBQ0Ft
vesper_flight                 355      9   2.5%  DchCOAOhmDn
copper_rain                   325      8   2.5%  DbsqkAqu7OB
ember_meadow                  323      6   1.9%  DcOk8BQACG5
butterfly_meridian            310     15   4.8%  DbiXYvTxGr9
sugar_nebula                  274      1   0.4%  Db0Y8-qO1-Q
circuit_city                  253      7   2.8%  DbeSdr0uWQe
peony_shell                   217      1   0.5%  DccarGtgKjB
tesla_garden                  217     10   4.6%  DbvPXOBPRP8
wild_yeast                    202      1   0.5%  DcjEaHItaFN
brinicle_grove                201      1   0.5%  DcWuv6DhbSb
whale_fall_republic           199      5   2.5%  DcY5PRHxbtQ
caddis_masonry                178      3   1.7%  Dca_2VJRSs1
dollhouse                     176      4   2.3%  DbfylfKtqYd
chameleon_prism               169      4   2.4%  DcSp1LvuwkB
cinder_veil                   169      1   0.6%  Db_wy6SMj1f
velvet_atlas                  168      6   3.6%  DbwUB8zQlsm
moth_orchard_night            167      7   4.2%  DcE6Y9Murh5
tide_glass                    167      2   1.2%  Db-sIZ8JNWA
glass_apiary                  162      3   1.9%  DbrKbv5BzMr
frost_window                  162      2   1.2%  DbolpFYs3Tq
pomegranate_vault             159      1   0.6%  DcpLy5DNrUW
resonance_hall                157      4   2.5%  Db9L_ofszjn
ink_dynasty                   157      8   5.1%  Db1dnXug0Om
chalkboard_infinities         153      4   2.6%  Dby40v0t29S
abyssal_chandelier            152      2   1.3%  DcCVl5qtz4w
quantum_orrery                151      3   2.0%  DbqFxM6R-lR
pollen_court                  150      4   2.7%  DbtvOrQMd-j
termite_citadel               146      2   1.4%  Dce_d_qOwVA
ivory_gambit                  145      3   2.1%  DcD1ubzp9IM
jade_automata                 143      9   6.3%  DbjcDhyO_9n
lather_atlas                  140      2   1.4%  Dbng-e1hZRb
lichen_moor                   130      2   1.5%  Db29vr7gb7Y

snapshot appended to outbox/ig_stats.jsonl (44 rows)
journey                 views  reach  shr  sav  fol    watch   avg
squid_lantern            2995   2172    7   10   14     224m    6s
night_bloom_remix        2094   1374    6    6    2     416m   14s
physarum_maze            1751   1444    9    8    3     207m    9s
geode_cosmos             1520   1326    5   10    4     255m   11s
sundew_snare             1499   1347   13   11    4     137m    6s
desert_rosette           1396   1231   12    9    1     196m    9s
lantern_mangrove         1382   1129    ?    ?    ?        ?    ?s
cobalt_rookery            865    726    ?    ?    ?        ?    ?s
salt_mirror               645    538    1    0    2      73m    8s
mineral_heart             579    488    4    5    8     155m   18s
meteorite_cradle          445    396    ?    ?    ?        ?    ?s
cave_of_numbers           369    320    0    1    1     217m   40s
vesper_flight             355    319    ?    ?    ?        ?    ?s
copper_rain               325    260    1    2    1     494m  109s
ember_meadow              323    270    1    2    0      65m   14s
butterfly_meridian        310    285    1    0    2     121m   25s
sugar_nebula              274    219    1    1    0      73m   20s
peony_shell               217    181    ?    ?    ?        ?    ?s
tesla_garden              217    191    1    1    1     405m  119s
wild_yeast                202    173    ?    ?    ?        ?    ?s
brinicle_grove            201    161    ?    ?    ?        ?    ?s
whale_fall_republic       199    169    ?    ?    ?        ?    ?s
caddis_masonry            178    155    ?    ?    ?        ?    ?s
dollhouse                 176    142    0    2    0      98m   42s
chameleon_prism           169    156    1    1    1     185m   66s
cinder_veil               169    151    2    0    1     144m   55s
velvet_atlas              168    135    0    1    0     222m   93s
moth_orchard_night        167    137    0    0    0      15m    6s
tide_glass                167    153    2    0    1      52m   19s
glass_apiary              162    139    0    0    0     757m  305s
frost_window              162    139    0    1    0     688m  285s
pomegranate_vault         159    143    ?    ?    ?        ?    ?s
resonance_hall            157    140    2    1    1      14m    6s
ink_dynasty               157    140    0    2    0     108m   46s
chalkboard_infinities     153    125    0    0    0     726m  328s
abyssal_chandelier        152    133    2    2    0     111m   46s
quantum_orrery            151    141    0    1    0     512m  212s
pollen_court              150    138    0    0    0     689m  289s
termite_citadel           146    129    ?    ?    ?        ?    ?s
ivory_gambit              145    132    3    1    0      15m    6s
jade_automata             143    122    2    1    1     142m   60s
lather_atlas              140    129    0    0    0       9m    5s
lichen_moor               130    116    0    0    0     158m   80s

appended 43 rows to outbox/ig_insights.jsonl
followers: 72   ('72 Followers, 17 Following, 54 Posts - See Instagram photos and videos from Powe')
reels on grid: 44 (trusted-hover pass, 44 with likes)

journey                     views  likes  like%  code
squid_lantern                2995     59   2.0%  DcKg2bhhBG0
night_bloom_remix            2094     28   1.3%  Dbg3QOnxpQi
physarum_maze                1751     32   1.8%  DcUsSy3pWpB
geode_cosmos                 1520     33   2.2%  DcGahIISzJw
sundew_snare                 1500     75   5.0%  DcMilj8BvPm
desert_rosette               1396     35   2.5%  DcQnXQrhkHn
lantern_mangrove             1382     21   1.5%  DcgRKhzODHi
cobalt_rookery                947     29   3.1%  DcmB0c-OpAZ
salt_mirror                   645      1   0.2%  DcBQ7cpxIRg
mineral_heart                 579     17   2.9%  Dbk8L2hpUfz
meteorite_cradle              532     11   2.1%  Dcmt3kHNrQw
cave_of_numbers               369      5   1.4%  DbmA2MBQ0Ft
vesper_flight                 357      9   2.5%  DchCOAOhmDn
copper_rain                   325      8   2.5%  DbsqkAqu7OB
ember_meadow                  323      6   1.9%  DcOk8BQACG5
butterfly_meridian            310     15   4.8%  DbiXYvTxGr9
sugar_nebula                  274      1   0.4%  Db0Y8-qO1-Q
circuit_city                  253      7   2.8%  DbeSdr0uWQe
peony_shell                   217      1   0.5%  DccarGtgKjB
tesla_garden                  217     10   4.6%  DbvPXOBPRP8
wild_yeast                    203      1   0.5%  DcjEaHItaFN
brinicle_grove                201      1   0.5%  DcWuv6DhbSb
whale_fall_republic           199      5   2.5%  DcY5PRHxbtQ
pomegranate_vault             192      2   1.0%  DcpLy5DNrUW
caddis_masonry                178      3   1.7%  Dca_2VJRSs1
dollhouse                     176      4   2.3%  DbfylfKtqYd
chameleon_prism               169      4   2.4%  DcSp1LvuwkB
cinder_veil                   169      1   0.6%  Db_wy6SMj1f
velvet_atlas                  168      6   3.6%  DbwUB8zQlsm
moth_orchard_night            167      7   4.2%  DcE6Y9Murh5
tide_glass                    167      2   1.2%  Db-sIZ8JNWA
glass_apiary                  162      3   1.9%  DbrKbv5BzMr
frost_window                  162      2   1.2%  DbolpFYs3Tq
resonance_hall                157      4   2.5%  Db9L_ofszjn
ink_dynasty                   157      8   5.1%  Db1dnXug0Om
chalkboard_infinities         153      4   2.6%  Dby40v0t29S
abyssal_chandelier            152      2   1.3%  DcCVl5qtz4w
quantum_orrery                151      3   2.0%  DbqFxM6R-lR
pollen_court                  150      4   2.7%  DbtvOrQMd-j
termite_citadel               146      2   1.4%  Dce_d_qOwVA
ivory_gambit                  145      3   2.1%  DcD1ubzp9IM
jade_automata                 143      9   6.3%  DbjcDhyO_9n
lather_atlas                  140      2   1.4%  Dbng-e1hZRb
lichen_moor                   130      2   1.5%  Db29vr7gb7Y

snapshot appended to outbox/ig_stats.jsonl (44 rows)
journey                 views  reach  shr  sav  fol    watch   avg
squid_lantern            2995   2172    7   10   14     224m    6s
physarum_maze            1751   1444    9    8    3     207m    9s
geode_cosmos             1520   1326    5   10    4     255m   11s
sundew_snare             1500   1349   13   11    4     137m    6s
desert_rosette           1396   1231   12    9    1     196m    9s
lantern_mangrove         1382   1129    ?    ?    ?        ?    ?s
cobalt_rookery            947    803    ?    ?    ?        ?    ?s
salt_mirror               645    538    1    0    2      73m    8s
mineral_heart             579    488    4    5    8     155m   18s
meteorite_cradle          532    478    ?    ?    ?        ?    ?s
cave_of_numbers           369    320    0    1    1     217m   40s
vesper_flight             357    321    ?    ?    ?        ?    ?s
copper_rain               325    260    1    2    1     494m  109s
ember_meadow              323    270    1    2    0      65m   14s
butterfly_meridian        310    285    1    0    2     121m   25s
sugar_nebula              274    219    1    1    0      73m   20s
peony_shell               217    181    ?    ?    ?        ?    ?s
tesla_garden              217    191    1    1    1     405m  119s
wild_yeast                203    174    ?    ?    ?        ?    ?s
brinicle_grove            201    161    ?    ?    ?        ?    ?s
whale_fall_republic       199    169    ?    ?    ?        ?    ?s
pomegranate_vault         193    169    ?    ?    ?        ?    ?s
caddis_masonry            178    155    ?    ?    ?        ?    ?s
chameleon_prism           169    156    1    1    1     185m   66s
cinder_veil               169    151    2    0    1     144m   55s
velvet_atlas              168    135    0    1    0     222m   93s
moth_orchard_night        167    137    0    0    0      15m    6s
tide_glass                167    153    2    0    1      52m   19s
glass_apiary              162    139    0    0    0     757m  305s
frost_window              162    139    0    1    0     688m  285s
resonance_hall            157    140    2    1    1      14m    6s
ink_dynasty               157    140    0    2    0     108m   46s
chalkboard_infinities     153    125    0    0    0     726m  328s
abyssal_chandelier        152    133    2    2    0     111m   46s
quantum_orrery            151    141    0    1    0     512m  212s
pollen_court              150    138    0    0    0     689m  289s
termite_citadel           146    129    ?    ?    ?        ?    ?s
ivory_gambit              145    132    3    1    0      15m    6s
jade_automata             143    122    2    1    1     142m   60s
lather_atlas              140    129    0    0    0       9m    5s
lichen_moor               130    116    0    0    0     158m   80s

appended 41 rows to outbox/ig_insights.jsonl
followers: 72   ('72 Followers, 17 Following, 55 Posts - See Instagram photos and videos from Powe')
reels on grid: 55 (trusted-hover pass, 55 with likes)

journey                     views  likes  like%  code
squid_lantern                2996     59   2.0%  DcKg2bhhBG0
night_bloom_remix            2094     28   1.3%  Dbg3QOnxpQi
physarum_maze                1751     32   1.8%  DcUsSy3pWpB
cosmic_scales_remix          1707     28   1.6%  DbbtqMVtunf
geode_cosmos                 1521     33   2.2%  DcGahIISzJw
sundew_snare                 1501     75   5.0%  DcMilj8BvPm
desert_rosette               1400     35   2.5%  DcQnXQrhkHn
lantern_mangrove             1383     21   1.5%  DcgRKhzODHi
cobalt_rookery                967     30   3.1%  DcmB0c-OpAZ
eclipse_waterhole             940     30   3.2%  DcrORSVvyet
salt_mirror                   645      1   0.2%  DcBQ7cpxIRg
mineral_heart                 579     17   2.9%  Dbk8L2hpUfz
meteorite_cradle              537     11   2.0%  Dcmt3kHNrQw
cave_of_numbers               369      5   1.4%  DbmA2MBQ0Ft
vesper_flight                 357      9   2.5%  DchCOAOhmDn
copper_rain                   325      8   2.5%  DbsqkAqu7OB
ember_meadow                  323      6   1.9%  DcOk8BQACG5
butterfly_meridian            310     15   4.8%  DbiXYvTxGr9
sugar_nebula                  274      1   0.4%  Db0Y8-qO1-Q
circuit_city                  253      7   2.8%  DbeSdr0uWQe
food_chain                    240      2   0.8%  DbZI3tOMPqL
peony_shell                   217      1   0.5%  DccarGtgKjB
tesla_garden                  217     10   4.6%  DbvPXOBPRP8
?                             205      2   1.0%  DbRslvuJmwq
wild_yeast                    204      1   0.5%  DcjEaHItaFN
pomegranate_vault             201      2   1.0%  DcpLy5DNrUW
brinicle_grove                201      1   0.5%  DcWuv6DhbSb
whale_fall_republic           199      5   2.5%  DcY5PRHxbtQ
caddis_masonry                178      3   1.7%  Dca_2VJRSs1
dollhouse                     176      4   2.3%  DbfylfKtqYd
chameleon_prism               169      4   2.4%  DcSp1LvuwkB
cinder_veil                   169      1   0.6%  Db_wy6SMj1f
moth_orchard_night            168      7   4.2%  DcE6Y9Murh5
velvet_atlas                  168      6   3.6%  DbwUB8zQlsm
tide_glass                    167      2   1.2%  Db-sIZ8JNWA
cartographer                  167      5   3.0%  DbdS6MlhTBU
?                             167      3   1.8%  DbUAppwshJV
snowfall                      166      3   1.8%  Dba1KIBhz3b
glass_apiary                  162      3   1.9%  DbrKbv5BzMr
frost_window                  162      2   1.2%  DbolpFYs3Tq
resonance_hall                157      4   2.5%  Db9L_ofszjn
ink_dynasty                   157      8   5.1%  Db1dnXug0Om
chalkboard_infinities         153      4   2.6%  Dby40v0t29S
abyssal_chandelier            152      2   1.3%  DcCVl5qtz4w
quantum_orrery                151      3   2.0%  DbqFxM6R-lR
midnight_kitchen              151      4   2.6%  DbTB20SvVx6
pollen_court                  150      4   2.7%  DbtvOrQMd-j
termite_citadel               146      2   1.4%  Dce_d_qOwVA
ivory_gambit                  146      3   2.1%  DcD1ubzp9IM
jade_automata                 143      9   6.3%  DbjcDhyO_9n
lather_atlas                  140      2   1.4%  Dbng-e1hZRb
lichen_moor                   130      2   1.5%  Db29vr7gb7Y
alexandria                    130      4   3.1%  DbYP5WcutsC
tide_of_life                   78      2   2.6%  DbVob6pJnSg
alexandria                     70      2   2.9%  DbWkGPOBLzg

snapshot appended to outbox/ig_stats.jsonl (55 rows)
journey                 views  reach  shr  sav  fol    watch   avg
squid_lantern            2996   2172    7   10   14     224m    6s
physarum_maze            1751   1444    9    8    3     207m    9s
geode_cosmos             1521   1328    5   10    4     255m   11s
sundew_snare             1501   1351   13   11    4     137m    6s
desert_rosette           1400   1231   12    9    1     197m    9s
lantern_mangrove         1383   1130    2    5    0     532m   28s
cobalt_rookery            967    823    6    7    3     148m   11s
eclipse_waterhole         942    778    4    7    5     127m   10s
salt_mirror               645    538    1    0    2      73m    8s
mineral_heart             579    488    4    5    8     155m   18s
meteorite_cradle          537    481    8    6    4      59m    7s
cave_of_numbers           369    320    0    1    1     217m   40s
vesper_flight             357    321    1    4    2      50m    9s
copper_rain               325    260    1    2    1     494m  109s
ember_meadow              323    270    1    2    0      65m   14s
sugar_nebula              274    219    1    1    0      73m   20s
peony_shell               217    181    0    0    0      18m    6s
tesla_garden              217    191    1    1    1     405m  119s
wild_yeast                204    175    1    0    0     236m   73s
pomegranate_vault         201    177    0    1    1     889m  288s
brinicle_grove            201    161    1    0    0      20m    7s
whale_fall_republic       199    169    1    2    1      20m    7s
caddis_masonry            178    155    0    0    0      23m    8s
chameleon_prism           169    156    1    1    1     185m   66s
cinder_veil               169    151    2    0    1     144m   55s
moth_orchard_night        168    138    0    0    0      15m    6s
velvet_atlas              168    135    0    1    0     222m   93s
tide_glass                167    153    2    0    1      52m   19s
glass_apiary              162    139    0    0    0     757m  305s
frost_window              162    139    0    1    0     688m  285s
resonance_hall            157    140    2    1    1      14m    6s
ink_dynasty               157    140    0    2    0     108m   46s
chalkboard_infinities     153    125    0    0    0     726m  328s
abyssal_chandelier        152    133    2    2    0     111m   46s
quantum_orrery            151    141    0    1    0     512m  212s
pollen_court              150    138    0    0    0     689m  289s
termite_citadel           146    129    0    1    0      18m    8s
ivory_gambit              146    133    3    1    0      15m    6s
jade_automata             143    122    2    1    1     142m   60s
lather_atlas              140    129    0    0    0       9m    5s
lichen_moor               130    116    0    0    0     158m   80s

appended 41 rows to outbox/ig_insights.jsonl
followers: 72   ('72 Followers, 17 Following, 56 Posts - See Instagram photos and videos from Powe')
reels on grid: 56 (trusted-hover pass, 56 with likes)

journey                     views  likes  like%  code
squid_lantern                2996     59   2.0%  DcKg2bhhBG0
night_bloom_remix            2094     28   1.3%  Dbg3QOnxpQi
physarum_maze                1751     32   1.8%  DcUsSy3pWpB
eclipse_waterhole            1710     55   3.2%  DcrORSVvyet
cosmic_scales_remix          1708     28   1.6%  DbbtqMVtunf
geode_cosmos                 1521     33   2.2%  DcGahIISzJw
sundew_snare                 1502     75   5.0%  DcMilj8BvPm
desert_rosette               1400     35   2.5%  DcQnXQrhkHn
lantern_mangrove             1383     21   1.5%  DcgRKhzODHi
cobalt_rookery                968     31   3.2%  DcmB0c-OpAZ
salt_mirror                   645      1   0.2%  DcBQ7cpxIRg
mineral_heart                 579     17   2.9%  Dbk8L2hpUfz
meteorite_cradle              538     11   2.0%  Dcmt3kHNrQw
cave_of_numbers               369      5   1.4%  DbmA2MBQ0Ft
vesper_flight                 358      9   2.5%  DchCOAOhmDn
copper_rain                   325      8   2.5%  DbsqkAqu7OB
ember_meadow                  323      6   1.9%  DcOk8BQACG5
butterfly_meridian            310     15   4.8%  DbiXYvTxGr9
sugar_nebula                  274      1   0.4%  Db0Y8-qO1-Q
circuit_city                  253      7   2.8%  DbeSdr0uWQe
food_chain                    240      2   0.8%  DbZI3tOMPqL
peony_shell                   217      1   0.5%  DccarGtgKjB
tesla_garden                  217     10   4.6%  DbvPXOBPRP8
pomegranate_vault             205      2   1.0%  DcpLy5DNrUW
?                             205      2   1.0%  DbRslvuJmwq
wild_yeast                    204      1   0.5%  DcjEaHItaFN
brinicle_grove                201      1   0.5%  DcWuv6DhbSb
whale_fall_republic           199      5   2.5%  DcY5PRHxbtQ
caddis_masonry                178      3   1.7%  Dca_2VJRSs1
dollhouse                     176      4   2.3%  DbfylfKtqYd
chameleon_prism               169      4   2.4%  DcSp1LvuwkB
cinder_veil                   169      1   0.6%  Db_wy6SMj1f
moth_orchard_night            168      7   4.2%  DcE6Y9Murh5
velvet_atlas                  168      6   3.6%  DbwUB8zQlsm
tide_glass                    167      2   1.2%  Db-sIZ8JNWA
cartographer                  167      5   3.0%  DbdS6MlhTBU
?                             167      3   1.8%  DbUAppwshJV
snowfall                      166      3   1.8%  Dba1KIBhz3b
glass_apiary                  162      3   1.9%  DbrKbv5BzMr
frost_window                  162      2   1.2%  DbolpFYs3Tq
resonance_hall                157      4   2.5%  Db9L_ofszjn
ink_dynasty                   157      8   5.1%  Db1dnXug0Om
chalkboard_infinities         153      4   2.6%  Dby40v0t29S
abyssal_chandelier            152      2   1.3%  DcCVl5qtz4w
quantum_orrery                151      3   2.0%  DbqFxM6R-lR
midnight_kitchen              151      4   2.6%  DbTB20SvVx6
pollen_court                  150      4   2.7%  DbtvOrQMd-j
termite_citadel               146      2   1.4%  Dce_d_qOwVA
ivory_gambit                  146      3   2.1%  DcD1ubzp9IM
jade_automata                 143      9   6.3%  DbjcDhyO_9n
lather_atlas                  141      3   2.1%  Dbng-e1hZRb
magnetite_choir               140      ?      ?  DctQuxrOmCO
lichen_moor                   130      2   1.5%  Db29vr7gb7Y
alexandria                    130      4   3.1%  DbYP5WcutsC
tide_of_life                   78      2   2.6%  DbVob6pJnSg
alexandria                     70      2   2.9%  DbWkGPOBLzg

snapshot appended to outbox/ig_stats.jsonl (56 rows)
journey                 views  reach  shr  sav  fol    watch   avg
squid_lantern            2996   2175    7   10   14     224m    6s
physarum_maze            1751   1444    9    8    3     207m    9s
eclipse_waterhole        1710   1441   13   14    8     230m   10s
geode_cosmos             1521   1328    5   10    4     255m   11s
sundew_snare             1502   1352   13   11    4     137m    6s
desert_rosette           1400   1231   12    9    1     197m    9s
lantern_mangrove         1383   1132    2    5    0     532m   28s
cobalt_rookery            968    823    6    7    3     148m   11s
salt_mirror               645    538    1    0    2      73m    8s
mineral_heart             579    488    4    5    8     155m   18s
meteorite_cradle          538    483    8    6    4      60m    7s
cave_of_numbers           369    320    0    1    1     217m   40s
vesper_flight             358    322    1    4    2      50m    9s
copper_rain               325    260    1    2    1     494m  109s
ember_meadow              323    270    1    2    0      65m   14s
sugar_nebula              274    219    1    1    0      73m   20s
peony_shell               217    181    0    0    0      18m    6s
tesla_garden              217    191    1    1    1     405m  119s
pomegranate_vault         205    179    0    1    1     889m  280s
wild_yeast                204    176    1    0    0     236m   73s
brinicle_grove            201    161    1    0    0      20m    7s
whale_fall_republic       199    169    1    2    1      20m    7s
caddis_masonry            178    155    0    0    0      23m    8s
chameleon_prism           169    156    1    1    1     185m   66s
cinder_veil               169    151    2    0    1     144m   55s
moth_orchard_night        168    138    0    0    0      15m    6s
velvet_atlas              168    135    0    1    0     222m   93s
tide_glass                167    153    2    0    1      52m   19s
glass_apiary              162    139    0    0    0     757m  305s
frost_window              162    139    0    1    0     688m  285s
resonance_hall            157    140    2    1    1      14m    6s
ink_dynasty               157    140    0    2    0     108m   46s
chalkboard_infinities     153    125    0    0    0     726m  328s
abyssal_chandelier        152    133    2    2    0     111m   46s
quantum_orrery            151    141    0    1    0     512m  212s
pollen_court              150    138    0    0    0     689m  289s
termite_citadel           146    130    0    1    0      18m    8s
ivory_gambit              146    133    3    1    0      15m    6s
lather_atlas              141    130    0    0    0       9m    5s
magnetite_choir           140    128    0    0    0     104m   49s
lichen_moor               130    116    0    0    0     158m   80s

appended 41 rows to outbox/ig_insights.jsonl
followers: 81   ('81 Followers, 20 Following, 56 Posts - See Instagram photos and videos from Powe')
reels on grid: 56 (trusted-hover pass, 56 with likes)

journey                     views  likes  like%  code
squid_lantern                2996     59   2.0%  DcKg2bhhBG0
night_bloom_remix            2094     28   1.3%  Dbg3QOnxpQi
eclipse_waterhole            1898     64   3.4%  DcrORSVvyet
physarum_maze                1752     32   1.8%  DcUsSy3pWpB
cosmic_scales_remix          1708     28   1.6%  DbbtqMVtunf
geode_cosmos                 1521     33   2.2%  DcGahIISzJw
sundew_snare                 1504     75   5.0%  DcMilj8BvPm
desert_rosette               1400     35   2.5%  DcQnXQrhkHn
lantern_mangrove             1390     21   1.5%  DcgRKhzODHi
cobalt_rookery                973     32   3.3%  DcmB0c-OpAZ
salt_mirror                   645      1   0.2%  DcBQ7cpxIRg
mineral_heart                 579     17   2.9%  Dbk8L2hpUfz
meteorite_cradle              545     12   2.2%  Dcmt3kHNrQw
cave_of_numbers               369      5   1.4%  DbmA2MBQ0Ft
vesper_flight                 362      9   2.5%  DchCOAOhmDn
copper_rain                   325      8   2.5%  DbsqkAqu7OB
ember_meadow                  323      6   1.9%  DcOk8BQACG5
butterfly_meridian            310     15   4.8%  DbiXYvTxGr9
sugar_nebula                  274      1   0.4%  Db0Y8-qO1-Q
circuit_city                  253      7   2.8%  DbeSdr0uWQe
food_chain                    240      2   0.8%  DbZI3tOMPqL
peony_shell                   220      2   0.9%  DccarGtgKjB
tesla_garden                  217     10   4.6%  DbvPXOBPRP8
pomegranate_vault             210      3   1.4%  DcpLy5DNrUW
wild_yeast                    209      1   0.5%  DcjEaHItaFN
?                             205      2   1.0%  DbRslvuJmwq
brinicle_grove                201      1   0.5%  DcWuv6DhbSb
whale_fall_republic           200      5   2.5%  DcY5PRHxbtQ
caddis_masonry                180      3   1.7%  Dca_2VJRSs1
dollhouse                     176      4   2.3%  DbfylfKtqYd
magnetite_choir               173      ?      ?  DctQuxrOmCO
chameleon_prism               171      4   2.3%  DcSp1LvuwkB
cinder_veil                   169      1   0.6%  Db_wy6SMj1f
moth_orchard_night            168      7   4.2%  DcE6Y9Murh5
velvet_atlas                  168      6   3.6%  DbwUB8zQlsm
tide_glass                    167      2   1.2%  Db-sIZ8JNWA
cartographer                  167      5   3.0%  DbdS6MlhTBU
?                             167      3   1.8%  DbUAppwshJV
snowfall                      166      3   1.8%  Dba1KIBhz3b
glass_apiary                  162      3   1.9%  DbrKbv5BzMr
frost_window                  162      2   1.2%  DbolpFYs3Tq
resonance_hall                157      4   2.5%  Db9L_ofszjn
ink_dynasty                   157      8   5.1%  Db1dnXug0Om
chalkboard_infinities         153      4   2.6%  Dby40v0t29S
abyssal_chandelier            152      2   1.3%  DcCVl5qtz4w
quantum_orrery                151      3   2.0%  DbqFxM6R-lR
midnight_kitchen              151      4   2.6%  DbTB20SvVx6
termite_citadel               150      3   2.0%  Dce_d_qOwVA
pollen_court                  150      4   2.7%  DbtvOrQMd-j
ivory_gambit                  146      3   2.1%  DcD1ubzp9IM
jade_automata                 143      9   6.3%  DbjcDhyO_9n
lather_atlas                  141      3   2.1%  Dbng-e1hZRb
lichen_moor                   130      2   1.5%  Db29vr7gb7Y
alexandria                    130      4   3.1%  DbYP5WcutsC
tide_of_life                   78      2   2.6%  DbVob6pJnSg
alexandria                     70      2   2.9%  DbWkGPOBLzg

snapshot appended to outbox/ig_stats.jsonl (56 rows)
journey                 views  reach  shr  sav  fol    watch   avg
squid_lantern            2996   2175    7   10   14     224m    6s
eclipse_waterhole        1898   1604   13   17   11     261m   10s
physarum_maze            1752   1444    9    8    3     207m    9s
geode_cosmos             1521   1328    5   10    4     255m   11s
sundew_snare             1504   1354   13   11    4     137m    6s
desert_rosette           1400   1231   12    9    1     197m    9s
lantern_mangrove         1390   1136    2    5    0     533m   28s
cobalt_rookery            973    825    6    7    3     148m   11s
salt_mirror               645    538    1    0    2      73m    8s
mineral_heart             579    488    4    5    8     155m   18s
meteorite_cradle          545    488    8    6    4      60m    7s
cave_of_numbers           369    320    0    1    1     217m   40s
vesper_flight             362    324    1    4    2      50m    9s
copper_rain               325    260    1    2    1     494m  109s
ember_meadow              323    270    1    2    0      65m   14s
sugar_nebula              274    219    1    1    0      73m   20s
peony_shell               220    183    0    0    0      18m    5s
tesla_garden              217    191    1    1    1     405m  119s
pomegranate_vault         210    182    1    1    1     890m  271s
wild_yeast                209    178    1    0    0     237m   72s
brinicle_grove            201    161    1    0    0      20m    7s
whale_fall_republic       200    170    1    2    1      21m    7s
caddis_masonry            180    157    0    0    0      24m    8s
magnetite_choir           173    157    1    0    0     190m   71s
chameleon_prism           171    157    1    1    1     185m   65s
cinder_veil               169    151    2    0    1     144m   55s
moth_orchard_night        168    138    0    0    0      15m    6s
velvet_atlas              168    135    0    1    0     222m   93s
tide_glass                167    153    2    0    1      52m   19s
glass_apiary              162    139    0    0    0     757m  305s
frost_window              162    139    0    1    0     688m  285s
resonance_hall            157    140    2    1    1      14m    6s
ink_dynasty               157    140    0    2    0     108m   46s
chalkboard_infinities     153    125    0    0    0     726m  328s
abyssal_chandelier        152    133    2    2    0     111m   46s
quantum_orrery            151    141    0    1    0     512m  212s
termite_citadel           150    133    0    1    0      19m    8s
pollen_court              150    138    0    0    0     689m  289s
ivory_gambit              146    133    3    1    0      15m    6s
lather_atlas              141    130    0    0    0       9m    5s
lichen_moor               130    116    0    0    0     158m   80s

appended 41 rows to outbox/ig_insights.jsonl
followers: 81   ('81 Followers, 20 Following, 57 Posts - See Instagram photos and videos from Powe')
reels on grid: 57 (trusted-hover pass, 57 with likes)

journey                     views  likes  like%  code
squid_lantern                2997     59   2.0%  DcKg2bhhBG0
night_bloom_remix            2094     28   1.3%  Dbg3QOnxpQi
eclipse_waterhole            1971     64   3.2%  DcrORSVvyet
physarum_maze                1753     32   1.8%  DcUsSy3pWpB
cosmic_scales_remix          1708     28   1.6%  DbbtqMVtunf
geode_cosmos                 1522     33   2.2%  DcGahIISzJw
sundew_snare                 1504     75   5.0%  DcMilj8BvPm
desert_rosette               1400     35   2.5%  DcQnXQrhkHn
lantern_mangrove             1390     21   1.5%  DcgRKhzODHi
cobalt_rookery                974     32   3.3%  DcmB0c-OpAZ
salt_mirror                   645      1   0.2%  DcBQ7cpxIRg
mineral_heart                 579     17   2.9%  Dbk8L2hpUfz
meteorite_cradle              546     12   2.2%  Dcmt3kHNrQw
cave_of_numbers               369      5   1.4%  DbmA2MBQ0Ft
vesper_flight                 363      9   2.5%  DchCOAOhmDn
copper_rain                   325      8   2.5%  DbsqkAqu7OB
ember_meadow                  323      6   1.9%  DcOk8BQACG5
butterfly_meridian            310     15   4.8%  DbiXYvTxGr9
sugar_nebula                  274      1   0.4%  Db0Y8-qO1-Q
circuit_city                  253      7   2.8%  DbeSdr0uWQe
food_chain                    240      2   0.8%  DbZI3tOMPqL
peony_shell                   220      2   0.9%  DccarGtgKjB
tesla_garden                  217     10   4.6%  DbvPXOBPRP8
magnetite_choir               212      1   0.5%  DctQuxrOmCO
pomegranate_vault             211      3   1.4%  DcpLy5DNrUW
wild_yeast                    210      1   0.5%  DcjEaHItaFN
?                             205      2   1.0%  DbRslvuJmwq
whale_fall_republic           204      5   2.5%  DcY5PRHxbtQ
brinicle_grove                201      1   0.5%  DcWuv6DhbSb
caddis_masonry                180      3   1.7%  Dca_2VJRSs1
dollhouse                     176      4   2.3%  DbfylfKtqYd
chameleon_prism               171      4   2.3%  DcSp1LvuwkB
cinder_veil                   169      1   0.6%  Db_wy6SMj1f
moth_orchard_night            168      7   4.2%  DcE6Y9Murh5
velvet_atlas                  168      6   3.6%  DbwUB8zQlsm
tide_glass                    167      2   1.2%  Db-sIZ8JNWA
cartographer                  167      5   3.0%  DbdS6MlhTBU
?                             167      3   1.8%  DbUAppwshJV
snowfall                      166      3   1.8%  Dba1KIBhz3b
glass_apiary                  162      3   1.9%  DbrKbv5BzMr
frost_window                  162      2   1.2%  DbolpFYs3Tq
resonance_hall                157      4   2.5%  Db9L_ofszjn
ink_dynasty                   157      8   5.1%  Db1dnXug0Om
chalkboard_infinities         153      4   2.6%  Dby40v0t29S
magellanic_mob                152      1   0.7%  DcvuqYohsqq
abyssal_chandelier            152      2   1.3%  DcCVl5qtz4w
quantum_orrery                151      3   2.0%  DbqFxM6R-lR
midnight_kitchen              151      4   2.6%  DbTB20SvVx6
termite_citadel               150      3   2.0%  Dce_d_qOwVA
pollen_court                  150      4   2.7%  DbtvOrQMd-j
ivory_gambit                  146      3   2.1%  DcD1ubzp9IM
jade_automata                 143      9   6.3%  DbjcDhyO_9n
lather_atlas                  141      3   2.1%  Dbng-e1hZRb
lichen_moor                   130      2   1.5%  Db29vr7gb7Y
alexandria                    130      4   3.1%  DbYP5WcutsC
tide_of_life                   78      2   2.6%  DbVob6pJnSg
alexandria                     70      2   2.9%  DbWkGPOBLzg

snapshot appended to outbox/ig_stats.jsonl (57 rows)
journey                 views  reach  shr  sav  fol    watch   avg
squid_lantern            2997   2175    7   10   14     224m    6s
eclipse_waterhole        1971   1668    ?    ?    ?        ?    ?s
physarum_maze            1753   1446    9    8    3     207m    9s
geode_cosmos             1522   1328    5   10    4     255m   11s
sundew_snare             1504   1354   13   11    4     137m    6s
desert_rosette           1400   1231   12    9    1     197m    9s
lantern_mangrove         1390   1136    ?    ?    ?        ?    ?s
cobalt_rookery            974    828    ?    ?    ?        ?    ?s
salt_mirror               645    538    1    0    2      73m    8s
meteorite_cradle          546    489    ?    ?    ?        ?    ?s
vesper_flight             363    326    ?    ?    ?        ?    ?s
copper_rain               325    260    1    2    1     494m  109s
ember_meadow              323    270    1    2    0      65m   14s
sugar_nebula              274    219    1    1    0      73m   20s
peony_shell               220    183    ?    ?    ?        ?    ?s
tesla_garden              217    191    1    1    1     405m  119s
magnetite_choir           212    185    ?    ?    ?        ?    ?s
pomegranate_vault         211    183    ?    ?    ?        ?    ?s
wild_yeast                210    179    ?    ?    ?        ?    ?s
whale_fall_republic       204    171    1    2    1      21m    7s
brinicle_grove            201    161    1    0    0      20m    7s
caddis_masonry            180    157    0    0    0      24m    8s
chameleon_prism           171    157    1    1    1     185m   65s
cinder_veil               169    151    2    0    1     144m   55s
moth_orchard_night        168    138    0    0    0      15m    6s
velvet_atlas              168    135    0    1    0     222m   93s
tide_glass                167    153    2    0    1      52m   19s
glass_apiary              162    139    0    0    0     757m  305s
frost_window              162    139    0    1    0     688m  285s
resonance_hall            157    140    2    1    1      14m    6s
ink_dynasty               157    140    0    2    0     108m   46s
chalkboard_infinities     153    125    0    0    0     726m  328s
magellanic_mob            152    135    ?    ?    ?        ?    ?s
abyssal_chandelier        152    133    2    2    0     111m   46s
quantum_orrery            151    141    0    1    0     512m  212s
termite_citadel           150    133    ?    ?    ?        ?    ?s
pollen_court              150    138    0    0    0     689m  289s
ivory_gambit              146    133    3    1    0      15m    6s
lather_atlas              141    130    0    0    0       9m    5s
lichen_moor               130    116    0    0    0     158m   80s

appended 40 rows to outbox/ig_insights.jsonl
followers: 86   ('86 Followers, 20 Following, 57 Posts - See Instagram photos and videos from Powe')
reels on grid: 36 (trusted-hover pass, 36 with likes)

journey                     views  likes  like%  code
squid_lantern                2997     59   2.0%  DcKg2bhhBG0
eclipse_waterhole            1998     65   3.3%  DcrORSVvyet
physarum_maze                1754     32   1.8%  DcUsSy3pWpB
geode_cosmos                 1522     33   2.2%  DcGahIISzJw
sundew_snare                 1506     75   5.0%  DcMilj8BvPm
desert_rosette               1401     35   2.5%  DcQnXQrhkHn
lantern_mangrove             1391     21   1.5%  DcgRKhzODHi
cobalt_rookery                974     32   3.3%  DcmB0c-OpAZ
salt_mirror                   645      1   0.2%  DcBQ7cpxIRg
meteorite_cradle              547     12   2.2%  Dcmt3kHNrQw
vesper_flight                 363      9   2.5%  DchCOAOhmDn
copper_rain                   325      8   2.5%  DbsqkAqu7OB
ember_meadow                  323      6   1.9%  DcOk8BQACG5
sugar_nebula                  274      1   0.4%  Db0Y8-qO1-Q
magnetite_choir               231      2   0.9%  DctQuxrOmCO
peony_shell                   220      2   0.9%  DccarGtgKjB
tesla_garden                  217     10   4.6%  DbvPXOBPRP8
wild_yeast                    212      1   0.5%  DcjEaHItaFN
pomegranate_vault             211      3   1.4%  DcpLy5DNrUW
whale_fall_republic           204      5   2.5%  DcY5PRHxbtQ
brinicle_grove                201      1   0.5%  DcWuv6DhbSb
caddis_masonry                181      3   1.7%  Dca_2VJRSs1
chameleon_prism               171      4   2.3%  DcSp1LvuwkB
cinder_veil                   169      1   0.6%  Db_wy6SMj1f
moth_orchard_night            168      7   4.2%  DcE6Y9Murh5
velvet_atlas                  168      6   3.6%  DbwUB8zQlsm
tide_glass                    167      2   1.2%  Db-sIZ8JNWA
resonance_hall                157      4   2.5%  Db9L_ofszjn
ink_dynasty                   157      8   5.1%  Db1dnXug0Om
magellanic_mob                153      1   0.7%  DcvuqYohsqq
chalkboard_infinities         153      4   2.6%  Dby40v0t29S
abyssal_chandelier            152      2   1.3%  DcCVl5qtz4w
termite_citadel               150      3   2.0%  Dce_d_qOwVA
pollen_court                  150      4   2.7%  DbtvOrQMd-j
ivory_gambit                  146      3   2.1%  DcD1ubzp9IM
lichen_moor                   130      2   1.5%  Db29vr7gb7Y

snapshot appended to outbox/ig_stats.jsonl (36 rows)
journey                 views  reach  shr  sav  fol    watch   avg
squid_lantern            2997   2175    7   10   14     224m    6s
eclipse_waterhole        1998   1689    ?    ?    ?        ?    ?s
physarum_maze            1754   1446    9    8    3     207m    9s
geode_cosmos             1522   1328    5   10    4     255m   11s
sundew_snare             1506   1355   13   11    4     137m    6s
desert_rosette           1401   1231   12    9    1     197m    9s
lantern_mangrove         1391   1137    ?    ?    ?        ?    ?s
cobalt_rookery            974    828    ?    ?    ?        ?    ?s
salt_mirror               645    538    1    0    2      73m    8s
meteorite_cradle          547    490    ?    ?    ?        ?    ?s
vesper_flight             363    326    ?    ?    ?        ?    ?s
copper_rain               325    260    1    2    1     494m  109s
ember_meadow              323    270    1    2    0      65m   14s
sugar_nebula              274    219    1    1    0      73m   20s
magnetite_choir           231    199    ?    ?    ?        ?    ?s
peony_shell               220    183    ?    ?    ?        ?    ?s
tesla_garden              217    191    1    1    1     405m  119s
wild_yeast                212    180    ?    ?    ?        ?    ?s
pomegranate_vault         211    184    ?    ?    ?        ?    ?s
whale_fall_republic       204    171    1    2    1      21m    7s
brinicle_grove            201    161    1    0    0      20m    7s
caddis_masonry            181    158    0    0    0      24m    8s
chameleon_prism           171    157    1    1    1     185m   65s
cinder_veil               169    151    2    0    1     144m   55s
moth_orchard_night        168    138    0    0    0      15m    6s
velvet_atlas              168    135    0    1    0     222m   93s
tide_glass                167    153    2    0    1      52m   19s
glass_apiary              162    139    0    0    0     757m  305s
frost_window              162    139    0    1    0     688m  285s
resonance_hall            157    140    2    1    1      14m    6s
ink_dynasty               157    140    0    2    0     108m   46s
magellanic_mob            153    137    ?    ?    ?        ?    ?s
chalkboard_infinities     153    125    0    0    0     726m  328s
abyssal_chandelier        152    133    2    2    0     111m   46s
quantum_orrery            151    141    0    1    0     512m  212s
termite_citadel           150    133    ?    ?    ?        ?    ?s
pollen_court              150    138    0    0    0     689m  289s
ivory_gambit              146    133    3    1    0      15m    6s
lather_atlas              141    130    0    0    0       9m    5s
lichen_moor               130    116    0    0    0     158m   80s

appended 40 rows to outbox/ig_insights.jsonl
followers: 86   ('86 Followers, 20 Following, 58 Posts - See Instagram photos and videos from Powe')
reels on grid: 36 (trusted-hover pass, 36 with likes)

journey                     views  likes  like%  code
squid_lantern                2998     59   2.0%  DcKg2bhhBG0
eclipse_waterhole            2004     65   3.2%  DcrORSVvyet
physarum_maze                1754     32   1.8%  DcUsSy3pWpB
geode_cosmos                 1522     33   2.2%  DcGahIISzJw
sundew_snare                 1506     75   5.0%  DcMilj8BvPm
desert_rosette               1401     35   2.5%  DcQnXQrhkHn
lantern_mangrove             1392     21   1.5%  DcgRKhzODHi
cobalt_rookery                975     32   3.3%  DcmB0c-OpAZ
salt_mirror                   645      1   0.2%  DcBQ7cpxIRg
meteorite_cradle              547     12   2.2%  Dcmt3kHNrQw
vesper_flight                 363      9   2.5%  DchCOAOhmDn
ember_meadow                  323      6   1.9%  DcOk8BQACG5
sugar_nebula                  274      1   0.4%  Db0Y8-qO1-Q
magnetite_choir               231      2   0.9%  DctQuxrOmCO
peony_shell                   220      2   0.9%  DccarGtgKjB
tesla_garden                  217     10   4.6%  DbvPXOBPRP8
wild_yeast                    212      1   0.5%  DcjEaHItaFN
pomegranate_vault             211      3   1.4%  DcpLy5DNrUW
whale_fall_republic           204      5   2.5%  DcY5PRHxbtQ
brinicle_grove                201      1   0.5%  DcWuv6DhbSb
caddis_masonry                181      3   1.7%  Dca_2VJRSs1
chameleon_prism               171      4   2.3%  DcSp1LvuwkB
cinder_veil                   169      1   0.6%  Db_wy6SMj1f
moth_orchard_night            168      7   4.2%  DcE6Y9Murh5
velvet_atlas                  168      6   3.6%  DbwUB8zQlsm
tide_glass                    167      2   1.2%  Db-sIZ8JNWA
resonance_hall                157      4   2.5%  Db9L_ofszjn
ink_dynasty                   157      8   5.1%  Db1dnXug0Om
bee_cathedral                 155      2   1.3%  DcxVqMzv84K
magellanic_mob                153      1   0.7%  DcvuqYohsqq
chalkboard_infinities         153      4   2.6%  Dby40v0t29S
abyssal_chandelier            152      2   1.3%  DcCVl5qtz4w
termite_citadel               150      3   2.0%  Dce_d_qOwVA
pollen_court                  150      4   2.7%  DbtvOrQMd-j
ivory_gambit                  146      3   2.1%  DcD1ubzp9IM
lichen_moor                   130      2   1.5%  Db29vr7gb7Y

snapshot appended to outbox/ig_stats.jsonl (36 rows)
journey                 views  reach  shr  sav  fol    watch   avg
squid_lantern            2998   2175    7   10   14     224m    6s
eclipse_waterhole        2004   1696   13   18   11     272m   10s
physarum_maze            1754   1446    9    8    3     207m    9s
geode_cosmos             1522   1328    5   10    4     255m   11s
sundew_snare             1506   1355   13   11    4     137m    6s
desert_rosette           1401   1231   12    9    1     197m    9s
lantern_mangrove         1392   1138    2    5    0     533m   28s
cobalt_rookery            975    829    6    7    3     149m   11s
salt_mirror               645    538    1    0    2      73m    8s
meteorite_cradle          547    490    8    6    4      61m    7s
vesper_flight             363    326    1    4    2      50m    9s
copper_rain               325    260    1    2    1     494m  109s
ember_meadow              323    270    1    2    0      65m   14s
sugar_nebula              274    219    1    1    0      73m   20s
magnetite_choir           231    199    1    2    0     194m   55s
peony_shell               220    183    0    0    0      18m    5s
tesla_garden              217    191    1    1    1     405m  119s
wild_yeast                212    180    1    0    0     237m   70s
pomegranate_vault         211    184    1    1    1     890m  266s
whale_fall_republic       204    171    1    2    1      21m    7s
brinicle_grove            201    161    1    0    0      20m    7s
caddis_masonry            181    158    0    0    0      24m    8s
chameleon_prism           171    157    1    1    1     185m   65s
cinder_veil               169    151    2    0    1     144m   55s
moth_orchard_night        168    138    0    0    0      15m    6s
velvet_atlas              168    135    0    1    0     222m   93s
tide_glass                167    153    2    0    1      52m   19s
glass_apiary              162    139    0    0    0     757m  305s
resonance_hall            157    140    2    1    1      14m    6s
ink_dynasty               157    140    0    2    0     108m   46s
bee_cathedral             155    127    3    0    1     349m  161s
magellanic_mob            153    137    1    1    0     297m  127s
chalkboard_infinities     153    125    0    0    0     726m  328s
abyssal_chandelier        152    133    2    2    0     111m   46s
quantum_orrery            151    141    0    1    0     512m  212s
termite_citadel           150    133    0    1    0      19m    8s
pollen_court              150    138    0    0    0     689m  289s
ivory_gambit              146    133    3    1    0      15m    6s
lichen_moor               130    116    0    0    0     158m   80s

appended 39 rows to outbox/ig_insights.jsonl
followers: 86   ('86 Followers, 20 Following, 59 Posts - See Instagram photos and videos from Powe')
reels on grid: 33 (trusted-hover pass, 33 with likes)

journey                     views  likes  like%  code
squid_lantern                3018     60   2.0%  DcKg2bhhBG0
eclipse_waterhole            2014     67   3.3%  DcrORSVvyet
physarum_maze                1757     33   1.9%  DcUsSy3pWpB
geode_cosmos                 1522     33   2.2%  DcGahIISzJw
sundew_snare                 1506     75   5.0%  DcMilj8BvPm
desert_rosette               1404     36   2.6%  DcQnXQrhkHn
lantern_mangrove             1394     21   1.5%  DcgRKhzODHi
cobalt_rookery                975     32   3.3%  DcmB0c-OpAZ
salt_mirror                   645      1   0.2%  DcBQ7cpxIRg
meteorite_cradle              548     12   2.2%  Dcmt3kHNrQw
vesper_flight                 363      9   2.5%  DchCOAOhmDn
ember_meadow                  323      6   1.9%  DcOk8BQACG5
sugar_nebula                  274      1   0.4%  Db0Y8-qO1-Q
bee_cathedral                 245      5   2.0%  DcxVqMzv84K
magnetite_choir               232      2   0.9%  DctQuxrOmCO
peony_shell                   220      2   0.9%  DccarGtgKjB
wild_yeast                    212      1   0.5%  DcjEaHItaFN
pomegranate_vault             211      3   1.4%  DcpLy5DNrUW
whale_fall_republic           204      5   2.5%  DcY5PRHxbtQ
brinicle_grove                201      1   0.5%  DcWuv6DhbSb
caddis_masonry                181      3   1.7%  Dca_2VJRSs1
ruby_furnace                  179      5   2.8%  DczYHiNMIQP
chameleon_prism               171      4   2.3%  DcSp1LvuwkB
cinder_veil                   169      1   0.6%  Db_wy6SMj1f
moth_orchard_night            168      7   4.2%  DcE6Y9Murh5
tide_glass                    167      2   1.2%  Db-sIZ8JNWA
resonance_hall                157      4   2.5%  Db9L_ofszjn
ink_dynasty                   157      8   5.1%  Db1dnXug0Om
magellanic_mob                154      1   0.6%  DcvuqYohsqq
termite_citadel               152      3   2.0%  Dce_d_qOwVA
abyssal_chandelier            152      2   1.3%  DcCVl5qtz4w
ivory_gambit                  146      3   2.1%  DcD1ubzp9IM
lichen_moor                   130      2   1.5%  Db29vr7gb7Y

snapshot appended to outbox/ig_stats.jsonl (33 rows)
journey                 views  reach  shr  sav  fol    watch   avg
squid_lantern            3018   2184    7   11   14     226m    6s
eclipse_waterhole        2014   1702   13   18   11     275m   10s
physarum_maze            1757   1448    9    9    3     207m    9s
geode_cosmos             1522   1328    5   10    4     255m   11s
sundew_snare             1506   1355   13   11    4     137m    6s
desert_rosette           1404   1231   12    9    1     197m    9s
lantern_mangrove         1394   1139    2    5    0     533m   28s
cobalt_rookery            975    829    6    7    3     149m   11s
salt_mirror               645    538    1    0    2      73m    8s
meteorite_cradle          548    490    8    6    4      61m    7s
vesper_flight             363    326    1    4    2      50m    9s
copper_rain               325    260    1    2    1     494m  109s
ember_meadow              323    270    1    2    0      65m   14s
sugar_nebula              274    219    1    1    0      73m   20s
bee_cathedral             245    203    3    0    1     471m  135s
magnetite_choir           232    199    1    2    0     194m   55s
peony_shell               220    183    0    0    0      18m    5s
tesla_garden              217    191    1    1    1     405m  119s
wild_yeast                212    180    1    0    0     237m   70s
pomegranate_vault         211    184    1    1    1     890m  266s
whale_fall_republic       204    171    1    2    1      21m    7s
brinicle_grove            201    161    1    0    0      20m    7s
caddis_masonry            181    158    0    0    0      24m    8s
ruby_furnace              179    153    0    2    0      61m   24s
chameleon_prism           171    157    1    1    1     185m   65s
cinder_veil               169    151    2    0    1     144m   55s
velvet_atlas              169    136    0    1    0     222m   93s
moth_orchard_night        168    138    0    0    0      15m    6s
tide_glass                167    153    2    0    1      52m   19s
glass_apiary              162    139    0    0    0     757m  305s
resonance_hall            157    140    2    1    1      14m    6s
ink_dynasty               157    140    0    2    0     108m   46s
magellanic_mob            154    137    1    1    0     297m  124s
chalkboard_infinities     153    125    0    0    0     726m  328s
termite_citadel           152    134    0    1    0      19m    8s
abyssal_chandelier        152    133    2    2    0     111m   46s
pollen_court              150    138    0    0    0     689m  289s
ivory_gambit              146    133    3    1    0      15m    6s
lichen_moor               130    116    0    0    0     158m   80s

appended 39 rows to outbox/ig_insights.jsonl
followers: 87   ('87 Followers, 20 Following, 59 Posts - See Instagram photos and videos from Powe')
reels on grid: 36 (trusted-hover pass, 36 with likes)

journey                     views  likes  like%  code
squid_lantern                3018     60   2.0%  DcKg2bhhBG0
eclipse_waterhole            2014     67   3.3%  DcrORSVvyet
physarum_maze                1757     33   1.9%  DcUsSy3pWpB
geode_cosmos                 1522     33   2.2%  DcGahIISzJw
sundew_snare                 1506     75   5.0%  DcMilj8BvPm
desert_rosette               1404     36   2.6%  DcQnXQrhkHn
lantern_mangrove             1394     21   1.5%  DcgRKhzODHi
cobalt_rookery                975     32   3.3%  DcmB0c-OpAZ
salt_mirror                   645      1   0.2%  DcBQ7cpxIRg
meteorite_cradle              548     12   2.2%  Dcmt3kHNrQw
vesper_flight                 363      9   2.5%  DchCOAOhmDn
ember_meadow                  323      6   1.9%  DcOk8BQACG5
sugar_nebula                  274      1   0.4%  Db0Y8-qO1-Q
bee_cathedral                 258      6   2.3%  DcxVqMzv84K
magnetite_choir               232      2   0.9%  DctQuxrOmCO
peony_shell                   220      2   0.9%  DccarGtgKjB
tesla_garden                  217     10   4.6%  DbvPXOBPRP8
wild_yeast                    212      1   0.5%  DcjEaHItaFN
pomegranate_vault             211      3   1.4%  DcpLy5DNrUW
whale_fall_republic           204      5   2.5%  DcY5PRHxbtQ
brinicle_grove                201      1   0.5%  DcWuv6DhbSb
ruby_furnace                  182      5   2.7%  DczYHiNMIQP
caddis_masonry                181      3   1.7%  Dca_2VJRSs1
chameleon_prism               171      4   2.3%  DcSp1LvuwkB
cinder_veil                   169      1   0.6%  Db_wy6SMj1f
velvet_atlas                  169      6   3.6%  DbwUB8zQlsm
moth_orchard_night            168      7   4.2%  DcE6Y9Murh5
tide_glass                    167      2   1.2%  Db-sIZ8JNWA
resonance_hall                157      4   2.5%  Db9L_ofszjn
ink_dynasty                   157      8   5.1%  Db1dnXug0Om
magellanic_mob                154      1   0.6%  DcvuqYohsqq
chalkboard_infinities         153      4   2.6%  Dby40v0t29S
termite_citadel               152      3   2.0%  Dce_d_qOwVA
abyssal_chandelier            152      2   1.3%  DcCVl5qtz4w
ivory_gambit                  146      3   2.1%  DcD1ubzp9IM
lichen_moor                   130      2   1.5%  Db29vr7gb7Y

snapshot appended to outbox/ig_stats.jsonl (36 rows)
journey                 views  reach  shr  sav  fol    watch   avg
squid_lantern            3018   2184    7   11   14     226m    6s
eclipse_waterhole        2014   1702   13   18   11     275m   10s
physarum_maze            1757   1448    9    9    3     207m    9s
geode_cosmos             1522   1328    5   10    4     255m   11s
sundew_snare             1506   1355   13   11    4     137m    6s
desert_rosette           1404   1231   12    9    1     197m    9s
lantern_mangrove         1394   1140    2    5    0     533m   28s
cobalt_rookery            975    829    6    7    3     149m   11s
salt_mirror               645    538    1    0    2      73m    8s
meteorite_cradle          548    490    8    6    4      61m    7s
vesper_flight             363    326    1    4    2      50m    9s
copper_rain               325    260    1    2    1     494m  109s
ember_meadow              323    270    1    2    0      65m   14s
sugar_nebula              274    219    1    1    0      73m   20s
bee_cathedral             258    218    3    0    1     472m  124s
magnetite_choir           232    199    1    2    0     194m   54s
peony_shell               220    183    0    0    0      18m    5s
tesla_garden              217    191    1    1    1     405m  119s
wild_yeast                212    180    1    0    0     237m   70s
pomegranate_vault         211    184    1    1    1     890m  266s
whale_fall_republic       204    171    1    2    1      21m    7s
brinicle_grove            201    161    1    0    0      20m    7s
ruby_furnace              182    163    0    2    0      61m   22s
caddis_masonry            181    158    0    0    0      24m    8s
chameleon_prism           171    157    1    1    1     185m   65s
cinder_veil               169    151    2    0    1     144m   55s
velvet_atlas              169    136    0    1    0     222m   93s
moth_orchard_night        168    138    0    0    0      15m    6s
tide_glass                167    153    2    0    1      52m   19s
resonance_hall            157    140    2    1    1      14m    6s
ink_dynasty               157    140    0    2    0     108m   46s
magellanic_mob            154    137    1    1    0     297m  122s
chalkboard_infinities     153    125    0    0    0     726m  328s
termite_citadel           152    134    0    1    0      19m    8s
abyssal_chandelier        152    133    2    2    0     111m   46s
pollen_court              150    138    0    0    0     689m  289s
ivory_gambit              146    133    3    1    0      15m    6s
lichen_moor               130    116    0    0    0     158m   80s

appended 38 rows to outbox/ig_insights.jsonl
followers: 87   ('87 Followers, 20 Following, 60 Posts - See Instagram photos and videos from Powe')
reels on grid: 55 (trusted-hover pass, 55 with likes)

journey                     views  likes  like%  code
squid_lantern                3018     60   2.0%  DcKg2bhhBG0
night_bloom_remix            2094     28   1.3%  Dbg3QOnxpQi
eclipse_waterhole            2014     67   3.3%  DcrORSVvyet
physarum_maze                1757     33   1.9%  DcUsSy3pWpB
cosmic_scales_remix          1710     28   1.6%  DbbtqMVtunf
geode_cosmos                 1522     33   2.2%  DcGahIISzJw
sundew_snare                 1506     75   5.0%  DcMilj8BvPm
desert_rosette               1404     36   2.6%  DcQnXQrhkHn
lantern_mangrove             1394     21   1.5%  DcgRKhzODHi
cobalt_rookery                975     32   3.3%  DcmB0c-OpAZ
salt_mirror                   645      1   0.2%  DcBQ7cpxIRg
mineral_heart                 579     17   2.9%  Dbk8L2hpUfz
meteorite_cradle              548     12   2.2%  Dcmt3kHNrQw
cave_of_numbers               369      5   1.4%  DbmA2MBQ0Ft
vesper_flight                 363      9   2.5%  DchCOAOhmDn
copper_rain                   325      8   2.5%  DbsqkAqu7OB
ember_meadow                  323      6   1.9%  DcOk8BQACG5
butterfly_meridian            310     15   4.8%  DbiXYvTxGr9
sugar_nebula                  274      1   0.4%  Db0Y8-qO1-Q
bee_cathedral                 258      6   2.3%  DcxVqMzv84K
circuit_city                  253      7   2.8%  DbeSdr0uWQe
food_chain                    240      2   0.8%  DbZI3tOMPqL
magnetite_choir               232      2   0.9%  DctQuxrOmCO
bamboo_sea                    229      1   0.4%  Dc1ak6sOB39
peony_shell                   220      2   0.9%  DccarGtgKjB
tesla_garden                  217     10   4.6%  DbvPXOBPRP8
wild_yeast                    212      1   0.5%  DcjEaHItaFN
pomegranate_vault             211      3   1.4%  DcpLy5DNrUW
whale_fall_republic           204      5   2.5%  DcY5PRHxbtQ
brinicle_grove                201      1   0.5%  DcWuv6DhbSb
caddis_masonry                183      4   2.2%  Dca_2VJRSs1
ruby_furnace                  182      5   2.7%  DczYHiNMIQP
dollhouse                     176      4   2.3%  DbfylfKtqYd
chameleon_prism               171      4   2.3%  DcSp1LvuwkB
cinder_veil                   169      1   0.6%  Db_wy6SMj1f
velvet_atlas                  169      6   3.6%  DbwUB8zQlsm
moth_orchard_night            168      7   4.2%  DcE6Y9Murh5
tide_glass                    167      2   1.2%  Db-sIZ8JNWA
cartographer                  167      5   3.0%  DbdS6MlhTBU
snowfall                      166      3   1.8%  Dba1KIBhz3b
glass_apiary                  162      3   1.9%  DbrKbv5BzMr
frost_window                  162      2   1.2%  DbolpFYs3Tq
resonance_hall                157      4   2.5%  Db9L_ofszjn
ink_dynasty                   157      8   5.1%  Db1dnXug0Om
magellanic_mob                154      1   0.6%  DcvuqYohsqq
chalkboard_infinities         153      4   2.6%  Dby40v0t29S
termite_citadel               152      3   2.0%  Dce_d_qOwVA
abyssal_chandelier            152      2   1.3%  DcCVl5qtz4w
quantum_orrery                151      3   2.0%  DbqFxM6R-lR
pollen_court                  150      4   2.7%  DbtvOrQMd-j
ivory_gambit                  146      3   2.1%  DcD1ubzp9IM
jade_automata                 143      9   6.3%  DbjcDhyO_9n
lather_atlas                  141      3   2.1%  Dbng-e1hZRb
lichen_moor                   130      2   1.5%  Db29vr7gb7Y
alexandria                    130      4   3.1%  DbYP5WcutsC

snapshot appended to outbox/ig_stats.jsonl (55 rows)
journey                 views  reach  shr  sav  fol    watch   avg
squid_lantern            3018   2184    7   11   14     226m    6s
eclipse_waterhole        2014   1702    ?    ?    ?        ?    ?s
physarum_maze            1757   1448    9    9    3     207m    9s
geode_cosmos             1522   1328    5   10    4     255m   11s
sundew_snare             1506   1355   13   11    4     137m    6s
desert_rosette           1404   1231   12    9    1     197m    9s
lantern_mangrove         1394   1140    2    5    0     533m   28s
cobalt_rookery            975    829    ?    ?    ?        ?    ?s
salt_mirror               645    538    1    0    2      73m    8s
meteorite_cradle          548    490    ?    ?    ?        ?    ?s
vesper_flight             363    326    1    4    2      50m    9s
copper_rain               325    260    1    2    1     494m  109s
ember_meadow              323    270    1    2    0      65m   14s
sugar_nebula              274    219    1    1    0      73m   20s
bee_cathedral             258    219    ?    ?    ?        ?    ?s
magnetite_choir           232    199    ?    ?    ?        ?    ?s
bamboo_sea                229    203    ?    ?    ?        ?    ?s
peony_shell               220    183    0    0    0      18m    5s
tesla_garden              217    191    1    1    1     405m  119s
wild_yeast                212    180    1    0    0     237m   70s
pomegranate_vault         211    184    ?    ?    ?        ?    ?s
whale_fall_republic       204    171    1    2    1      21m    7s
brinicle_grove            201    161    1    0    0      20m    7s
caddis_masonry            183    159    0    0    0      24m    8s
ruby_furnace              182    163    ?    ?    ?        ?    ?s
chameleon_prism           171    157    1    1    1     185m   65s
cinder_veil               169    151    2    0    1     144m   55s
velvet_atlas              169    136    0    1    0     222m   93s
moth_orchard_night        168    138    0    0    0      15m    6s
tide_glass                167    153    2    0    1      52m   19s
resonance_hall            157    140    2    1    1      14m    6s
ink_dynasty               157    140    0    2    0     108m   46s
magellanic_mob            154    137    ?    ?    ?        ?    ?s
chalkboard_infinities     153    125    0    0    0     726m  328s
termite_citadel           152    134    0    1    0      19m    8s
abyssal_chandelier        152    133    2    2    0     111m   46s
pollen_court              150    138    0    0    0     689m  289s
ivory_gambit              146    133    3    1    0      15m    6s
lichen_moor               130    116    0    0    0     158m   80s

appended 39 rows to outbox/ig_insights.jsonl
followers: 87   ('87 Followers, 20 Following, 61 Posts - See Instagram photos and videos from Powe')
reels on grid: 55 (trusted-hover pass, 55 with likes)

journey                     views  likes  like%  code
squid_lantern                3018     60   2.0%  DcKg2bhhBG0
night_bloom_remix            2094     28   1.3%  Dbg3QOnxpQi
eclipse_waterhole            2014     67   3.3%  DcrORSVvyet
physarum_maze                1759     34   1.9%  DcUsSy3pWpB
cosmic_scales_remix          1710     28   1.6%  DbbtqMVtunf
geode_cosmos                 1523     33   2.2%  DcGahIISzJw
sundew_snare                 1506     75   5.0%  DcMilj8BvPm
desert_rosette               1404     36   2.6%  DcQnXQrhkHn
lantern_mangrove             1394     21   1.5%  DcgRKhzODHi
cobalt_rookery                975     32   3.3%  DcmB0c-OpAZ
salt_mirror                   645      1   0.2%  DcBQ7cpxIRg
mineral_heart                 579     17   2.9%  Dbk8L2hpUfz
meteorite_cradle              550     13   2.4%  Dcmt3kHNrQw
cave_of_numbers               369      5   1.4%  DbmA2MBQ0Ft
vesper_flight                 363      9   2.5%  DchCOAOhmDn
copper_rain                   325      8   2.5%  DbsqkAqu7OB
ember_meadow                  323      6   1.9%  DcOk8BQACG5
bamboo_sea                    319      4   1.3%  Dc1ak6sOB39
butterfly_meridian            310     15   4.8%  DbiXYvTxGr9
sugar_nebula                  274      1   0.4%  Db0Y8-qO1-Q
bee_cathedral                 259      7   2.7%  DcxVqMzv84K
circuit_city                  253      7   2.8%  DbeSdr0uWQe
food_chain                    240      2   0.8%  DbZI3tOMPqL
magnetite_choir               233      3   1.3%  DctQuxrOmCO
peony_shell                   220      2   0.9%  DccarGtgKjB
tesla_garden                  217     10   4.6%  DbvPXOBPRP8
wild_yeast                    212      1   0.5%  DcjEaHItaFN
pomegranate_vault             211      3   1.4%  DcpLy5DNrUW
whale_fall_republic           204      5   2.5%  DcY5PRHxbtQ
brinicle_grove                201      1   0.5%  DcWuv6DhbSb
ruby_furnace                  183      6   3.3%  DczYHiNMIQP
caddis_masonry                183      4   2.2%  Dca_2VJRSs1
dollhouse                     176      4   2.3%  DbfylfKtqYd
chameleon_prism               171      4   2.3%  DcSp1LvuwkB
cinder_veil                   169      1   0.6%  Db_wy6SMj1f
velvet_atlas                  169      6   3.6%  DbwUB8zQlsm
moth_orchard_night            168      7   4.2%  DcE6Y9Murh5
tide_glass                    167      2   1.2%  Db-sIZ8JNWA
cartographer                  167      5   3.0%  DbdS6MlhTBU
snowfall                      166      3   1.8%  Dba1KIBhz3b
glass_apiary                  162      3   1.9%  DbrKbv5BzMr
frost_window                  162      2   1.2%  DbolpFYs3Tq
ink_dynasty                   159      8   5.0%  Db1dnXug0Om
resonance_hall                158      4   2.5%  Db9L_ofszjn
magellanic_mob                155      2   1.3%  DcvuqYohsqq
abyssal_chandelier            153      2   1.3%  DcCVl5qtz4w
chalkboard_infinities         153      4   2.6%  Dby40v0t29S
termite_citadel               152      3   2.0%  Dce_d_qOwVA
quantum_orrery                151      3   2.0%  DbqFxM6R-lR
pollen_court                  150      4   2.7%  DbtvOrQMd-j
ivory_gambit                  147      3   2.0%  DcD1ubzp9IM
jade_automata                 143      9   6.3%  DbjcDhyO_9n
lather_atlas                  141      3   2.1%  Dbng-e1hZRb
lichen_moor                   130      2   1.5%  Db29vr7gb7Y
fiddler_commons                26      2   7.7%  Dc3dDCXhTLx

snapshot appended to outbox/ig_stats.jsonl (55 rows)
journey                 views  reach  shr  sav  fol    watch   avg
squid_lantern            3018   2184    7   11   14     226m    6s
eclipse_waterhole        2014   1702    ?    ?    ?        ?    ?s
physarum_maze            1759   1448    9    9    3     207m    9s
geode_cosmos             1523   1328    5   10    4     255m   11s
sundew_snare             1506   1355   13   11    4     137m    6s
desert_rosette           1404   1231   12    9    1     197m    9s
lantern_mangrove         1394   1140    2    5    0     533m   28s
cobalt_rookery            975    829    ?    ?    ?        ?    ?s
salt_mirror               645    538    1    0    2      73m    8s
meteorite_cradle          550    492    ?    ?    ?        ?    ?s
vesper_flight             363    326    1    4    2      50m    9s
ember_meadow              323    270    1    2    0      65m   14s
bamboo_sea                319    282    ?    ?    ?        ?    ?s
sugar_nebula              274    219    1    1    0      73m   20s
bee_cathedral             259    220    ?    ?    ?        ?    ?s
magnetite_choir           233    200    ?    ?    ?        ?    ?s
peony_shell               220    183    0    0    0      18m    5s
tesla_garden              217    191    1    1    1     405m  119s
wild_yeast                212    180    ?    ?    ?        ?    ?s
pomegranate_vault         211    184    ?    ?    ?        ?    ?s
whale_fall_republic       204    171    1    2    1      21m    7s
brinicle_grove            201    161    1    0    0      20m    7s
ruby_furnace              183    164    ?    ?    ?        ?    ?s
caddis_masonry            183    159    0    0    0      24m    8s
chameleon_prism           171    157    1    1    1     185m   65s
cinder_veil               169    151    2    0    1     144m   55s
velvet_atlas              169    136    0    1    0     222m   93s
moth_orchard_night        168    138    0    0    0      15m    6s
tide_glass                167    153    2    0    1      52m   19s
ink_dynasty               159    140    1    2    0     108m   46s
resonance_hall            158    140    2    1    1      14m    6s
magellanic_mob            155    138    ?    ?    ?        ?    ?s
abyssal_chandelier        153    133    2    2    0     111m   46s
chalkboard_infinities     153    125    0    0    0     726m  328s
termite_citadel           152    134    0    1    0      19m    8s
ivory_gambit              147    133    3    1    0      15m    6s
lichen_moor               130    116    0    0    0     158m   80s
fiddler_commons            26     20    ?    ?    ?        ?    ?s

appended 38 rows to outbox/ig_insights.jsonl
followers: 87   ('87 Followers, 20 Following, 61 Posts - See Instagram photos and videos from Powe')
reels on grid: 55 (trusted-hover pass, 55 with likes)

journey                     views  likes  like%  code
squid_lantern                3018     60   2.0%  DcKg2bhhBG0
night_bloom_remix            2094     28   1.3%  Dbg3QOnxpQi
eclipse_waterhole            2014     67   3.3%  DcrORSVvyet
physarum_maze                1759     34   1.9%  DcUsSy3pWpB
cosmic_scales_remix          1710     28   1.6%  DbbtqMVtunf
geode_cosmos                 1523     33   2.2%  DcGahIISzJw
sundew_snare                 1506     75   5.0%  DcMilj8BvPm
desert_rosette               1404     36   2.6%  DcQnXQrhkHn
lantern_mangrove             1396     22   1.6%  DcgRKhzODHi
cobalt_rookery                977     32   3.3%  DcmB0c-OpAZ
salt_mirror                   645      1   0.2%  DcBQ7cpxIRg
mineral_heart                 579     17   2.9%  Dbk8L2hpUfz
meteorite_cradle              550     13   2.4%  Dcmt3kHNrQw
bamboo_sea                    509      4   0.8%  Dc1ak6sOB39
cave_of_numbers               369      5   1.4%  DbmA2MBQ0Ft
vesper_flight                 363      9   2.5%  DchCOAOhmDn
copper_rain                   325      8   2.5%  DbsqkAqu7OB
ember_meadow                  323      6   1.9%  DcOk8BQACG5
butterfly_meridian            310     15   4.8%  DbiXYvTxGr9
sugar_nebula                  274      1   0.4%  Db0Y8-qO1-Q
bee_cathedral                 259      7   2.7%  DcxVqMzv84K
circuit_city                  253      7   2.8%  DbeSdr0uWQe
food_chain                    240      2   0.8%  DbZI3tOMPqL
magnetite_choir               233      3   1.3%  DctQuxrOmCO
peony_shell                   220      2   0.9%  DccarGtgKjB
tesla_garden                  217     10   4.6%  DbvPXOBPRP8
wild_yeast                    212      1   0.5%  DcjEaHItaFN
pomegranate_vault             211      3   1.4%  DcpLy5DNrUW
whale_fall_republic           204      5   2.5%  DcY5PRHxbtQ
brinicle_grove                201      1   0.5%  DcWuv6DhbSb
ruby_furnace                  184      7   3.8%  DczYHiNMIQP
caddis_masonry                183      4   2.2%  Dca_2VJRSs1
dollhouse                     176      4   2.3%  DbfylfKtqYd
chameleon_prism               171      4   2.3%  DcSp1LvuwkB
cinder_veil                   169      1   0.6%  Db_wy6SMj1f
velvet_atlas                  169      6   3.6%  DbwUB8zQlsm
moth_orchard_night            168      7   4.2%  DcE6Y9Murh5
tide_glass                    167      2   1.2%  Db-sIZ8JNWA
cartographer                  167      5   3.0%  DbdS6MlhTBU
snowfall                      166      3   1.8%  Dba1KIBhz3b
glass_apiary                  162      3   1.9%  DbrKbv5BzMr
frost_window                  162      2   1.2%  DbolpFYs3Tq
ink_dynasty                   159      8   5.0%  Db1dnXug0Om
resonance_hall                158      4   2.5%  Db9L_ofszjn
magellanic_mob                155      2   1.3%  DcvuqYohsqq
abyssal_chandelier            153      2   1.3%  DcCVl5qtz4w
chalkboard_infinities         153      4   2.6%  Dby40v0t29S
termite_citadel               152      3   2.0%  Dce_d_qOwVA
quantum_orrery                151      3   2.0%  DbqFxM6R-lR
pollen_court                  150      4   2.7%  DbtvOrQMd-j
ivory_gambit                  147      3   2.0%  DcD1ubzp9IM
jade_automata                 143      9   6.3%  DbjcDhyO_9n
lather_atlas                  141      3   2.1%  Dbng-e1hZRb
lichen_moor                   130      2   1.5%  Db29vr7gb7Y
fiddler_commons               126      5   4.0%  Dc3dDCXhTLx

snapshot appended to outbox/ig_stats.jsonl (55 rows)
journey                 views  reach  shr  sav  fol    watch   avg
squid_lantern            3018   2184    7   11   14     226m    6s
eclipse_waterhole        2014   1702    ?    ?    ?        ?    ?s
physarum_maze            1759   1448    9    9    3     207m    9s
geode_cosmos             1523   1328    5   10    4     255m   11s
sundew_snare             1506   1355   13   11    4     137m    6s
desert_rosette           1404   1231   12    9    1     197m    9s
lantern_mangrove         1396   1141    2    5    0     533m   28s
cobalt_rookery            977    829    ?    ?    ?        ?    ?s
salt_mirror               645    538    1    0    2      73m    8s
meteorite_cradle          550    492    ?    ?    ?        ?    ?s
bamboo_sea                509    458    ?    ?    ?        ?    ?s
vesper_flight             363    326    1    4    2      50m    9s
ember_meadow              323    270    1    2    0      65m   14s
sugar_nebula              274    219    1    1    0      73m   20s
bee_cathedral             259    220    ?    ?    ?        ?    ?s
magnetite_choir           233    200    ?    ?    ?        ?    ?s
peony_shell               220    183    0    0    0      18m    5s
tesla_garden              217    191    1    1    1     405m  119s
wild_yeast                212    180    ?    ?    ?        ?    ?s
pomegranate_vault         211    184    ?    ?    ?        ?    ?s
whale_fall_republic       204    171    1    2    1      21m    7s
brinicle_grove            201    161    1    0    0      20m    7s
ruby_furnace              184    164    ?    ?    ?        ?    ?s
caddis_masonry            183    159    0    0    0      24m    8s
chameleon_prism           171    157    1    1    1     185m   65s
cinder_veil               169    151    2    0    1     144m   55s
velvet_atlas              169    136    0    1    0     222m   93s
moth_orchard_night        168    138    0    0    0      15m    6s
tide_glass                167    153    2    0    1      52m   19s
ink_dynasty               159    140    1    2    0     108m   46s
resonance_hall            158    140    2    1    1      14m    6s
magellanic_mob            155    138    ?    ?    ?        ?    ?s
abyssal_chandelier        153    133    2    2    0     111m   46s
chalkboard_infinities     153    125    0    0    0     726m  328s
termite_citadel           152    134    0    1    0      19m    8s
ivory_gambit              147    133    3    1    0      15m    6s
lichen_moor               130    116    0    0    0     158m   80s
fiddler_commons           126    108    ?    ?    ?        ?    ?s

appended 38 rows to outbox/ig_insights.jsonl
followers: 87   ('87 Followers, 20 Following, 62 Posts - See Instagram photos and videos from Powe')
reels on grid: 60 (trusted-hover pass, 60 with likes)

journey                     views  likes  like%  code
squid_lantern                3023     61   2.0%  DcKg2bhhBG0
night_bloom_remix            2096     28   1.3%  Dbg3QOnxpQi
eclipse_waterhole            2019     67   3.3%  DcrORSVvyet
physarum_maze                1759     34   1.9%  DcUsSy3pWpB
cosmic_scales_remix          1710     28   1.6%  DbbtqMVtunf
geode_cosmos                 1528     33   2.2%  DcGahIISzJw
sundew_snare                 1506     75   5.0%  DcMilj8BvPm
desert_rosette               1404     36   2.6%  DcQnXQrhkHn
lantern_mangrove             1396     22   1.6%  DcgRKhzODHi
cobalt_rookery                985     32   3.2%  DcmB0c-OpAZ
salt_mirror                   650      1   0.2%  DcBQ7cpxIRg
mineral_heart                 581     17   2.9%  Dbk8L2hpUfz
meteorite_cradle              555     13   2.3%  Dcmt3kHNrQw
bamboo_sea                    516      4   0.8%  Dc1ak6sOB39
cave_of_numbers               372      5   1.3%  DbmA2MBQ0Ft
vesper_flight                 363      9   2.5%  DchCOAOhmDn
copper_rain                   329      8   2.4%  DbsqkAqu7OB
ember_meadow                  323      6   1.9%  DcOk8BQACG5
butterfly_meridian            312     15   4.8%  DbiXYvTxGr9
sugar_nebula                  279      1   0.4%  Db0Y8-qO1-Q
bee_cathedral                 264      7   2.7%  DcxVqMzv84K
circuit_city                  254      7   2.8%  DbeSdr0uWQe
food_chain                    240      2   0.8%  DbZI3tOMPqL
magnetite_choir               238      3   1.3%  DctQuxrOmCO
tesla_garden                  222     10   4.5%  DbvPXOBPRP8
peony_shell                   220      2   0.9%  DccarGtgKjB
wild_yeast                    217      1   0.5%  DcjEaHItaFN
pomegranate_vault             216      3   1.4%  DcpLy5DNrUW
whale_fall_republic           204      5   2.5%  DcY5PRHxbtQ
brinicle_grove                201      1   0.5%  DcWuv6DhbSb
ruby_furnace                  189      7   3.7%  DczYHiNMIQP
caddis_masonry                183      4   2.2%  Dca_2VJRSs1
dollhouse                     178      4   2.2%  DbfylfKtqYd
cinder_veil                   174      1   0.6%  Db_wy6SMj1f
velvet_atlas                  174      6   3.4%  DbwUB8zQlsm
moth_orchard_night            173      7   4.0%  DcE6Y9Murh5
tide_glass                    172      2   1.2%  Db-sIZ8JNWA
chameleon_prism               171      4   2.3%  DcSp1LvuwkB
cartographer                  167      5   3.0%  DbdS6MlhTBU
?                             167      3   1.8%  DbUAppwshJV
glass_apiary                  166      3   1.8%  DbrKbv5BzMr
snowfall                      166      3   1.8%  Dba1KIBhz3b
ink_dynasty                   164      8   4.9%  Db1dnXug0Om
frost_window                  164      2   1.2%  DbolpFYs3Tq
resonance_hall                163      4   2.5%  Db9L_ofszjn
magellanic_mob                160      3   1.9%  DcvuqYohsqq
abyssal_chandelier            158      2   1.3%  DcCVl5qtz4w
chalkboard_infinities         158      4   2.5%  Dby40v0t29S
pollen_court                  154      4   2.6%  DbtvOrQMd-j
quantum_orrery                153      3   2.0%  DbqFxM6R-lR
termite_citadel               152      3   2.0%  Dce_d_qOwVA
ivory_gambit                  152      3   2.0%  DcD1ubzp9IM
jade_automata                 145      9   6.2%  DbjcDhyO_9n
fiddler_commons               144      5   3.5%  Dc3dDCXhTLx
lather_atlas                  144      3   2.1%  Dbng-e1hZRb
lichen_moor                   135      2   1.5%  Db29vr7gb7Y
alexandria                    130      4   3.1%  DbYP5WcutsC
voltaic_shoal                  81      2   2.5%  Dc6B13mRdrE
tide_of_life                   78      2   2.6%  DbVob6pJnSg
alexandria                     70      2   2.9%  DbWkGPOBLzg

snapshot appended to outbox/ig_stats.jsonl (60 rows)
journey                 views  reach  shr  sav  fol    watch   avg
squid_lantern            3023   2187    7   11   14     227m    6s
eclipse_waterhole        2019   1703   13   18   11     275m   10s
physarum_maze            1759   1448    9    9    3     207m    9s
geode_cosmos             1528   1328    5   10    4     256m   11s
sundew_snare             1506   1355   13   11    4     137m    6s
desert_rosette           1404   1231   12    9    1     197m    9s
lantern_mangrove         1396   1141    2    5    0     533m   28s
cobalt_rookery            985    831    6    7    3     149m   11s
salt_mirror               650    539    1    0    2      73m    8s
meteorite_cradle          555    493    8    6    4      61m    7s
bamboo_sea                516    460    2    0    0      85m   11s
vesper_flight             363    326    1    4    2      50m    9s
ember_meadow              323    270    1    2    0      65m   14s
sugar_nebula              279    220    1    1    0      75m   20s
bee_cathedral             264    221    3    0    1     473m  122s
magnetite_choir           238    201    1    2    0     195m   53s
peony_shell               220    183    0    0    0      18m    5s
wild_yeast                217    181    1    0    0     237m   69s
pomegranate_vault         216    185    1    1    1     890m  263s
whale_fall_republic       204    171    1    2    1      21m    7s
brinicle_grove            201    161    1    0    0      20m    7s
ruby_furnace              189    165    0    2    0      65m   23s
caddis_masonry            183    159    0    0    0      24m    8s
cinder_veil               174    152    2    0    1     144m   55s
moth_orchard_night        173    139    0    0    0      16m    6s
tide_glass                172    154    2    0    1      55m   20s
chameleon_prism           171    157    1    1    1     185m   65s
ink_dynasty               164    141    1    2    0     108m   46s
resonance_hall            163    141    2    1    1      15m    6s
magellanic_mob            160    139    1    1    0     298m  119s
abyssal_chandelier        158    134    2    2    0     111m   46s
chalkboard_infinities     158    126    0    0    0     726m  325s
termite_citadel           152    134    0    1    0      19m    8s
ivory_gambit              152    134    3    1    0      15m    6s
fiddler_commons           144    119    1    0    0     289m  132s
lichen_moor               135    117    0    0    0     159m   80s
voltaic_shoal              81     64    0    0    0       9m    8s

appended 37 rows to outbox/ig_insights.jsonl
followers: 87   ('87 Followers, 20 Following, 63 Posts - See Instagram photos and videos from Powe')
reels on grid: 55 (trusted-hover pass, 55 with likes)

journey                     views  likes  like%  code
squid_lantern                3023     61   2.0%  DcKg2bhhBG0
night_bloom_remix            2096     28   1.3%  Dbg3QOnxpQi
eclipse_waterhole            2019     67   3.3%  DcrORSVvyet
physarum_maze                1760     34   1.9%  DcUsSy3pWpB
cosmic_scales_remix          1710     28   1.6%  DbbtqMVtunf
geode_cosmos                 1528     33   2.2%  DcGahIISzJw
sundew_snare                 1506     75   5.0%  DcMilj8BvPm
desert_rosette               1404     36   2.6%  DcQnXQrhkHn
lantern_mangrove             1396     22   1.6%  DcgRKhzODHi
cobalt_rookery                985     32   3.2%  DcmB0c-OpAZ
salt_mirror                   650      1   0.2%  DcBQ7cpxIRg
mineral_heart                 581     17   2.9%  Dbk8L2hpUfz
meteorite_cradle              555     13   2.3%  Dcmt3kHNrQw
bamboo_sea                    516      4   0.8%  Dc1ak6sOB39
cave_of_numbers               372      5   1.3%  DbmA2MBQ0Ft
vesper_flight                 363      9   2.5%  DchCOAOhmDn
copper_rain                   329      8   2.4%  DbsqkAqu7OB
ember_meadow                  323      6   1.9%  DcOk8BQACG5
butterfly_meridian            312     15   4.8%  DbiXYvTxGr9
sugar_nebula                  279      1   0.4%  Db0Y8-qO1-Q
bee_cathedral                 264      7   2.7%  DcxVqMzv84K
circuit_city                  254      7   2.8%  DbeSdr0uWQe
magnetite_choir               238      3   1.3%  DctQuxrOmCO
tesla_garden                  222     10   4.5%  DbvPXOBPRP8
peony_shell                   220      2   0.9%  DccarGtgKjB
wild_yeast                    217      1   0.5%  DcjEaHItaFN
pomegranate_vault             216      3   1.4%  DcpLy5DNrUW
whale_fall_republic           204      5   2.5%  DcY5PRHxbtQ
brinicle_grove                201      1   0.5%  DcWuv6DhbSb
ruby_furnace                  189      7   3.7%  DczYHiNMIQP
caddis_masonry                183      4   2.2%  Dca_2VJRSs1
dollhouse                     178      4   2.2%  DbfylfKtqYd
cinder_veil                   174      1   0.6%  Db_wy6SMj1f
velvet_atlas                  174      6   3.4%  DbwUB8zQlsm
moth_orchard_night            173      7   4.0%  DcE6Y9Murh5
tide_glass                    172      2   1.2%  Db-sIZ8JNWA
chameleon_prism               171      4   2.3%  DcSp1LvuwkB
cartographer                  167      5   3.0%  DbdS6MlhTBU
glass_apiary                  166      3   1.8%  DbrKbv5BzMr
ink_dynasty                   164      8   4.9%  Db1dnXug0Om
frost_window                  164      2   1.2%  DbolpFYs3Tq
resonance_hall                163      4   2.5%  Db9L_ofszjn
magellanic_mob                160      3   1.9%  DcvuqYohsqq
abyssal_chandelier            158      2   1.3%  DcCVl5qtz4w
chalkboard_infinities         158      4   2.5%  Dby40v0t29S
pollen_court                  154      4   2.6%  DbtvOrQMd-j
quantum_orrery                153      3   2.0%  DbqFxM6R-lR
termite_citadel               152      3   2.0%  Dce_d_qOwVA
ivory_gambit                  152      3   2.0%  DcD1ubzp9IM
fiddler_commons               146      5   3.4%  Dc3dDCXhTLx
jade_automata                 145      9   6.2%  DbjcDhyO_9n
lather_atlas                  144      3   2.1%  Dbng-e1hZRb
lichen_moor                   135      2   1.5%  Db29vr7gb7Y
voltaic_shoal                 121      4   3.3%  Dc6B13mRdrE
winter_murmuration             66      1   1.5%  Dc7iBZZzNMz

snapshot appended to outbox/ig_stats.jsonl (55 rows)
journey                 views  reach  shr  sav  fol    watch   avg
squid_lantern            3023   2187    7   11   14     227m    6s
eclipse_waterhole        2019   1703    ?    ?    ?        ?    ?s
physarum_maze            1760   1448    9    9    3     207m    9s
geode_cosmos             1528   1328    5   10    4     256m   11s
sundew_snare             1506   1355   13   11    4     137m    6s
desert_rosette           1404   1231   12    9    1     197m    9s
lantern_mangrove         1396   1141    2    5    0     533m   28s
cobalt_rookery            985    831    6    7    3     149m   11s
salt_mirror               650    539    1    0    2      73m    8s
meteorite_cradle          555    493    ?    ?    ?        ?    ?s
bamboo_sea                516    461    ?    ?    ?        ?    ?s
vesper_flight             363    326    1    4    2      50m    9s
ember_meadow              323    270    1    2    0      65m   14s
sugar_nebula              279    220    1    1    0      75m   20s
bee_cathedral             264    221    ?    ?    ?        ?    ?s
magnetite_choir           238    201    ?    ?    ?        ?    ?s
peony_shell               220    183    0    0    0      18m    5s
wild_yeast                217    181    1    0    0     237m   69s
pomegranate_vault         216    185    ?    ?    ?        ?    ?s
whale_fall_republic       204    171    1    2    1      21m    7s
brinicle_grove            201    161    1    0    0      20m    7s
ruby_furnace              189    165    ?    ?    ?        ?    ?s
caddis_masonry            183    159    0    0    0      24m    8s
cinder_veil               174    152    2    0    1     144m   55s
moth_orchard_night        173    139    0    0    0      16m    6s
tide_glass                172    154    2    0    1      55m   20s
chameleon_prism           171    157    1    1    1     185m   65s
ink_dynasty               164    141    1    2    0     108m   46s
resonance_hall            163    141    2    1    1      15m    6s
magellanic_mob            160    139    ?    ?    ?        ?    ?s
abyssal_chandelier        158    134    2    2    0     111m   46s
chalkboard_infinities     158    126    0    0    0     726m  325s
termite_citadel           152    134    0    1    0      19m    8s
ivory_gambit              152    134    3    1    0      15m    6s
fiddler_commons           146    121    ?    ?    ?        ?    ?s
lichen_moor               135    117    0    0    0     159m   80s
voltaic_shoal             120     96    ?    ?    ?        ?    ?s
winter_murmuration         68     40    ?    ?    ?        ?    ?s

appended 38 rows to outbox/ig_insights.jsonl
followers: 87   ('87 Followers, 20 Following, 63 Posts - See Instagram photos and videos from Powe')
reels on grid: 55 (trusted-hover pass, 55 with likes)

journey                     views  likes  like%  code
squid_lantern                3023     61   2.0%  DcKg2bhhBG0
night_bloom_remix            2096     28   1.3%  Dbg3QOnxpQi
eclipse_waterhole            2019     67   3.3%  DcrORSVvyet
physarum_maze                1761     34   1.9%  DcUsSy3pWpB
cosmic_scales_remix          1710     28   1.6%  DbbtqMVtunf
geode_cosmos                 1528     33   2.2%  DcGahIISzJw
sundew_snare                 1506     75   5.0%  DcMilj8BvPm
desert_rosette               1404     36   2.6%  DcQnXQrhkHn
lantern_mangrove             1396     22   1.6%  DcgRKhzODHi
cobalt_rookery                985     32   3.2%  DcmB0c-OpAZ
salt_mirror                   650      1   0.2%  DcBQ7cpxIRg
mineral_heart                 581     17   2.9%  Dbk8L2hpUfz
winter_murmuration            575     25   4.3%  Dc7iBZZzNMz
meteorite_cradle              555     13   2.3%  Dcmt3kHNrQw
bamboo_sea                    517      4   0.8%  Dc1ak6sOB39
cave_of_numbers               372      5   1.3%  DbmA2MBQ0Ft
vesper_flight                 363      9   2.5%  DchCOAOhmDn
copper_rain                   329      8   2.4%  DbsqkAqu7OB
ember_meadow                  323      6   1.9%  DcOk8BQACG5
butterfly_meridian            312     15   4.8%  DbiXYvTxGr9
sugar_nebula                  279      1   0.4%  Db0Y8-qO1-Q
bee_cathedral                 264      7   2.7%  DcxVqMzv84K
circuit_city                  254      7   2.8%  DbeSdr0uWQe
magnetite_choir               238      3   1.3%  DctQuxrOmCO
tesla_garden                  222     10   4.5%  DbvPXOBPRP8
peony_shell                   220      2   0.9%  DccarGtgKjB
wild_yeast                    217      1   0.5%  DcjEaHItaFN
pomegranate_vault             216      3   1.4%  DcpLy5DNrUW
whale_fall_republic           204      5   2.5%  DcY5PRHxbtQ
brinicle_grove                201      1   0.5%  DcWuv6DhbSb
ruby_furnace                  189      7   3.7%  DczYHiNMIQP
caddis_masonry                183      4   2.2%  Dca_2VJRSs1
dollhouse                     178      4   2.2%  DbfylfKtqYd
cinder_veil                   174      1   0.6%  Db_wy6SMj1f
velvet_atlas                  174      6   3.4%  DbwUB8zQlsm
moth_orchard_night            173      7   4.0%  DcE6Y9Murh5
tide_glass                    172      2   1.2%  Db-sIZ8JNWA
chameleon_prism               171      4   2.3%  DcSp1LvuwkB
cartographer                  167      5   3.0%  DbdS6MlhTBU
glass_apiary                  166      3   1.8%  DbrKbv5BzMr
ink_dynasty                   164      8   4.9%  Db1dnXug0Om
frost_window                  164      2   1.2%  DbolpFYs3Tq
resonance_hall                163      4   2.5%  Db9L_ofszjn
magellanic_mob                160      3   1.9%  DcvuqYohsqq
abyssal_chandelier            158      2   1.3%  DcCVl5qtz4w
chalkboard_infinities         158      4   2.5%  Dby40v0t29S
voltaic_shoal                 154      4   2.6%  Dc6B13mRdrE
pollen_court                  154      4   2.6%  DbtvOrQMd-j
quantum_orrery                153      3   2.0%  DbqFxM6R-lR
termite_citadel               152      3   2.0%  Dce_d_qOwVA
ivory_gambit                  152      3   2.0%  DcD1ubzp9IM
fiddler_commons               146      5   3.4%  Dc3dDCXhTLx
jade_automata                 145      9   6.2%  DbjcDhyO_9n
lather_atlas                  144      3   2.1%  Dbng-e1hZRb
lichen_moor                   135      2   1.5%  Db29vr7gb7Y

snapshot appended to outbox/ig_stats.jsonl (55 rows)
journey                 views  reach  shr  sav  fol    watch   avg
squid_lantern            3023   2187    7   11   14     227m    6s
eclipse_waterhole        2019   1703    ?    ?    ?        ?    ?s
physarum_maze            1761   1448    9    9    3     207m    9s
geode_cosmos             1528   1328    5   10    4     256m   11s
sundew_snare             1506   1355   13   11    4     137m    6s
desert_rosette           1404   1231   12    9    1     197m    9s
lantern_mangrove         1396   1142    2    5    0     533m   28s
cobalt_rookery            985    831    6    7    3     149m   11s
salt_mirror               650    539    1    0    2      73m    8s
winter_murmuration        575    486    ?    ?    ?        ?    ?s
meteorite_cradle          555    493    ?    ?    ?        ?    ?s
bamboo_sea                517    462    ?    ?    ?        ?    ?s
vesper_flight             363    326    1    4    2      50m    9s
ember_meadow              323    270    1    2    0      65m   14s
sugar_nebula              279    220    1    1    0      75m   20s
bee_cathedral             264    221    ?    ?    ?        ?    ?s
magnetite_choir           238    201    ?    ?    ?        ?    ?s
peony_shell               220    183    0    0    0      18m    5s
wild_yeast                217    181    1    0    0     237m   69s
pomegranate_vault         216    185    ?    ?    ?        ?    ?s
whale_fall_republic       204    171    1    2    1      21m    7s
brinicle_grove            201    161    1    0    0      20m    7s
ruby_furnace              189    165    ?    ?    ?        ?    ?s
caddis_masonry            183    159    0    0    0      24m    8s
cinder_veil               174    152    2    0    1     144m   55s
moth_orchard_night        173    139    0    0    0      16m    6s
tide_glass                172    154    2    0    1      55m   20s
chameleon_prism           171    157    1    1    1     185m   65s
ink_dynasty               164    141    1    2    0     108m   46s
resonance_hall            163    141    2    1    1      15m    6s
magellanic_mob            160    139    ?    ?    ?        ?    ?s
abyssal_chandelier        158    134    2    2    0     111m   46s
voltaic_shoal             154    122    ?    ?    ?        ?    ?s
termite_citadel           152    134    0    1    0      19m    8s
ivory_gambit              152    134    3    1    0      15m    6s
fiddler_commons           146    121    ?    ?    ?        ?    ?s
lichen_moor               135    117    0    0    0     159m   80s

appended 37 rows to outbox/ig_insights.jsonl
followers: 87   ('87 Followers, 20 Following, 64 Posts - See Instagram photos and videos from Powe')
reels on grid: 55 (trusted-hover pass, 55 with likes)

journey                     views  likes  like%  code
squid_lantern                3023     61   2.0%  DcKg2bhhBG0
night_bloom_remix            2096     28   1.3%  Dbg3QOnxpQi
eclipse_waterhole            2021     67   3.3%  DcrORSVvyet
physarum_maze                1761     34   1.9%  DcUsSy3pWpB
geode_cosmos                 1528     33   2.2%  DcGahIISzJw
sundew_snare                 1506     75   5.0%  DcMilj8BvPm
desert_rosette               1404     36   2.6%  DcQnXQrhkHn
lantern_mangrove             1396     22   1.6%  DcgRKhzODHi
winter_murmuration           1319     78   5.9%  Dc7iBZZzNMz
cobalt_rookery                985     32   3.2%  DcmB0c-OpAZ
salt_mirror                   650      1   0.2%  DcBQ7cpxIRg
mineral_heart                 581     17   2.9%  Dbk8L2hpUfz
meteorite_cradle              555     13   2.3%  Dcmt3kHNrQw
bamboo_sea                    519      4   0.8%  Dc1ak6sOB39
cave_of_numbers               372      5   1.3%  DbmA2MBQ0Ft
vesper_flight                 363      9   2.5%  DchCOAOhmDn
copper_rain                   329      8   2.4%  DbsqkAqu7OB
ember_meadow                  323      6   1.9%  DcOk8BQACG5
butterfly_meridian            312     15   4.8%  DbiXYvTxGr9
sugar_nebula                  279      1   0.4%  Db0Y8-qO1-Q
bee_cathedral                 264      7   2.7%  DcxVqMzv84K
circuit_city                  254      7   2.8%  DbeSdr0uWQe
magnetite_choir               238      3   1.3%  DctQuxrOmCO
tesla_garden                  222     10   4.5%  DbvPXOBPRP8
peony_shell                   220      2   0.9%  DccarGtgKjB
wild_yeast                    217      1   0.5%  DcjEaHItaFN
pomegranate_vault             216      3   1.4%  DcpLy5DNrUW
whale_fall_republic           204      5   2.5%  DcY5PRHxbtQ
brinicle_grove                201      1   0.5%  DcWuv6DhbSb
ruby_furnace                  190      7   3.7%  DczYHiNMIQP
caddis_masonry                183      4   2.2%  Dca_2VJRSs1
dollhouse                     178      4   2.2%  DbfylfKtqYd
circuit_grotto                174      4   2.3%  Dc9j3bQMFpJ
cinder_veil                   174      1   0.6%  Db_wy6SMj1f
velvet_atlas                  174      6   3.4%  DbwUB8zQlsm
moth_orchard_night            173      7   4.0%  DcE6Y9Murh5
tide_glass                    172      2   1.2%  Db-sIZ8JNWA
chameleon_prism               171      4   2.3%  DcSp1LvuwkB
cartographer                  167      5   3.0%  DbdS6MlhTBU
glass_apiary                  166      3   1.8%  DbrKbv5BzMr
ink_dynasty                   164      8   4.9%  Db1dnXug0Om
frost_window                  164      2   1.2%  DbolpFYs3Tq
resonance_hall                163      4   2.5%  Db9L_ofszjn
magellanic_mob                160      3   1.9%  DcvuqYohsqq
abyssal_chandelier            158      2   1.3%  DcCVl5qtz4w
chalkboard_infinities         158      4   2.5%  Dby40v0t29S
voltaic_shoal                 156      5   3.2%  Dc6B13mRdrE
pollen_court                  154      4   2.6%  DbtvOrQMd-j
quantum_orrery                153      3   2.0%  DbqFxM6R-lR
termite_citadel               152      3   2.0%  Dce_d_qOwVA
ivory_gambit                  152      3   2.0%  DcD1ubzp9IM
fiddler_commons               148      5   3.4%  Dc3dDCXhTLx
jade_automata                 145      9   6.2%  DbjcDhyO_9n
lather_atlas                  144      3   2.1%  Dbng-e1hZRb
lichen_moor                   135      2   1.5%  Db29vr7gb7Y

snapshot appended to outbox/ig_stats.jsonl (55 rows)
journey                 views  reach  shr  sav  fol    watch   avg
squid_lantern            3023   2187    7   11   14     227m    6s
eclipse_waterhole        2021   1705   13   18   11     275m   10s
physarum_maze            1761   1448    9    9    3     207m    9s
geode_cosmos             1528   1328    5   10    4     256m   11s
sundew_snare             1506   1355   13   11    4     137m    6s
desert_rosette           1404   1231   12    9    1     197m    9s
lantern_mangrove         1396   1142    2    5    0     533m   28s
winter_murmuration       1320   1100   13    9    6     678m   37s
cobalt_rookery            985    831    6    7    3     149m   11s
salt_mirror               650    539    1    0    2      73m    8s
meteorite_cradle          555    493    8    6    4      61m    7s
bamboo_sea                519    464    2    0    1      85m   11s
vesper_flight             363    326    1    4    2      50m    9s
ember_meadow              323    270    1    2    0      65m   14s
sugar_nebula              279    220    1    1    0      75m   20s
bee_cathedral             264    221    3    0    1     473m  122s
magnetite_choir           238    201    1    2    0     195m   53s
peony_shell               220    183    0    0    0      18m    5s
wild_yeast                217    181    1    0    0     237m   69s
pomegranate_vault         216    185    1    1    1     890m  263s
whale_fall_republic       204    171    1    2    1      21m    7s
brinicle_grove            201    161    1    0    0      20m    7s
ruby_furnace              190    166    0    2    0      65m   22s
caddis_masonry            183    159    0    0    0      24m    8s
circuit_grotto            174    154    0    0    1      93m   36s
cinder_veil               174    152    2    0    1     144m   55s
moth_orchard_night        173    139    0    0    0      16m    6s
tide_glass                172    154    2    0    1      55m   20s
chameleon_prism           171    157    1    1    1     185m   65s
ink_dynasty               164    141    1    2    0     108m   46s
resonance_hall            163    141    2    1    1      15m    6s
magellanic_mob            160    139    1    1    0     298m  119s
abyssal_chandelier        158    134    2    2    0     111m   46s
voltaic_shoal             156    124    0    0    0      16m    7s
termite_citadel           152    134    0    1    0      19m    8s
ivory_gambit              152    134    3    1    0      15m    6s
fiddler_commons           148    122    1    0    0     289m  127s
lichen_moor               135    117    0    0    0     159m   80s

appended 38 rows to outbox/ig_insights.jsonl
followers: 95   ('95 Followers, 21 Following, 64 Posts - See Instagram photos and videos from Powe')
reels on grid: 55 (trusted-hover pass, 55 with likes)

journey                     views  likes  like%  code
squid_lantern                3023     61   2.0%  DcKg2bhhBG0
night_bloom_remix            2096     28   1.3%  Dbg3QOnxpQi
eclipse_waterhole            2022     67   3.3%  DcrORSVvyet
physarum_maze                1761     34   1.9%  DcUsSy3pWpB
geode_cosmos                 1528     33   2.2%  DcGahIISzJw
winter_murmuration           1507     87   5.8%  Dc7iBZZzNMz
sundew_snare                 1506     75   5.0%  DcMilj8BvPm
desert_rosette               1404     36   2.6%  DcQnXQrhkHn
lantern_mangrove             1396     22   1.6%  DcgRKhzODHi
cobalt_rookery                985     32   3.2%  DcmB0c-OpAZ
salt_mirror                   650      1   0.2%  DcBQ7cpxIRg
mineral_heart                 581     17   2.9%  Dbk8L2hpUfz
meteorite_cradle              555     13   2.3%  Dcmt3kHNrQw
bamboo_sea                    519      4   0.8%  Dc1ak6sOB39
cave_of_numbers               372      5   1.3%  DbmA2MBQ0Ft
vesper_flight                 363      9   2.5%  DchCOAOhmDn
copper_rain                   329      8   2.4%  DbsqkAqu7OB
ember_meadow                  323      6   1.9%  DcOk8BQACG5
butterfly_meridian            312     15   4.8%  DbiXYvTxGr9
sugar_nebula                  279      1   0.4%  Db0Y8-qO1-Q
bee_cathedral                 264      7   2.7%  DcxVqMzv84K
circuit_city                  254      7   2.8%  DbeSdr0uWQe
magnetite_choir               238      3   1.3%  DctQuxrOmCO
tesla_garden                  222     10   4.5%  DbvPXOBPRP8
peony_shell                   220      2   0.9%  DccarGtgKjB
wild_yeast                    217      1   0.5%  DcjEaHItaFN
pomegranate_vault             216      3   1.4%  DcpLy5DNrUW
circuit_grotto                212      6   2.8%  Dc9j3bQMFpJ
whale_fall_republic           204      5   2.5%  DcY5PRHxbtQ
brinicle_grove                201      1   0.5%  DcWuv6DhbSb
ruby_furnace                  190      7   3.7%  DczYHiNMIQP
caddis_masonry                183      4   2.2%  Dca_2VJRSs1
dollhouse                     178      4   2.2%  DbfylfKtqYd
cinder_veil                   174      1   0.6%  Db_wy6SMj1f
velvet_atlas                  174      6   3.4%  DbwUB8zQlsm
moth_orchard_night            173      7   4.0%  DcE6Y9Murh5
tide_glass                    172      2   1.2%  Db-sIZ8JNWA
chameleon_prism               171      4   2.3%  DcSp1LvuwkB
cartographer                  167      5   3.0%  DbdS6MlhTBU
glass_apiary                  166      3   1.8%  DbrKbv5BzMr
ink_dynasty                   164      8   4.9%  Db1dnXug0Om
frost_window                  164      2   1.2%  DbolpFYs3Tq
resonance_hall                163      4   2.5%  Db9L_ofszjn
magellanic_mob                160      3   1.9%  DcvuqYohsqq
abyssal_chandelier            158      2   1.3%  DcCVl5qtz4w
chalkboard_infinities         158      4   2.5%  Dby40v0t29S
voltaic_shoal                 157      6   3.8%  Dc6B13mRdrE
pollen_court                  154      4   2.6%  DbtvOrQMd-j
quantum_orrery                153      3   2.0%  DbqFxM6R-lR
termite_citadel               152      3   2.0%  Dce_d_qOwVA
ivory_gambit                  152      3   2.0%  DcD1ubzp9IM
fiddler_commons               149      5   3.4%  Dc3dDCXhTLx
jade_automata                 145      9   6.2%  DbjcDhyO_9n
lather_atlas                  144      3   2.1%  Dbng-e1hZRb
lichen_moor                   135      2   1.5%  Db29vr7gb7Y

snapshot appended to outbox/ig_stats.jsonl (55 rows)
journey                 views  reach  shr  sav  fol    watch   avg
squid_lantern            3023   2187    7   11   14     227m    6s
eclipse_waterhole        2022   1706    ?    ?    ?        ?    ?s
physarum_maze            1761   1448    9    9    3     207m    9s
geode_cosmos             1528   1328    5   10    4     256m   11s
winter_murmuration       1507   1262    ?    ?    ?        ?    ?s
sundew_snare             1506   1355   13   11    4     137m    6s
desert_rosette           1404   1231   12    9    1     197m    9s
lantern_mangrove         1396   1142    2    5    0     533m   28s
cobalt_rookery            985    831    6    7    3     149m   11s
salt_mirror               650    539    1    0    2      73m    8s
meteorite_cradle          555    493    8    6    4      61m    7s
bamboo_sea                519    464    ?    ?    ?        ?    ?s
vesper_flight             363    326    1    4    2      50m    9s
ember_meadow              323    270    1    2    0      65m   14s
bee_cathedral             264    221    ?    ?    ?        ?    ?s
magnetite_choir           238    201    ?    ?    ?        ?    ?s
peony_shell               220    183    0    0    0      18m    5s
wild_yeast                217    181    1    0    0     237m   69s
pomegranate_vault         216    185    ?    ?    ?        ?    ?s
circuit_grotto            212    186    ?    ?    ?        ?    ?s
whale_fall_republic       204    171    1    2    1      21m    7s
brinicle_grove            201    161    1    0    0      20m    7s
ruby_furnace              190    166    ?    ?    ?        ?    ?s
caddis_masonry            183    159    0    0    0      24m    8s
cinder_veil               174    152    2    0    1     144m   55s
moth_orchard_night        173    139    0    0    0      16m    6s
tide_glass                172    154    2    0    1      55m   20s
chameleon_prism           171    157    1    1    1     185m   65s
resonance_hall            163    141    2    1    1      15m    6s
magellanic_mob            160    139    ?    ?    ?        ?    ?s
abyssal_chandelier        158    134    2    2    0     111m   46s
voltaic_shoal             157    124    ?    ?    ?        ?    ?s
termite_citadel           152    134    0    1    0      19m    8s
ivory_gambit              152    134    3    1    0      15m    6s
fiddler_commons           149    123    ?    ?    ?        ?    ?s
lichen_moor               135    117    0    0    0     159m   80s

appended 36 rows to outbox/ig_insights.jsonl
followers: 95   ('95 Followers, 22 Following, 65 Posts - See Instagram photos and videos from Powe')
reels on grid: 55 (trusted-hover pass, 55 with likes)

journey                     views  likes  like%  code
squid_lantern                3023     61   2.0%  DcKg2bhhBG0
night_bloom_remix            2096     28   1.3%  Dbg3QOnxpQi
eclipse_waterhole            2022     67   3.3%  DcrORSVvyet
physarum_maze                1765     34   1.9%  DcUsSy3pWpB
winter_murmuration           1580     95   6.0%  Dc7iBZZzNMz
geode_cosmos                 1528     33   2.2%  DcGahIISzJw
sundew_snare                 1508     75   5.0%  DcMilj8BvPm
desert_rosette               1405     36   2.6%  DcQnXQrhkHn
lantern_mangrove             1397     22   1.6%  DcgRKhzODHi
cobalt_rookery                987     32   3.2%  DcmB0c-OpAZ
salt_mirror                   650      1   0.2%  DcBQ7cpxIRg
mineral_heart                 581     17   2.9%  Dbk8L2hpUfz
meteorite_cradle              555     13   2.3%  Dcmt3kHNrQw
bamboo_sea                    520      4   0.8%  Dc1ak6sOB39
cave_of_numbers               372      5   1.3%  DbmA2MBQ0Ft
vesper_flight                 364      9   2.5%  DchCOAOhmDn
copper_rain                   329      8   2.4%  DbsqkAqu7OB
ember_meadow                  323      6   1.9%  DcOk8BQACG5
butterfly_meridian            312     15   4.8%  DbiXYvTxGr9
sugar_nebula                  279      1   0.4%  Db0Y8-qO1-Q
bee_cathedral                 264      7   2.7%  DcxVqMzv84K
circuit_city                  254      7   2.8%  DbeSdr0uWQe
circuit_grotto                253      6   2.4%  Dc9j3bQMFpJ
magnetite_choir               238      3   1.3%  DctQuxrOmCO
tesla_garden                  222     10   4.5%  DbvPXOBPRP8
peony_shell                   220      2   0.9%  DccarGtgKjB
wild_yeast                    218      1   0.5%  DcjEaHItaFN
pomegranate_vault             216      3   1.4%  DcpLy5DNrUW
whale_fall_republic           204      5   2.5%  DcY5PRHxbtQ
brinicle_grove                201      1   0.5%  DcWuv6DhbSb
sockeye_stair                 194      5   2.6%  Dc_m7qMy508
ruby_furnace                  192      7   3.6%  DczYHiNMIQP
caddis_masonry                183      4   2.2%  Dca_2VJRSs1
dollhouse                     178      4   2.2%  DbfylfKtqYd
cinder_veil                   174      1   0.6%  Db_wy6SMj1f
velvet_atlas                  174      6   3.4%  DbwUB8zQlsm
chameleon_prism               173      4   2.3%  DcSp1LvuwkB
moth_orchard_night            173      7   4.0%  DcE6Y9Murh5
tide_glass                    172      2   1.2%  Db-sIZ8JNWA
glass_apiary                  166      3   1.8%  DbrKbv5BzMr
ink_dynasty                   164      8   4.9%  Db1dnXug0Om
frost_window                  164      2   1.2%  DbolpFYs3Tq
resonance_hall                163      4   2.5%  Db9L_ofszjn
voltaic_shoal                 160      6   3.8%  Dc6B13mRdrE
magellanic_mob                160      3   1.9%  DcvuqYohsqq
abyssal_chandelier            158      2   1.3%  DcCVl5qtz4w
chalkboard_infinities         158      4   2.5%  Dby40v0t29S
pollen_court                  154      4   2.6%  DbtvOrQMd-j
termite_citadel               153      3   2.0%  Dce_d_qOwVA
quantum_orrery                153      3   2.0%  DbqFxM6R-lR
ivory_gambit                  152      3   2.0%  DcD1ubzp9IM
fiddler_commons               149      5   3.4%  Dc3dDCXhTLx
jade_automata                 145      9   6.2%  DbjcDhyO_9n
lather_atlas                  144      3   2.1%  Dbng-e1hZRb
lichen_moor                   135      2   1.5%  Db29vr7gb7Y

snapshot appended to outbox/ig_stats.jsonl (55 rows)
journey                 views  reach  shr  sav  fol    watch   avg
squid_lantern            3023   2187    7   11   14     227m    6s
eclipse_waterhole        2022   1706   13   18   11     275m   10s
physarum_maze            1765   1448    9    9    3     208m    9s
winter_murmuration       1580   1333   16   11   10     708m   32s
geode_cosmos             1528   1328    5   10    4     256m   11s
sundew_snare             1508   1357   13   11    4     137m    6s
desert_rosette           1405   1231   12    9    1     197m    9s
lantern_mangrove         1397   1143    2    5    0     533m   28s
cobalt_rookery            987    831    6    7    3     150m   11s
salt_mirror               650    539    1    0    2      73m    8s
meteorite_cradle          555    493    8    6    4      61m    7s
bamboo_sea                520    465    2    0    1      85m   11s
vesper_flight             364    326    1    4    2      50m    9s
ember_meadow              323    270    1    2    0      65m   14s
bee_cathedral             264    221    3    0    1     473m  122s
circuit_grotto            253    213    1    0    1      98m   28s
magnetite_choir           238    201    1    2    0     195m   53s
peony_shell               220    183    0    0    0      18m    5s
wild_yeast                218    181    1    0    0     237m   69s
pomegranate_vault         216    185    1    1    1     890m  263s
whale_fall_republic       204    171    1    2    1      21m    7s
brinicle_grove            201    161    1    0    0      20m    7s
sockeye_stair             194    157    0    2    0      12m    5s
ruby_furnace              192    167    0    2    0      65m   22s
caddis_masonry            183    159    0    0    0      24m    8s
cinder_veil               174    152    2    0    1     144m   55s
chameleon_prism           173    157    1    1    1     185m   64s
moth_orchard_night        173    139    0    0    0      16m    6s
tide_glass                172    154    2    0    1      55m   20s
resonance_hall            163    141    2    1    1      15m    6s
voltaic_shoal             160    126    0    0    0      16m    7s
magellanic_mob            160    139    1    1    0     298m  119s
abyssal_chandelier        158    134    2    2    0     111m   46s
termite_citadel           153    134    0    1    0      19m    8s
ivory_gambit              152    134    3    1    0      15m    6s
fiddler_commons           149    123    1    0    0     289m  126s
lichen_moor               135    117    0    0    0     159m   80s

appended 37 rows to outbox/ig_insights.jsonl
followers: 95   ('95 Followers, 22 Following, 66 Posts - See Instagram photos and videos from Powe')
reels on grid: 55 (trusted-hover pass, 55 with likes)

journey                     views  likes  like%  code
squid_lantern                3023     61   2.0%  DcKg2bhhBG0
night_bloom_remix            2096     28   1.3%  Dbg3QOnxpQi
eclipse_waterhole            2023     67   3.3%  DcrORSVvyet
physarum_maze                1765     34   1.9%  DcUsSy3pWpB
winter_murmuration           1584     94   5.9%  Dc7iBZZzNMz
geode_cosmos                 1528     33   2.2%  DcGahIISzJw
sundew_snare                 1508     75   5.0%  DcMilj8BvPm
desert_rosette               1405     36   2.6%  DcQnXQrhkHn
lantern_mangrove             1397     22   1.6%  DcgRKhzODHi
cobalt_rookery                987     32   3.2%  DcmB0c-OpAZ
salt_mirror                   650      1   0.2%  DcBQ7cpxIRg
mineral_heart                 581     17   2.9%  Dbk8L2hpUfz
meteorite_cradle              555     13   2.3%  Dcmt3kHNrQw
bamboo_sea                    520      4   0.8%  Dc1ak6sOB39
cave_of_numbers               372      5   1.3%  DbmA2MBQ0Ft
vesper_flight                 364      9   2.5%  DchCOAOhmDn
copper_rain                   329      8   2.4%  DbsqkAqu7OB
ember_meadow                  323      6   1.9%  DcOk8BQACG5
butterfly_meridian            312     15   4.8%  DbiXYvTxGr9
sugar_nebula                  279      1   0.4%  Db0Y8-qO1-Q
circuit_grotto                268      6   2.2%  Dc9j3bQMFpJ
sockeye_stair                 264      8   3.0%  Dc_m7qMy508
bee_cathedral                 264      7   2.7%  DcxVqMzv84K
magnetite_choir               238      3   1.3%  DctQuxrOmCO
tesla_garden                  222     10   4.5%  DbvPXOBPRP8
peony_shell                   220      2   0.9%  DccarGtgKjB
wild_yeast                    218      1   0.5%  DcjEaHItaFN
pomegranate_vault             216      3   1.4%  DcpLy5DNrUW
whale_fall_republic           204      5   2.5%  DcY5PRHxbtQ
brinicle_grove                201      1   0.5%  DcWuv6DhbSb
ruby_furnace                  192      7   3.6%  DczYHiNMIQP
caddis_masonry                183      4   2.2%  Dca_2VJRSs1
dollhouse                     178      4   2.2%  DbfylfKtqYd
cinder_veil                   174      1   0.6%  Db_wy6SMj1f
velvet_atlas                  174      6   3.4%  DbwUB8zQlsm
chameleon_prism               173      4   2.3%  DcSp1LvuwkB
moth_orchard_night            173      7   4.0%  DcE6Y9Murh5
tide_glass                    172      2   1.2%  Db-sIZ8JNWA
glass_apiary                  166      3   1.8%  DbrKbv5BzMr
ink_dynasty                   164      8   4.9%  Db1dnXug0Om
frost_window                  164      2   1.2%  DbolpFYs3Tq
resonance_hall                163      4   2.5%  Db9L_ofszjn
voltaic_shoal                 160      6   3.8%  Dc6B13mRdrE
magellanic_mob                160      3   1.9%  DcvuqYohsqq
abyssal_chandelier            158      2   1.3%  DcCVl5qtz4w
chalkboard_infinities         158      4   2.5%  Dby40v0t29S
pollen_court                  154      4   2.6%  DbtvOrQMd-j
termite_citadel               153      3   2.0%  Dce_d_qOwVA
quantum_orrery                153      3   2.0%  DbqFxM6R-lR
ivory_gambit                  152      3   2.0%  DcD1ubzp9IM
fiddler_commons               149      5   3.4%  Dc3dDCXhTLx
jade_automata                 145      9   6.2%  DbjcDhyO_9n
lather_atlas                  144      3   2.1%  Dbng-e1hZRb
lichen_moor                   135      2   1.5%  Db29vr7gb7Y
bayou_eyeshine                123      5   4.1%  DdBoyUlM--y

snapshot appended to outbox/ig_stats.jsonl (55 rows)
journey                 views  reach  shr  sav  fol    watch   avg
squid_lantern            3023   2187    7   11   14     227m    6s
eclipse_waterhole        2023   1707   13   18   11     275m   10s
physarum_maze            1765   1448    9    9    3     208m    9s
winter_murmuration       1584   1339    ?    ?    ?        ?    ?s
geode_cosmos             1528   1328    5   10    4     256m   11s
sundew_snare             1508   1357   13   11    4     137m    6s
desert_rosette           1405   1231   12    9    1     197m    9s
lantern_mangrove         1397   1143    2    5    0     533m   28s
cobalt_rookery            987    831    6    7    3     150m   11s
salt_mirror               650    539    1    0    2      73m    8s
meteorite_cradle          555    493    8    6    4      61m    7s
bamboo_sea                520    465    ?    ?    ?        ?    ?s
vesper_flight             364    326    1    4    2      50m    9s
ember_meadow              323    270    1    2    0      65m   14s
circuit_grotto            268    225    ?    ?    ?        ?    ?s
sockeye_stair             264    207    ?    ?    ?        ?    ?s
bee_cathedral             264    221    ?    ?    ?        ?    ?s
magnetite_choir           238    201    ?    ?    ?        ?    ?s
peony_shell               220    183    0    0    0      18m    5s
wild_yeast                218    181    1    0    0     237m   69s
pomegranate_vault         216    185    1    1    1     890m  263s
whale_fall_republic       204    171    1    2    1      21m    7s
brinicle_grove            201    161    1    0    0      20m    7s
ruby_furnace              192    167    ?    ?    ?        ?    ?s
caddis_masonry            183    159    0    0    0      24m    8s
cinder_veil               174    152    2    0    1     144m   55s
chameleon_prism           173    157    1    1    1     185m   64s
moth_orchard_night        173    139    0    0    0      16m    6s
tide_glass                172    154    2    0    1      55m   20s
resonance_hall            163    141    2    1    1      15m    6s
voltaic_shoal             160    126    ?    ?    ?        ?    ?s
magellanic_mob            160    139    ?    ?    ?        ?    ?s
abyssal_chandelier        158    134    2    2    0     111m   46s
termite_citadel           153    134    0    1    0      19m    8s
ivory_gambit              152    134    3    1    0      15m    6s
fiddler_commons           149    124    ?    ?    ?        ?    ?s
bayou_eyeshine            123     95    ?    ?    ?        ?    ?s

appended 37 rows to outbox/ig_insights.jsonl
followers: 99   ('99 Followers, 22 Following, 67 Posts - See Instagram photos and videos from Powe')
reels on grid: 55 (trusted-hover pass, 55 with likes)

journey                     views  likes  like%  code
squid_lantern                3024     61   2.0%  DcKg2bhhBG0
night_bloom_remix            2096     28   1.3%  Dbg3QOnxpQi
eclipse_waterhole            2024     67   3.3%  DcrORSVvyet
physarum_maze                1768     34   1.9%  DcUsSy3pWpB
winter_murmuration           1589     94   5.9%  Dc7iBZZzNMz
geode_cosmos                 1528     33   2.2%  DcGahIISzJw
sundew_snare                 1511     75   5.0%  DcMilj8BvPm
desert_rosette               1406     36   2.6%  DcQnXQrhkHn
lantern_mangrove             1399     22   1.6%  DcgRKhzODHi
cobalt_rookery                988     32   3.2%  DcmB0c-OpAZ
salt_mirror                   650      1   0.2%  DcBQ7cpxIRg
mineral_heart                 581     17   2.9%  Dbk8L2hpUfz
meteorite_cradle              555     13   2.3%  Dcmt3kHNrQw
bamboo_sea                    522      4   0.8%  Dc1ak6sOB39
cave_of_numbers               372      5   1.3%  DbmA2MBQ0Ft
vesper_flight                 364      9   2.5%  DchCOAOhmDn
copper_rain                   329      8   2.4%  DbsqkAqu7OB
ember_meadow                  324      6   1.9%  DcOk8BQACG5
butterfly_meridian            312     15   4.8%  DbiXYvTxGr9
sockeye_stair                 293      9   3.1%  Dc_m7qMy508
sugar_nebula                  279      1   0.4%  Db0Y8-qO1-Q
circuit_grotto                271      6   2.2%  Dc9j3bQMFpJ
bee_cathedral                 264      7   2.7%  DcxVqMzv84K
magnetite_choir               239      3   1.3%  DctQuxrOmCO
bayou_eyeshine                222      7   3.2%  DdBoyUlM--y
tesla_garden                  222     10   4.5%  DbvPXOBPRP8
peony_shell                   220      2   0.9%  DccarGtgKjB
wild_yeast                    218      1   0.5%  DcjEaHItaFN
pomegranate_vault             216      3   1.4%  DcpLy5DNrUW
whale_fall_republic           205      5   2.4%  DcY5PRHxbtQ
brinicle_grove                202      1   0.5%  DcWuv6DhbSb
ruby_furnace                  193      7   3.6%  DczYHiNMIQP
caddis_masonry                184      4   2.2%  Dca_2VJRSs1
chameleon_prism               174      4   2.3%  DcSp1LvuwkB
cinder_veil                   174      1   0.6%  Db_wy6SMj1f
velvet_atlas                  174      6   3.4%  DbwUB8zQlsm
moth_orchard_night            173      7   4.0%  DcE6Y9Murh5
tide_glass                    172      2   1.2%  Db-sIZ8JNWA
glass_apiary                  166      3   1.8%  DbrKbv5BzMr
ink_dynasty                   164      8   4.9%  Db1dnXug0Om
frost_window                  164      2   1.2%  DbolpFYs3Tq
resonance_hall                163      4   2.5%  Db9L_ofszjn
voltaic_shoal                 162      6   3.7%  Dc6B13mRdrE
magellanic_mob                160      3   1.9%  DcvuqYohsqq
abyssal_chandelier            158      2   1.3%  DcCVl5qtz4w
chalkboard_infinities         158      4   2.5%  Dby40v0t29S
pollen_court                  154      4   2.6%  DbtvOrQMd-j
termite_citadel               153      3   2.0%  Dce_d_qOwVA
quantum_orrery                153      3   2.0%  DbqFxM6R-lR
ivory_gambit                  152      3   2.0%  DcD1ubzp9IM
fiddler_commons               151      5   3.3%  Dc3dDCXhTLx
lather_atlas                  145      3   2.1%  Dbng-e1hZRb
jade_automata                 145      9   6.2%  DbjcDhyO_9n
lichen_moor                   135      2   1.5%  Db29vr7gb7Y
fluorite_stope                128      7   5.5%  DdDCn5AuTzR

snapshot appended to outbox/ig_stats.jsonl (55 rows)
journey                 views  reach  shr  sav  fol    watch   avg
squid_lantern            3024   2187    7   11   14     227m    6s
eclipse_waterhole        2024   1708   13   18   11     275m   10s
physarum_maze            1768   1450    9    9    3     208m    9s
winter_murmuration       1589   1342    ?    ?    ?        ?    ?s
geode_cosmos             1528   1328    5   10    4     256m   11s
sundew_snare             1511   1359   14   11    4     138m    6s
desert_rosette           1406   1232   12    9    1     197m    9s
lantern_mangrove         1399   1145    2    5    0     533m   28s
cobalt_rookery            988    832    6    7    3     150m   11s
salt_mirror               650    539    1    0    2      73m    8s
meteorite_cradle          555    493    8    6    4      61m    7s
bamboo_sea                522    467    ?    ?    ?        ?    ?s
vesper_flight             364    326    1    4    2      50m    9s
ember_meadow              324    271    1    2    0      65m   14s
sockeye_stair             293    234    ?    ?    ?        ?    ?s
circuit_grotto            271    227    ?    ?    ?        ?    ?s
bee_cathedral             264    221    ?    ?    ?        ?    ?s
magnetite_choir           239    202    1    2    0     195m   53s
bayou_eyeshine            222    189    ?    ?    ?        ?    ?s
peony_shell               220    183    0    0    0      18m    5s
wild_yeast                218    181    1    0    0     237m   69s
pomegranate_vault         216    185    1    1    1     890m  263s
whale_fall_republic       205    172    1    2    1      21m    7s
brinicle_grove            202    162    1    0    0      20m    7s
ruby_furnace              193    168    ?    ?    ?        ?    ?s
caddis_masonry            184    160    0    0    0      24m    8s
chameleon_prism           174    158    1    1    1     185m   64s
cinder_veil               174    152    2    0    1     144m   55s
moth_orchard_night        173    139    0    0    0      16m    6s
tide_glass                172    154    2    0    1      55m   20s
resonance_hall            163    141    2    1    1      15m    6s
voltaic_shoal             162    127    ?    ?    ?        ?    ?s
magellanic_mob            160    139    ?    ?    ?        ?    ?s
abyssal_chandelier        158    134    2    2    0     111m   46s
termite_citadel           153    134    0    1    0      19m    8s
ivory_gambit              152    134    3    1    0      15m    6s
fiddler_commons           151    126    ?    ?    ?        ?    ?s
fluorite_stope            133    101    ?    ?    ?        ?    ?s

appended 38 rows to outbox/ig_insights.jsonl
followers: 99   ('99 Followers, 22 Following, 67 Posts - See Instagram photos and videos from Powe')
reels on grid: 36 (trusted-hover pass, 36 with likes)

journey                     views  likes  like%  code
squid_lantern                3024     61   2.0%  DcKg2bhhBG0
eclipse_waterhole            2024     67   3.3%  DcrORSVvyet
physarum_maze                1769     34   1.9%  DcUsSy3pWpB
winter_murmuration           1596     94   5.9%  Dc7iBZZzNMz
geode_cosmos                 1528     33   2.2%  DcGahIISzJw
sundew_snare                 1511     75   5.0%  DcMilj8BvPm
desert_rosette               1406     36   2.6%  DcQnXQrhkHn
lantern_mangrove             1399     22   1.6%  DcgRKhzODHi
cobalt_rookery                988     32   3.2%  DcmB0c-OpAZ
salt_mirror                   650      1   0.2%  DcBQ7cpxIRg
meteorite_cradle              555     13   2.3%  Dcmt3kHNrQw
bamboo_sea                    522      4   0.8%  Dc1ak6sOB39
vesper_flight                 364      9   2.5%  DchCOAOhmDn
ember_meadow                  324      6   1.9%  DcOk8BQACG5
sockeye_stair                 301      9   3.0%  Dc_m7qMy508
fluorite_stope                279     11   3.9%  DdDCn5AuTzR
bayou_eyeshine                275      9   3.3%  DdBoyUlM--y
circuit_grotto                271      6   2.2%  Dc9j3bQMFpJ
bee_cathedral                 264      7   2.7%  DcxVqMzv84K
magnetite_choir               239      3   1.3%  DctQuxrOmCO
peony_shell                   220      2   0.9%  DccarGtgKjB
wild_yeast                    218      1   0.5%  DcjEaHItaFN
pomegranate_vault             216      3   1.4%  DcpLy5DNrUW
whale_fall_republic           205      5   2.4%  DcY5PRHxbtQ
brinicle_grove                202      1   0.5%  DcWuv6DhbSb
ruby_furnace                  193      7   3.6%  DczYHiNMIQP
caddis_masonry                184      4   2.2%  Dca_2VJRSs1
chameleon_prism               174      4   2.3%  DcSp1LvuwkB
cinder_veil                   174      1   0.6%  Db_wy6SMj1f
moth_orchard_night            173      7   4.0%  DcE6Y9Murh5
voltaic_shoal                 162      6   3.7%  Dc6B13mRdrE
magellanic_mob                160      3   1.9%  DcvuqYohsqq
abyssal_chandelier            158      2   1.3%  DcCVl5qtz4w
termite_citadel               153      3   2.0%  Dce_d_qOwVA
ivory_gambit                  152      3   2.0%  DcD1ubzp9IM
fiddler_commons               151      5   3.3%  Dc3dDCXhTLx

snapshot appended to outbox/ig_stats.jsonl (36 rows)
journey                 views  reach  shr  sav  fol    watch   avg
squid_lantern            3024   2187    7   11   14     227m    6s
eclipse_waterhole        2024   1708   13   18   11     275m   10s
physarum_maze            1769   1450    9    9    3     208m    9s
winter_murmuration       1596   1345    ?    ?    ?        ?    ?s
geode_cosmos             1528   1328    5   10    4     256m   11s
sundew_snare             1511   1359   14   11    4     138m    6s
desert_rosette           1406   1232   12    9    1     197m    9s
lantern_mangrove         1399   1145    2    5    0     533m   28s
cobalt_rookery            988    832    6    7    3     150m   11s
salt_mirror               650    539    1    0    2      73m    8s
meteorite_cradle          555    493    8    6    4      61m    7s
bamboo_sea                522    467    ?    ?    ?        ?    ?s
vesper_flight             364    326    1    4    2      50m    9s
ember_meadow              324    271    1    2    0      65m   14s
sockeye_stair             301    244    ?    ?    ?        ?    ?s
fluorite_stope            279    218    ?    ?    ?        ?    ?s
bayou_eyeshine            275    235    ?    ?    ?        ?    ?s
circuit_grotto            271    227    ?    ?    ?        ?    ?s
bee_cathedral             264    221    ?    ?    ?        ?    ?s
magnetite_choir           239    202    1    2    0     195m   53s
peony_shell               220    183    0    0    0      18m    5s
wild_yeast                218    181    1    0    0     237m   69s
pomegranate_vault         216    185    1    1    1     890m  263s
whale_fall_republic       205    172    1    2    1      21m    7s
brinicle_grove            202    162    1    0    0      20m    7s
ruby_furnace              193    168    ?    ?    ?        ?    ?s
caddis_masonry            184    160    0    0    0      24m    8s
chameleon_prism           174    158    1    1    1     185m   64s
cinder_veil               174    152    2    0    1     144m   55s
moth_orchard_night        173    139    0    0    0      16m    6s
tide_glass                172    154    2    0    1      55m   20s
resonance_hall            163    141    2    1    1      15m    6s
voltaic_shoal             162    127    ?    ?    ?        ?    ?s
magellanic_mob            160    139    1    1    0     298m  119s
abyssal_chandelier        158    134    2    2    0     111m   46s
termite_citadel           153    134    0    1    0      19m    8s
ivory_gambit              152    134    3    1    0      15m    6s
fiddler_commons           151    126    ?    ?    ?        ?    ?s

appended 38 rows to outbox/ig_insights.jsonl
followers: 101   ('101 Followers, 23 Following, 67 Posts - See Instagram photos and videos from Pow')
reels on grid: 36 (trusted-hover pass, 36 with likes)

journey                     views  likes  like%  code
squid_lantern                3025     61   2.0%  DcKg2bhhBG0
eclipse_waterhole            2024     67   3.3%  DcrORSVvyet
physarum_maze                1769     34   1.9%  DcUsSy3pWpB
winter_murmuration           1606     94   5.9%  Dc7iBZZzNMz
geode_cosmos                 1528     33   2.2%  DcGahIISzJw
sundew_snare                 1511     75   5.0%  DcMilj8BvPm
desert_rosette               1406     36   2.6%  DcQnXQrhkHn
lantern_mangrove             1399     22   1.6%  DcgRKhzODHi
cobalt_rookery                988     32   3.2%  DcmB0c-OpAZ
salt_mirror                   650      1   0.2%  DcBQ7cpxIRg
meteorite_cradle              555     13   2.3%  Dcmt3kHNrQw
fluorite_stope                534     20   3.7%  DdDCn5AuTzR
bamboo_sea                    523      4   0.8%  Dc1ak6sOB39
vesper_flight                 364      9   2.5%  DchCOAOhmDn
ember_meadow                  324      6   1.9%  DcOk8BQACG5
sockeye_stair                 303      9   3.0%  Dc_m7qMy508
bayou_eyeshine                302      9   3.0%  DdBoyUlM--y
circuit_grotto                273      6   2.2%  Dc9j3bQMFpJ
bee_cathedral                 264      7   2.7%  DcxVqMzv84K
magnetite_choir               239      3   1.3%  DctQuxrOmCO
peony_shell                   220      2   0.9%  DccarGtgKjB
wild_yeast                    218      1   0.5%  DcjEaHItaFN
pomegranate_vault             216      3   1.4%  DcpLy5DNrUW
whale_fall_republic           205      5   2.4%  DcY5PRHxbtQ
brinicle_grove                202      1   0.5%  DcWuv6DhbSb
ruby_furnace                  194      7   3.6%  DczYHiNMIQP
caddis_masonry                184      4   2.2%  Dca_2VJRSs1
chameleon_prism               174      4   2.3%  DcSp1LvuwkB
cinder_veil                   174      1   0.6%  Db_wy6SMj1f
moth_orchard_night            173      7   4.0%  DcE6Y9Murh5
voltaic_shoal                 163      6   3.7%  Dc6B13mRdrE
magellanic_mob                160      3   1.9%  DcvuqYohsqq
abyssal_chandelier            158      2   1.3%  DcCVl5qtz4w
termite_citadel               153      3   2.0%  Dce_d_qOwVA
fiddler_commons               152      5   3.3%  Dc3dDCXhTLx
ivory_gambit                  152      3   2.0%  DcD1ubzp9IM

snapshot appended to outbox/ig_stats.jsonl (36 rows)
journey                 views  reach  shr  sav  fol    watch   avg
squid_lantern            3025   2187    7   11   14     227m    6s
eclipse_waterhole        2024   1708    ?    ?    ?        ?    ?s
physarum_maze            1769   1450    9    9    3     208m    9s
winter_murmuration       1606   1352    ?    ?    ?        ?    ?s
geode_cosmos             1528   1328    5   10    4     256m   11s
sundew_snare             1511   1359   14   11    4     138m    6s
desert_rosette           1406   1232   12    9    1     197m    9s
lantern_mangrove         1399   1145    2    5    0     533m   28s
cobalt_rookery            988    832    ?    ?    ?        ?    ?s
salt_mirror               650    539    1    0    2      73m    8s
meteorite_cradle          555    493    ?    ?    ?        ?    ?s
fluorite_stope            534    392    ?    ?    ?        ?    ?s
bamboo_sea                523    468    ?    ?    ?        ?    ?s
vesper_flight             364    326    1    4    2      50m    9s
ember_meadow              324    271    1    2    0      65m   14s
sockeye_stair             303    245    ?    ?    ?        ?    ?s
bayou_eyeshine            302    261    ?    ?    ?        ?    ?s
circuit_grotto            273    228    ?    ?    ?        ?    ?s
bee_cathedral             264    221    ?    ?    ?        ?    ?s
magnetite_choir           239    202    ?    ?    ?        ?    ?s
peony_shell               220    183    0    0    0      18m    5s
wild_yeast                218    181    1    0    0     237m   69s
pomegranate_vault         216    185    ?    ?    ?        ?    ?s
whale_fall_republic       205    172    1    2    1      21m    7s
brinicle_grove            202    162    1    0    0      20m    7s
ruby_furnace              194    169    ?    ?    ?        ?    ?s
caddis_masonry            184    160    0    0    0      24m    8s
chameleon_prism           174    158    1    1    1     185m   64s
cinder_veil               174    152    2    0    1     144m   55s
moth_orchard_night        173    139    0    0    0      16m    6s
tide_glass                172    154    2    0    1      55m   20s
voltaic_shoal             163    127    ?    ?    ?        ?    ?s
resonance_hall            163    141    2    1    1      15m    6s
magellanic_mob            160    139    ?    ?    ?        ?    ?s
abyssal_chandelier        158    134    2    2    0     111m   46s
termite_citadel           153    134    0    1    0      19m    8s
fiddler_commons           152    127    ?    ?    ?        ?    ?s
ivory_gambit              152    134    3    1    0      15m    6s

appended 38 rows to outbox/ig_insights.jsonl
followers: 103   ('103 Followers, 23 Following, 68 Posts - See Instagram photos and videos from Pow')
reels on grid: 36 (trusted-hover pass, 36 with likes)

journey                     views  likes  like%  code
squid_lantern                3026     61   2.0%  DcKg2bhhBG0
eclipse_waterhole            2024     67   3.3%  DcrORSVvyet
physarum_maze                1769     34   1.9%  DcUsSy3pWpB
winter_murmuration           1606     94   5.9%  Dc7iBZZzNMz
geode_cosmos                 1528     33   2.2%  DcGahIISzJw
sundew_snare                 1512     75   5.0%  DcMilj8BvPm
desert_rosette               1406     36   2.6%  DcQnXQrhkHn
lantern_mangrove             1400     22   1.6%  DcgRKhzODHi
cobalt_rookery                988     32   3.2%  DcmB0c-OpAZ
salt_mirror                   650      1   0.2%  DcBQ7cpxIRg
fluorite_stope                637     22   3.5%  DdDCn5AuTzR
meteorite_cradle              555     13   2.3%  Dcmt3kHNrQw
bamboo_sea                    523      4   0.8%  Dc1ak6sOB39
vesper_flight                 364      9   2.5%  DchCOAOhmDn
ember_meadow                  324      6   1.9%  DcOk8BQACG5
sockeye_stair                 303      9   3.0%  Dc_m7qMy508
bayou_eyeshine                302      9   3.0%  DdBoyUlM--y
circuit_grotto                273      6   2.2%  Dc9j3bQMFpJ
bee_cathedral                 264      7   2.7%  DcxVqMzv84K
magnetite_choir               239      3   1.3%  DctQuxrOmCO
peony_shell                   220      2   0.9%  DccarGtgKjB
wild_yeast                    218      1   0.5%  DcjEaHItaFN
pomegranate_vault             216      3   1.4%  DcpLy5DNrUW
whale_fall_republic           205      5   2.4%  DcY5PRHxbtQ
brinicle_grove                202      1   0.5%  DcWuv6DhbSb
ruby_furnace                  194      7   3.6%  DczYHiNMIQP
caddis_masonry                184      4   2.2%  Dca_2VJRSs1
chameleon_prism               174      4   2.3%  DcSp1LvuwkB
moth_orchard_night            173      7   4.0%  DcE6Y9Murh5
horseshoe_tide                172      4   2.3%  DdGpNIFRJyJ
voltaic_shoal                 163      6   3.7%  Dc6B13mRdrE
magellanic_mob                160      3   1.9%  DcvuqYohsqq
abyssal_chandelier            158      2   1.3%  DcCVl5qtz4w
termite_citadel               153      3   2.0%  Dce_d_qOwVA
fiddler_commons               152      5   3.3%  Dc3dDCXhTLx
ivory_gambit                  152      3   2.0%  DcD1ubzp9IM

snapshot appended to outbox/ig_stats.jsonl (36 rows)
journey                 views  reach  shr  sav  fol    watch   avg
squid_lantern            3026   2190    7   11   14     227m    6s
eclipse_waterhole        2024   1708    ?    ?    ?        ?    ?s
physarum_maze            1769   1450    9    9    3     208m    9s
winter_murmuration       1606   1352    ?    ?    ?        ?    ?s
geode_cosmos             1528   1328    5   10    4     256m   11s
sundew_snare             1512   1360   14   11    5     138m    6s
desert_rosette           1406   1232   12    9    1     197m    9s
lantern_mangrove         1400   1146    2    5    0     533m   28s
cobalt_rookery            988    832    6    7    3     150m   11s
salt_mirror               650    539    1    0    2      73m    8s
fluorite_stope            637    469    ?    ?    ?        ?    ?s
meteorite_cradle          555    493    ?    ?    ?        ?    ?s
bamboo_sea                523    468    ?    ?    ?        ?    ?s
vesper_flight             364    326    1    4    2      50m    9s
ember_meadow              324    271    1    2    0      65m   14s
sockeye_stair             303    245    ?    ?    ?        ?    ?s
bayou_eyeshine            302    261    ?    ?    ?        ?    ?s
circuit_grotto            273    228    ?    ?    ?        ?    ?s
bee_cathedral             264    221    ?    ?    ?        ?    ?s
magnetite_choir           239    202    ?    ?    ?        ?    ?s
peony_shell               220    183    0    0    0      18m    5s
wild_yeast                218    181    1    0    0     237m   69s
pomegranate_vault         216    185    ?    ?    ?        ?    ?s
whale_fall_republic       205    172    1    2    1      21m    7s
brinicle_grove            202    162    1    0    0      20m    7s
ruby_furnace              194    169    ?    ?    ?        ?    ?s
caddis_masonry            184    160    0    0    0      24m    8s
chameleon_prism           174    158    1    1    1     185m   64s
cinder_veil               174    152    2    0    1     144m   55s
moth_orchard_night        173    139    0    0    0      16m    6s
tide_glass                172    154    2    0    1      55m   20s
horseshoe_tide            171    152    ?    ?    ?        ?    ?s
voltaic_shoal             163    127    ?    ?    ?        ?    ?s
magellanic_mob            160    139    ?    ?    ?        ?    ?s
abyssal_chandelier        158    134    2    2    0     111m   46s
termite_citadel           153    134    0    1    0      19m    8s
fiddler_commons           152    127    ?    ?    ?        ?    ?s
ivory_gambit              152    134    3    1    0      15m    6s

appended 38 rows to outbox/ig_insights.jsonl
  black_hole               gju1m1BS9wc  SKIP (unavailable (private/removed?))
  fluorite_stope           _NFNFXrmTRQ  SKIP (unavailable (private/removed?))

journey                      views  likes  like%
wild_yeast                    1244      4   0.3%
fiddler_commons               1189      4   0.3%
peony_shell                   1129      4   0.4%
food_chain                    1095     11   1.0%
eclipse_waterhole             1001      4   0.4%
caddis_masonry                 985      7   0.7%
salt_mirror                    973      3   0.3%
cobalt_rookery                 940      7   0.7%
cosmic_scales_remix            869      6   0.7%
voltaic_shoal                  651      5   0.8%
tide_glass                     596      1   0.2%
meteorite_cradle               415      2   0.5%
snowfall                       414      6   1.4%
ruby_furnace                   266      1   0.4%
butterfly_meridian             221      4   1.8%
whale_fall_republic            157      0   0.0%
tide_of_life                   137      2   1.5%
sockeye_stair                  131      0   0.0%
horseshoe_tide                 123      0   0.0%
cinder_veil                    114      1   0.9%
termite_citadel                 89      3   3.4%
bee_cathedral                   79      0   0.0%
vesper_flight                   70      0   0.0%
circuit_grotto                  62      0   0.0%
resonance_hall                  52      0   0.0%
magellanic_mob                  47      0   0.0%
abyssal_chandelier              41      1   2.4%
winter_murmuration              38      3   7.9%
cartographer                    32      1   3.1%
alexandria                      31      2   6.5%
circuit_city                    31      1   3.2%
night_bloom                     23      2   8.7%
dollhouse                       19      1   5.3%
night_bloom_remix               16      1   6.2%
jade_automata                   15      1   6.7%
ember_meadow                    14      0   0.0%
quantum_orrery                  11      0   0.0%
squid_lantern                   11      0   0.0%
mineral_heart                   10      1  10.0%
pomegranate_vault               10      0   0.0%
physarum_maze                    9      0   0.0%
frost_window                     8      0   0.0%
ivory_gambit                     8      0   0.0%
brinicle_grove                   8      0   0.0%
sundew_snare                     7      0   0.0%
chameleon_prism                  7      0   0.0%
sugar_nebula                     6      0   0.0%
tesla_garden                     6      0   0.0%
ink_dynasty                      6      0   0.0%
lichen_moor                      6      0   0.0%
magnetite_choir                  6      0   0.0%
lather_atlas                     5      1  20.0%
copper_rain                      5      0   0.0%
geode_cosmos                     5      1  20.0%
desert_rosette                   5      1  20.0%
cave_of_numbers                  4      1  25.0%
pollen_court                     4      0   0.0%
glass_apiary                     4      0   0.0%
lantern_mangrove                 4      0   0.0%
bayou_eyeshine                   4      0   0.0%
moth_orchard_night               3      0   0.0%
chalkboard_infinities            2      0   0.0%
velvet_atlas                     1      0   0.0%
bamboo_sea                       1      0   0.0%

64 videos, 13,475 total YouTube views (2 skipped) -> outbox/yt_stats.jsonl
followers: 103   ('103 Followers, 24 Following, 69 Posts - See Instagram photos and videos from Pow')
reels on grid: 36 (trusted-hover pass, 36 with likes)

journey                     views  likes  like%  code
squid_lantern                3026     61   2.0%  DcKg2bhhBG0
eclipse_waterhole            2024     67   3.3%  DcrORSVvyet
physarum_maze                1769     34   1.9%  DcUsSy3pWpB
winter_murmuration           1611     94   5.8%  Dc7iBZZzNMz
geode_cosmos                 1528     33   2.2%  DcGahIISzJw
sundew_snare                 1512     75   5.0%  DcMilj8BvPm
desert_rosette               1406     36   2.6%  DcQnXQrhkHn
lantern_mangrove             1400     22   1.6%  DcgRKhzODHi
cobalt_rookery                988     32   3.2%  DcmB0c-OpAZ
fluorite_stope                639     22   3.4%  DdDCn5AuTzR
meteorite_cradle              555     13   2.3%  Dcmt3kHNrQw
bamboo_sea                    523      4   0.8%  Dc1ak6sOB39
vesper_flight                 364      9   2.5%  DchCOAOhmDn
ember_meadow                  324      6   1.9%  DcOk8BQACG5
sockeye_stair                 303      9   3.0%  Dc_m7qMy508
bayou_eyeshine                302      9   3.0%  DdBoyUlM--y
circuit_grotto                273      6   2.2%  Dc9j3bQMFpJ
bee_cathedral                 264      7   2.7%  DcxVqMzv84K
horseshoe_tide                251      9   3.6%  DdGpNIFRJyJ
magnetite_choir               239      3   1.3%  DctQuxrOmCO
peony_shell                   220      2   0.9%  DccarGtgKjB
wild_yeast                    218      1   0.5%  DcjEaHItaFN
pomegranate_vault             216      3   1.4%  DcpLy5DNrUW
waterbear_prairie             205      3   1.5%  DdHwwB-JiYR
whale_fall_republic           205      5   2.4%  DcY5PRHxbtQ
brinicle_grove                202      1   0.5%  DcWuv6DhbSb
ruby_furnace                  194      7   3.6%  DczYHiNMIQP
caddis_masonry                184      4   2.2%  Dca_2VJRSs1
chameleon_prism               174      4   2.3%  DcSp1LvuwkB
moth_orchard_night            173      7   4.0%  DcE6Y9Murh5
voltaic_shoal                 163      6   3.7%  Dc6B13mRdrE
magellanic_mob                160      3   1.9%  DcvuqYohsqq
abyssal_chandelier            158      2   1.3%  DcCVl5qtz4w
termite_citadel               153      3   2.0%  Dce_d_qOwVA
fiddler_commons               152      5   3.3%  Dc3dDCXhTLx
ivory_gambit                  152      3   2.0%  DcD1ubzp9IM

snapshot appended to outbox/ig_stats.jsonl (36 rows)
journey                 views  reach  shr  sav  fol    watch   avg
squid_lantern            3026   2190    7   11   14     227m    6s
eclipse_waterhole        2024   1708    ?    ?    ?        ?    ?s
physarum_maze            1769   1450    9    9    3     208m    9s
winter_murmuration       1611   1355    ?    ?    ?        ?    ?s
geode_cosmos             1528   1328    5   10    4     256m   11s
sundew_snare             1512   1360   14   11    5     138m    6s
desert_rosette           1406   1232   12    9    1     197m    9s
lantern_mangrove         1400   1146    2    5    0     533m   28s
cobalt_rookery            988    832    6    7    3     150m   11s
salt_mirror               650    539    1    0    2      73m    8s
fluorite_stope            639    469    ?    ?    ?        ?    ?s
meteorite_cradle          555    493    8    6    4      61m    7s
bamboo_sea                523    468    ?    ?    ?        ?    ?s
vesper_flight             364    326    1    4    2      50m    9s
ember_meadow              324    271    1    2    0      65m   14s
sockeye_stair             303    245    ?    ?    ?        ?    ?s
bayou_eyeshine            302    261    ?    ?    ?        ?    ?s
circuit_grotto            273    228    ?    ?    ?        ?    ?s
bee_cathedral             264    221    ?    ?    ?        ?    ?s
horseshoe_tide            252    224    ?    ?    ?        ?    ?s
magnetite_choir           239    202    ?    ?    ?        ?    ?s
peony_shell               220    183    0    0    0      18m    5s
wild_yeast                218    181    1    0    0     237m   69s
pomegranate_vault         216    185    ?    ?    ?        ?    ?s
waterbear_prairie         205    166    ?    ?    ?        ?    ?s
whale_fall_republic       205    172    1    2    1      21m    7s
brinicle_grove            202    162    1    0    0      20m    7s
ruby_furnace              194    169    ?    ?    ?        ?    ?s
caddis_masonry            184    160    0    0    0      24m    8s
chameleon_prism           174    158    1    1    1     185m   64s
cinder_veil               174    152    2    0    1     144m   55s
moth_orchard_night        173    139    0    0    0      16m    6s
tide_glass                172    154    2    0    1      55m   20s
voltaic_shoal             163    127    ?    ?    ?        ?    ?s
magellanic_mob            160    139    ?    ?    ?        ?    ?s
abyssal_chandelier        158    134    2    2    0     111m   46s
termite_citadel           153    134    0    1    0      19m    8s
fiddler_commons           152    127    ?    ?    ?        ?    ?s
ivory_gambit              152    134    3    1    0      15m    6s

appended 39 rows to outbox/ig_insights.jsonl
  black_hole               gju1m1BS9wc  SKIP (unavailable (private/removed?))
  waterbear_prairie        DG33_KIFhhE  SKIP (unavailable (private/removed?))
  horseshoe_tide           IDJS0X-mRYY  SKIP (unavailable (private/removed?))

journey                      views  likes  like%
wild_yeast                    1244      4   0.3%
fiddler_commons               1189      4   0.3%
peony_shell                   1129      4   0.4%
food_chain                    1095     11   1.0%
eclipse_waterhole             1001      4   0.4%
caddis_masonry                 985      7   0.7%
salt_mirror                    973      3   0.3%
cobalt_rookery                 940      7   0.7%
cosmic_scales_remix            869      6   0.7%
voltaic_shoal                  651      5   0.8%
tide_glass                     596      1   0.2%
meteorite_cradle               415      2   0.5%
snowfall                       414      6   1.4%
ruby_furnace                   266      1   0.4%
butterfly_meridian             221      4   1.8%
whale_fall_republic            157      0   0.0%
fluorite_stope                 153      0   0.0%
tide_of_life                   137      2   1.5%
sockeye_stair                  131      0   0.0%
cinder_veil                    114      1   0.9%
termite_citadel                 89      3   3.4%
bee_cathedral                   79      0   0.0%
vesper_flight                   70      0   0.0%
circuit_grotto                  62      0   0.0%
resonance_hall                  52      0   0.0%
magellanic_mob                  47      0   0.0%
abyssal_chandelier              41      1   2.4%
winter_murmuration              38      3   7.9%
cartographer                    32      1   3.1%
alexandria                      31      2   6.5%
circuit_city                    31      1   3.2%
night_bloom                     23      2   8.7%
dollhouse                       19      1   5.3%
night_bloom_remix               16      1   6.2%
jade_automata                   15      1   6.7%
ember_meadow                    14      0   0.0%
quantum_orrery                  11      0   0.0%
squid_lantern                   11      0   0.0%
mineral_heart                   10      1  10.0%
pomegranate_vault               10      0   0.0%
physarum_maze                    9      0   0.0%
frost_window                     8      0   0.0%
ivory_gambit                     8      0   0.0%
brinicle_grove                   8      0   0.0%
sundew_snare                     7      0   0.0%
chameleon_prism                  7      0   0.0%
sugar_nebula                     6      0   0.0%
tesla_garden                     6      0   0.0%
ink_dynasty                      6      0   0.0%
lichen_moor                      6      0   0.0%
magnetite_choir                  6      0   0.0%
lather_atlas                     5      1  20.0%
copper_rain                      5      0   0.0%
geode_cosmos                     5      1  20.0%
desert_rosette                   5      1  20.0%
cave_of_numbers                  4      1  25.0%
pollen_court                     4      0   0.0%
glass_apiary                     4      0   0.0%
lantern_mangrove                 4      0   0.0%
bayou_eyeshine                   4      0   0.0%
moth_orchard_night               3      0   0.0%
chalkboard_infinities            2      0   0.0%
velvet_atlas                     1      0   0.0%
bamboo_sea                       1      0   0.0%

64 videos, 13,505 total YouTube views (3 skipped) -> outbox/yt_stats.jsonl
followers: 103   ('103 Followers, 24 Following, 69 Posts - See Instagram photos and videos from Pow')
reels on grid: 36 (trusted-hover pass, 36 with likes)

journey                     views  likes  like%  code
squid_lantern                3026     61   2.0%  DcKg2bhhBG0
eclipse_waterhole            2024     67   3.3%  DcrORSVvyet
physarum_maze                1769     34   1.9%  DcUsSy3pWpB
winter_murmuration           1612     94   5.8%  Dc7iBZZzNMz
geode_cosmos                 1528     33   2.2%  DcGahIISzJw
sundew_snare                 1512     75   5.0%  DcMilj8BvPm
desert_rosette               1406     36   2.6%  DcQnXQrhkHn
lantern_mangrove             1400     22   1.6%  DcgRKhzODHi
cobalt_rookery                988     32   3.2%  DcmB0c-OpAZ
fluorite_stope                640     22   3.4%  DdDCn5AuTzR
meteorite_cradle              556     13   2.3%  Dcmt3kHNrQw
bamboo_sea                    523      4   0.8%  Dc1ak6sOB39
vesper_flight                 364      9   2.5%  DchCOAOhmDn
ember_meadow                  324      6   1.9%  DcOk8BQACG5
horseshoe_tide                309     12   3.9%  DdGpNIFRJyJ
sockeye_stair                 303      9   3.0%  Dc_m7qMy508
bayou_eyeshine                302      9   3.0%  DdBoyUlM--y
waterbear_prairie             279      3   1.1%  DdHwwB-JiYR
circuit_grotto                273      6   2.2%  Dc9j3bQMFpJ
bee_cathedral                 264      7   2.7%  DcxVqMzv84K
magnetite_choir               239      3   1.3%  DctQuxrOmCO
peony_shell                   220      2   0.9%  DccarGtgKjB
wild_yeast                    218      1   0.5%  DcjEaHItaFN
pomegranate_vault             216      3   1.4%  DcpLy5DNrUW
whale_fall_republic           205      5   2.4%  DcY5PRHxbtQ
brinicle_grove                202      1   0.5%  DcWuv6DhbSb
ruby_furnace                  194      7   3.6%  DczYHiNMIQP
caddis_masonry                184      4   2.2%  Dca_2VJRSs1
chameleon_prism               174      4   2.3%  DcSp1LvuwkB
moth_orchard_night            173      7   4.0%  DcE6Y9Murh5
voltaic_shoal                 163      6   3.7%  Dc6B13mRdrE
magellanic_mob                160      3   1.9%  DcvuqYohsqq
abyssal_chandelier            158      2   1.3%  DcCVl5qtz4w
termite_citadel               153      3   2.0%  Dce_d_qOwVA
fiddler_commons               152      5   3.3%  Dc3dDCXhTLx
ivory_gambit                  152      3   2.0%  DcD1ubzp9IM

snapshot appended to outbox/ig_stats.jsonl (36 rows)
journey                 views  reach  shr  sav  fol    watch   avg
squid_lantern            3026   2190    7   11   14     227m    6s
eclipse_waterhole        2024   1708   13   18   11     275m   10s
physarum_maze            1769   1450    9    9    3     208m    9s
winter_murmuration       1612   1356    ?    ?    ?        ?    ?s
geode_cosmos             1528   1328    5   10    4     256m   11s
sundew_snare             1512   1360   14   11    5     138m    6s
desert_rosette           1406   1232   12    9    1     197m    9s
lantern_mangrove         1400   1146    2    5    0     533m   28s
cobalt_rookery            988    832    6    7    3     150m   11s
salt_mirror               650    539    1    0    2      73m    8s
fluorite_stope            640    469    ?    ?    ?        ?    ?s
meteorite_cradle          556    493    8    6    4      61m    7s
bamboo_sea                523    468    ?    ?    ?        ?    ?s
vesper_flight             364    326    1    4    2      50m    9s
ember_meadow              324    271    1    2    0      65m   14s
horseshoe_tide            309    273    ?    ?    ?        ?    ?s
sockeye_stair             303    245    ?    ?    ?        ?    ?s
bayou_eyeshine            302    261    ?    ?    ?        ?    ?s
waterbear_prairie         279    221    ?    ?    ?        ?    ?s
circuit_grotto            273    228    ?    ?    ?        ?    ?s
bee_cathedral             264    222    3    0    1     474m  121s
magnetite_choir           239    202    1    2    0     195m   53s
peony_shell               220    183    0    0    0      18m    5s
wild_yeast                218    181    1    0    0     237m   69s
pomegranate_vault         216    185    1    1    1     890m  262s
whale_fall_republic       205    172    1    2    1      21m    7s
brinicle_grove            202    162    1    0    0      20m    7s
ruby_furnace              194    169    0    2    0      65m   22s
caddis_masonry            184    160    0    0    0      24m    8s
chameleon_prism           174    158    1    1    1     185m   64s
moth_orchard_night        173    139    0    0    0      16m    6s
voltaic_shoal             163    127    ?    ?    ?        ?    ?s
magellanic_mob            160    139    1    1    0     298m  118s
abyssal_chandelier        158    134    2    2    0     111m   46s
termite_citadel           153    134    0    1    0      19m    8s
fiddler_commons           152    127    ?    ?    ?        ?    ?s
ivory_gambit              152    134    3    1    0      15m    6s

appended 37 rows to outbox/ig_insights.jsonl
  black_hole               gju1m1BS9wc  SKIP (unavailable (private/removed?))
  fluorite_stope           _NFNFXrmTRQ  SKIP (unavailable (private/removed?))

journey                      views  likes  like%
wild_yeast                    1244      4   0.3%
fiddler_commons               1189      4   0.3%
peony_shell                   1129      4   0.4%
food_chain                    1095     11   1.0%
eclipse_waterhole             1001      4   0.4%
caddis_masonry                 985      7   0.7%
salt_mirror                    973      3   0.3%
cobalt_rookery                 940      7   0.7%
cosmic_scales_remix            869      6   0.7%
voltaic_shoal                  651      5   0.8%
tide_glass                     596      1   0.2%
meteorite_cradle               415      2   0.5%
snowfall                       414      6   1.4%
ruby_furnace                   266      1   0.4%
butterfly_meridian             221      4   1.8%
whale_fall_republic            157      0   0.0%
tide_of_life                   137      2   1.5%
sockeye_stair                  128      0   0.0%
cinder_veil                    114      1   0.9%
termite_citadel                 89      3   3.4%
bee_cathedral                   79      0   0.0%
vesper_flight                   70      0   0.0%
circuit_grotto                  65      1   1.5%
resonance_hall                  52      0   0.0%
magellanic_mob                  47      0   0.0%
abyssal_chandelier              41      1   2.4%
winter_murmuration              38      3   7.9%
cartographer                    32      1   3.1%
alexandria                      31      2   6.5%
circuit_city                    31      1   3.2%
night_bloom                     23      2   8.7%
dollhouse                       19      1   5.3%
night_bloom_remix               16      1   6.2%
jade_automata                   15      1   6.7%
ember_meadow                    14      0   0.0%
quantum_orrery                  11      0   0.0%
squid_lantern                   11      0   0.0%
mineral_heart                   10      1  10.0%
pomegranate_vault               10      0   0.0%
physarum_maze                    9      0   0.0%
frost_window                     8      0   0.0%
ivory_gambit                     8      0   0.0%
brinicle_grove                   8      0   0.0%
sundew_snare                     7      0   0.0%
chameleon_prism                  7      0   0.0%
sugar_nebula                     6      0   0.0%
tesla_garden                     6      0   0.0%
ink_dynasty                      6      0   0.0%
lichen_moor                      6      0   0.0%
magnetite_choir                  6      0   0.0%
lather_atlas                     5      1  20.0%
copper_rain                      5      0   0.0%
geode_cosmos                     5      1  20.0%
desert_rosette                   5      1  20.0%
waterbear_prairie                5      0   0.0%
cave_of_numbers                  4      1  25.0%
pollen_court                     4      0   0.0%
glass_apiary                     4      0   0.0%
lantern_mangrove                 4      0   0.0%
bayou_eyeshine                   4      0   0.0%
moth_orchard_night               3      0   0.0%
chalkboard_infinities            2      0   0.0%
velvet_atlas                     1      0   0.0%
bamboo_sea                       1      0   0.0%
horseshoe_tide                   1      0   0.0%

65 videos, 13,358 total YouTube views (2 skipped) -> outbox/yt_stats.jsonl
followers: 106   ('106 Followers, 24 Following, 70 Posts - See Instagram photos and videos from Pow')
reels on grid: 36 (trusted-hover pass, 36 with likes)

journey                     views  likes  like%  code
squid_lantern                3027     61   2.0%  DcKg2bhhBG0
eclipse_waterhole            2024     67   3.3%  DcrORSVvyet
physarum_maze                1769     34   1.9%  DcUsSy3pWpB
winter_murmuration           1613     94   5.8%  Dc7iBZZzNMz
geode_cosmos                 1528     33   2.2%  DcGahIISzJw
sundew_snare                 1512     75   5.0%  DcMilj8BvPm
desert_rosette               1406     36   2.6%  DcQnXQrhkHn
lantern_mangrove             1400     22   1.6%  DcgRKhzODHi
cobalt_rookery                988     32   3.2%  DcmB0c-OpAZ
fluorite_stope                641     22   3.4%  DdDCn5AuTzR
meteorite_cradle              556     13   2.3%  Dcmt3kHNrQw
bamboo_sea                    523      4   0.8%  Dc1ak6sOB39
vesper_flight                 364      9   2.5%  DchCOAOhmDn
horseshoe_tide                326     14   4.3%  DdGpNIFRJyJ
ember_meadow                  324      6   1.9%  DcOk8BQACG5
waterbear_prairie             315      5   1.6%  DdHwwB-JiYR
sockeye_stair                 303      9   3.0%  Dc_m7qMy508
bayou_eyeshine                302      9   3.0%  DdBoyUlM--y
circuit_grotto                273      6   2.2%  Dc9j3bQMFpJ
bee_cathedral                 264      7   2.7%  DcxVqMzv84K
magnetite_choir               239      3   1.3%  DctQuxrOmCO
peony_shell                   220      2   0.9%  DccarGtgKjB
wild_yeast                    218      1   0.5%  DcjEaHItaFN
pomegranate_vault             216      3   1.4%  DcpLy5DNrUW
whale_fall_republic           205      5   2.4%  DcY5PRHxbtQ
brinicle_grove                202      1   0.5%  DcWuv6DhbSb
ruby_furnace                  194      7   3.6%  DczYHiNMIQP
caddis_masonry                184      4   2.2%  Dca_2VJRSs1
chameleon_prism               174      4   2.3%  DcSp1LvuwkB
moth_orchard_night            173      7   4.0%  DcE6Y9Murh5
voltaic_shoal                 163      6   3.7%  Dc6B13mRdrE
chalk_cellar                  161      2   1.2%  DdJzQaUPrs5
magellanic_mob                160      3   1.9%  DcvuqYohsqq
termite_citadel               153      3   2.0%  Dce_d_qOwVA
fiddler_commons               152      5   3.3%  Dc3dDCXhTLx
ivory_gambit                  152      3   2.0%  DcD1ubzp9IM

snapshot appended to outbox/ig_stats.jsonl (36 rows)
journey                 views  reach  shr  sav  fol    watch   avg
squid_lantern            3027   2190    7   11   14     227m    6s
eclipse_waterhole        2024   1708   13   18   11     275m   10s
physarum_maze            1769   1450    9    9    3     208m    9s
winter_murmuration       1613   1357   16   11   10     712m   31s
geode_cosmos             1528   1328    5   10    4     256m   11s
sundew_snare             1512   1360   14   11    5     138m    6s
desert_rosette           1406   1232   12    9    1     197m    9s
lantern_mangrove         1400   1146    2    5    0     533m   28s
cobalt_rookery            988    832    6    7    3     150m   11s
salt_mirror               650    539    1    0    2      73m    8s
fluorite_stope            641    469    6    3    5      48m    6s
meteorite_cradle          556    493    8    6    4      61m    7s
bamboo_sea                523    468    2    0    1      85m   11s
vesper_flight             364    326    1    4    2      50m    9s
horseshoe_tide            326    288    2    1    2      24m    5s
ember_meadow              324    271    1    2    0      65m   14s
waterbear_prairie         315    249    0    2    0      21m    5s
sockeye_stair             303    245    0    3    0      19m    5s
bayou_eyeshine            302    261    1    1    0      31m    7s
circuit_grotto            273    228    1    0    1     100m   25s
bee_cathedral             264    222    3    0    1     474m  121s
magnetite_choir           239    202    1    2    0     195m   53s
peony_shell               220    183    0    0    0      18m    5s
wild_yeast                218    181    1    0    0     237m   69s
pomegranate_vault         216    185    1    1    1     890m  262s
whale_fall_republic       205    172    1    2    1      21m    7s
brinicle_grove            202    162    1    0    0      20m    7s
ruby_furnace              194    169    0    2    0      65m   22s
caddis_masonry            184    160    0    0    0      24m    8s
chameleon_prism           174    158    1    1    1     185m   64s
moth_orchard_night        173    139    0    0    0      16m    6s
voltaic_shoal             163    127    0    0    0      17m    7s
chalk_cellar              161    146    0    1    0      10m    4s
magellanic_mob            160    139    1    1    0     298m  118s
abyssal_chandelier        158    134    2    2    0     111m   46s
termite_citadel           153    134    0    1    0      19m    8s
fiddler_commons           152    127    1    0    0     290m  123s
ivory_gambit              152    134    3    1    0      15m    6s

appended 38 rows to outbox/ig_insights.jsonl
  black_hole               gju1m1BS9wc  SKIP (unavailable (private/removed?))
  fluorite_stope           _NFNFXrmTRQ  SKIP (unavailable (private/removed?))

journey                      views  likes  like%
wild_yeast                    1244      4   0.3%
fiddler_commons               1189      4   0.3%
peony_shell                   1129      4   0.4%
food_chain                    1095     11   1.0%
eclipse_waterhole             1001      4   0.4%
caddis_masonry                 985      7   0.7%
salt_mirror                    973      3   0.3%
cobalt_rookery                 940      7   0.7%
cosmic_scales_remix            869      6   0.7%
voltaic_shoal                  651      5   0.8%
tide_glass                     596      1   0.2%
meteorite_cradle               415      2   0.5%
snowfall                       414      6   1.4%
ruby_furnace                   266      1   0.4%
butterfly_meridian             221      4   1.8%
whale_fall_republic            157      0   0.0%
tide_of_life                   137      2   1.5%
sockeye_stair                  128      0   0.0%
cinder_veil                    114      1   0.9%
termite_citadel                 89      3   3.4%
bee_cathedral                   79      0   0.0%
vesper_flight                   70      0   0.0%
circuit_grotto                  65      1   1.5%
resonance_hall                  52      0   0.0%
magellanic_mob                  47      0   0.0%
abyssal_chandelier              41      1   2.4%
winter_murmuration              38      3   7.9%
cartographer                    32      1   3.1%
alexandria                      31      2   6.5%
circuit_city                    31      1   3.2%
night_bloom                     23      2   8.7%
dollhouse                       19      1   5.3%
night_bloom_remix               16      1   6.2%
jade_automata                   15      1   6.7%
ember_meadow                    14      0   0.0%
quantum_orrery                  11      0   0.0%
squid_lantern                   11      0   0.0%
mineral_heart                   10      1  10.0%
pomegranate_vault               10      0   0.0%
physarum_maze                    9      0   0.0%
frost_window                     8      0   0.0%
ivory_gambit                     8      0   0.0%
brinicle_grove                   8      0   0.0%
sundew_snare                     7      0   0.0%
chameleon_prism                  7      0   0.0%
sugar_nebula                     6      0   0.0%
tesla_garden                     6      0   0.0%
ink_dynasty                      6      0   0.0%
lichen_moor                      6      0   0.0%
magnetite_choir                  6      0   0.0%
lather_atlas                     5      1  20.0%
copper_rain                      5      0   0.0%
geode_cosmos                     5      1  20.0%
desert_rosette                   5      1  20.0%
waterbear_prairie                5      0   0.0%
cave_of_numbers                  4      1  25.0%
pollen_court                     4      0   0.0%
glass_apiary                     4      0   0.0%
lantern_mangrove                 4      0   0.0%
bayou_eyeshine                   4      0   0.0%
moth_orchard_night               3      0   0.0%
chalkboard_infinities            2      0   0.0%
velvet_atlas                     1      0   0.0%
bamboo_sea                       1      0   0.0%
chalk_cellar                     1      0   0.0%
horseshoe_tide                   1      0   0.0%

66 videos, 13,359 total YouTube views (2 skipped) -> outbox/yt_stats.jsonl
followers: 106   ('106 Followers, 24 Following, 71 Posts - See Instagram photos and videos from Pow')
reels on grid: 24 (trusted-hover pass, 24 with likes)

journey                     views  likes  like%  code
eclipse_waterhole            2024     67   3.3%  DcrORSVvyet
winter_murmuration           1618     94   5.8%  Dc7iBZZzNMz
lantern_mangrove             1400     22   1.6%  DcgRKhzODHi
cobalt_rookery                988     32   3.2%  DcmB0c-OpAZ
fluorite_stope                641     22   3.4%  DdDCn5AuTzR
meteorite_cradle              556     13   2.3%  Dcmt3kHNrQw
bamboo_sea                    523      4   0.8%  Dc1ak6sOB39
vesper_flight                 364      9   2.5%  DchCOAOhmDn
horseshoe_tide                327     14   4.3%  DdGpNIFRJyJ
waterbear_prairie             318      5   1.6%  DdHwwB-JiYR
sockeye_stair                 303      9   3.0%  Dc_m7qMy508
bayou_eyeshine                302      9   3.0%  DdBoyUlM--y
circuit_grotto                273      6   2.2%  Dc9j3bQMFpJ
bee_cathedral                 264      7   2.7%  DcxVqMzv84K
magnetite_choir               239      3   1.3%  DctQuxrOmCO
wild_yeast                    218      1   0.5%  DcjEaHItaFN
pomegranate_vault             216      3   1.4%  DcpLy5DNrUW
ruby_furnace                  194      7   3.6%  DczYHiNMIQP
voltaic_shoal                 163      6   3.7%  Dc6B13mRdrE
chalk_cellar                  161      2   1.2%  DdJzQaUPrs5
magellanic_mob                160      3   1.9%  DcvuqYohsqq
termite_citadel               153      3   2.0%  Dce_d_qOwVA
fiddler_commons               152      5   3.3%  Dc3dDCXhTLx
saguaro_vigil                 148      4   2.7%  DdL1uCoBFwq

snapshot appended to outbox/ig_stats.jsonl (24 rows)
journey                 views  reach  shr  sav  fol    watch   avg
squid_lantern            3027   2190    7   11   14     227m    6s
eclipse_waterhole        2024   1708   13   18   11     275m   10s
physarum_maze            1771   1450    9    9    3     209m    9s
winter_murmuration       1618   1358    ?    ?    ?        ?    ?s
geode_cosmos             1528   1328    5   10    4     256m   11s
sundew_snare             1514   1361   14   11    5     139m    6s
desert_rosette           1406   1232   12    9    1     197m    9s
lantern_mangrove         1400   1146    2    5    0     533m   28s
cobalt_rookery            988    832    6    7    3     150m   11s
fluorite_stope            641    469    ?    ?    ?        ?    ?s
meteorite_cradle          556    493    8    6    4      61m    7s
bamboo_sea                523    468    2    0    1      85m   11s
vesper_flight             364    326    1    4    2      50m    9s
horseshoe_tide            327    290    ?    ?    ?        ?    ?s
ember_meadow              324    271    1    2    0      65m   14s
waterbear_prairie         318    252    ?    ?    ?        ?    ?s
sockeye_stair             303    245    ?    ?    ?        ?    ?s
bayou_eyeshine            302    261    ?    ?    ?        ?    ?s
circuit_grotto            273    228    ?    ?    ?        ?    ?s
bee_cathedral             264    222    3    0    1     474m  121s
magnetite_choir           239    202    1    2    0     195m   53s
peony_shell               220    183    0    0    0      18m    5s
wild_yeast                218    181    1    0    0     237m   69s
pomegranate_vault         216    185    1    1    1     890m  262s
whale_fall_republic       205    172    1    2    1      21m    7s
brinicle_grove            202    162    1    0    0      20m    7s
ruby_furnace              194    169    0    2    0      65m   22s
caddis_masonry            184    160    0    0    0      24m    8s
chameleon_prism           174    158    1    1    1     185m   64s
moth_orchard_night        173    139    0    0    0      16m    6s
voltaic_shoal             163    127    ?    ?    ?        ?    ?s
chalk_cellar              161    146    ?    ?    ?        ?    ?s
magellanic_mob            160    139    1    1    0     298m  118s
termite_citadel           153    134    0    1    0      19m    8s
fiddler_commons           152    127    1    0    0     290m  123s
ivory_gambit              152    134    3    1    0      15m    6s
saguaro_vigil             148    130    ?    ?    ?        ?    ?s

appended 37 rows to outbox/ig_insights.jsonl
  black_hole               gju1m1BS9wc  SKIP (unavailable (private/removed?))

journey                      views  likes  like%
wild_yeast                    1244      4   0.3%
fiddler_commons               1189      4   0.3%
peony_shell                   1129      4   0.4%
food_chain                    1095     11   1.0%
eclipse_waterhole             1001      4   0.4%
caddis_masonry                 985      7   0.7%
salt_mirror                    973      3   0.3%
cobalt_rookery                 940      7   0.7%
fluorite_stope                 874      0   0.0%
cosmic_scales_remix            869      6   0.7%
voltaic_shoal                  651      5   0.8%
tide_glass                     596      1   0.2%
meteorite_cradle               415      2   0.5%
snowfall                       414      6   1.4%
ruby_furnace                   266      1   0.4%
butterfly_meridian             221      4   1.8%
whale_fall_republic            157      0   0.0%
tide_of_life                   137      2   1.5%
sockeye_stair                  128      0   0.0%
cinder_veil                    114      1   0.9%
termite_citadel                 89      3   3.4%
bee_cathedral                   79      0   0.0%
vesper_flight                   70      0   0.0%
circuit_grotto                  66      1   1.5%
resonance_hall                  52      0   0.0%
magellanic_mob                  47      0   0.0%
abyssal_chandelier              41      1   2.4%
winter_murmuration              38      3   7.9%
cartographer                    32      1   3.1%
alexandria                      31      2   6.5%
circuit_city                    31      1   3.2%
night_bloom                     23      2   8.7%
dollhouse                       19      1   5.3%
night_bloom_remix               16      1   6.2%
jade_automata                   15      1   6.7%
ember_meadow                    14      0   0.0%
quantum_orrery                  11      0   0.0%
squid_lantern                   11      0   0.0%
mineral_heart                   10      1  10.0%
pomegranate_vault               10      0   0.0%
physarum_maze                    9      0   0.0%
frost_window                     8      0   0.0%
ivory_gambit                     8      0   0.0%
brinicle_grove                   8      0   0.0%
chalk_cellar                     8      1  12.5%
sundew_snare                     7      0   0.0%
chameleon_prism                  7      0   0.0%
sugar_nebula                     6      0   0.0%
tesla_garden                     6      0   0.0%
ink_dynasty                      6      0   0.0%
lichen_moor                      6      0   0.0%
magnetite_choir                  6      0   0.0%
lather_atlas                     5      1  20.0%
copper_rain                      5      0   0.0%
geode_cosmos                     5      1  20.0%
desert_rosette                   5      1  20.0%
waterbear_prairie                5      0   0.0%
cave_of_numbers                  4      1  25.0%
pollen_court                     4      0   0.0%
glass_apiary                     4      0   0.0%
lantern_mangrove                 4      0   0.0%
bayou_eyeshine                   4      0   0.0%
moth_orchard_night               3      0   0.0%
chalkboard_infinities            2      0   0.0%
velvet_atlas                     1      0   0.0%
bamboo_sea                       1      0   0.0%
horseshoe_tide                   1      0   0.0%
saguaro_vigil                    1      0   0.0%

68 videos, 14,242 total YouTube views (1 skipped) -> outbox/yt_stats.jsonl
PowersOfZen Chrome launching (CDP :9222, 3 platform tabs)
Chrome CDP down — launching via scripts/start_chrome_zen.sh
followers: 106   ('106 Followers, 24 Following, 71 Posts - See Instagram photos and videos from Pow')
reels on grid: 36 (trusted-hover pass, 36 with likes)

journey                     views  likes  like%  code
squid_lantern                3027     61   2.0%  DcKg2bhhBG0
eclipse_waterhole            2024     67   3.3%  DcrORSVvyet
physarum_maze                1771     34   1.9%  DcUsSy3pWpB
winter_murmuration           1618     94   5.8%  Dc7iBZZzNMz
geode_cosmos                 1528     33   2.2%  DcGahIISzJw
sundew_snare                 1514     75   5.0%  DcMilj8BvPm
desert_rosette               1406     36   2.6%  DcQnXQrhkHn
lantern_mangrove             1400     22   1.6%  DcgRKhzODHi
cobalt_rookery                988     32   3.2%  DcmB0c-OpAZ
fluorite_stope                642     22   3.4%  DdDCn5AuTzR
meteorite_cradle              556     13   2.3%  Dcmt3kHNrQw
bamboo_sea                    523      4   0.8%  Dc1ak6sOB39
vesper_flight                 364      9   2.5%  DchCOAOhmDn
horseshoe_tide                330     14   4.2%  DdGpNIFRJyJ
ember_meadow                  324      6   1.9%  DcOk8BQACG5
waterbear_prairie             319      5   1.6%  DdHwwB-JiYR
bayou_eyeshine                303      9   3.0%  DdBoyUlM--y
sockeye_stair                 303      9   3.0%  Dc_m7qMy508
circuit_grotto                273      6   2.2%  Dc9j3bQMFpJ
bee_cathedral                 264      7   2.7%  DcxVqMzv84K
magnetite_choir               239      3   1.3%  DctQuxrOmCO
peony_shell                   220      2   0.9%  DccarGtgKjB
wild_yeast                    218      1   0.5%  DcjEaHItaFN
pomegranate_vault             216      3   1.4%  DcpLy5DNrUW
whale_fall_republic           205      5   2.4%  DcY5PRHxbtQ
brinicle_grove                202      1   0.5%  DcWuv6DhbSb
ruby_furnace                  194      7   3.6%  DczYHiNMIQP
caddis_masonry                184      4   2.2%  Dca_2VJRSs1
chameleon_prism               174      4   2.3%  DcSp1LvuwkB
moth_orchard_night            173      7   4.0%  DcE6Y9Murh5
chalk_cellar                  163      2   1.2%  DdJzQaUPrs5
voltaic_shoal                 163      6   3.7%  Dc6B13mRdrE
saguaro_vigil                 161      4   2.5%  DdL1uCoBFwq
magellanic_mob                160      3   1.9%  DcvuqYohsqq
termite_citadel               153      3   2.0%  Dce_d_qOwVA
fiddler_commons               152      5   3.3%  Dc3dDCXhTLx

snapshot appended to outbox/ig_stats.jsonl (36 rows)
journey                 views  reach  shr  sav  fol    watch   avg
squid_lantern            3027   2190    7   11   14     227m    6s
eclipse_waterhole        2024   1709   13   18   11     275m   10s
physarum_maze            1771   1450    9    9    3     209m    9s
winter_murmuration       1618   1358   17   11   10     713m   31s
geode_cosmos             1528   1328    5   10    4     256m   11s
sundew_snare             1514   1361   14   11    5     139m    6s
desert_rosette           1406   1232   12    9    1     197m    9s
lantern_mangrove         1400   1146    2    5    0     533m   28s
cobalt_rookery            988    832    6    7    3     150m   11s
fluorite_stope            642    469    6    3    5      48m    6s
meteorite_cradle          556    493    8    6    4      61m    7s
bamboo_sea                523    468    2    0    1      85m   11s
vesper_flight             364    326    1    4    2      50m    9s
horseshoe_tide            330    292    2    1    2      24m    5s
ember_meadow              324    271    1    2    0      65m   14s
waterbear_prairie         319    253    0    2    0      21m    5s
bayou_eyeshine            303    262    1    1    0      32m    7s
sockeye_stair             303    245    0    3    0      19m    5s
circuit_grotto            273    228    1    0    1     100m   25s
bee_cathedral             264    222    3    0    1     474m  121s
magnetite_choir           239    202    1    2    0     195m   53s
peony_shell               220    183    0    0    0      18m    5s
wild_yeast                218    181    1    0    0     237m   69s
pomegranate_vault         216    185    1    1    1     890m  262s
whale_fall_republic       205    172    1    2    1      21m    7s
brinicle_grove            202    162    1    0    0      20m    7s
ruby_furnace              194    169    0    2    0      65m   22s
caddis_masonry            184    160    0    0    0      24m    8s
chameleon_prism           174    158    1    1    1     185m   64s
moth_orchard_night        173    139    0    0    0      16m    6s
chalk_cellar              163    148    0    1    0      11m    4s
voltaic_shoal             163    127    0    0    0      17m    7s
saguaro_vigil             161    144    2    0    0      14m    6s
magellanic_mob            160    139    1    1    0     298m  118s
termite_citadel           153    134    0    1    0      19m    8s
fiddler_commons           152    127    1    0    0     290m  123s
ivory_gambit              152    134    3    1    0      15m    6s

appended 37 rows to outbox/ig_insights.jsonl
  black_hole               gju1m1BS9wc  SKIP (unavailable (private/removed?))
  fluorite_stope           _NFNFXrmTRQ  SKIP (unavailable (private/removed?))

journey                      views  likes  like%
wild_yeast                    1244      4   0.3%
fiddler_commons               1189      4   0.3%
peony_shell                   1129      4   0.4%
food_chain                    1095     11   1.0%
eclipse_waterhole             1001      4   0.4%
caddis_masonry                 985      7   0.7%
salt_mirror                    973      3   0.3%
cobalt_rookery                 940      7   0.7%
cosmic_scales_remix            869      6   0.7%
voltaic_shoal                  651      5   0.8%
tide_glass                     596      1   0.2%
meteorite_cradle               415      2   0.5%
snowfall                       414      6   1.4%
ruby_furnace                   266      1   0.4%
butterfly_meridian             221      4   1.8%
whale_fall_republic            157      0   0.0%
tide_of_life                   137      2   1.5%
sockeye_stair                  128      0   0.0%
cinder_veil                    114      1   0.9%
termite_citadel                 89      3   3.4%
bee_cathedral                   79      0   0.0%
vesper_flight                   70      0   0.0%
circuit_grotto                  66      1   1.5%
resonance_hall                  52      0   0.0%
magellanic_mob                  47      0   0.0%
abyssal_chandelier              41      1   2.4%
winter_murmuration              38      3   7.9%
cartographer                    32      1   3.1%
alexandria                      31      2   6.5%
circuit_city                    31      1   3.2%
night_bloom                     23      2   8.7%
dollhouse                       19      1   5.3%
night_bloom_remix               16      1   6.2%
jade_automata                   15      1   6.7%
ember_meadow                    14      0   0.0%
squid_lantern                   12      0   0.0%
quantum_orrery                  11      0   0.0%
mineral_heart                   10      1  10.0%
pomegranate_vault               10      0   0.0%
chalk_cellar                    10      1  10.0%
physarum_maze                    9      0   0.0%
frost_window                     8      0   0.0%
ivory_gambit                     8      0   0.0%
brinicle_grove                   8      0   0.0%
sundew_snare                     7      0   0.0%
chameleon_prism                  7      0   0.0%
sugar_nebula                     6      0   0.0%
tesla_garden                     6      0   0.0%
ink_dynasty                      6      0   0.0%
lichen_moor                      6      0   0.0%
magnetite_choir                  6      0   0.0%
lather_atlas                     5      1  20.0%
copper_rain                      5      0   0.0%
geode_cosmos                     5      1  20.0%
desert_rosette                   5      1  20.0%
waterbear_prairie                5      0   0.0%
cave_of_numbers                  4      1  25.0%
pollen_court                     4      0   0.0%
glass_apiary                     4      0   0.0%
lantern_mangrove                 4      0   0.0%
bayou_eyeshine                   4      0   0.0%
moth_orchard_night               3      0   0.0%
chalkboard_infinities            2      0   0.0%
horseshoe_tide                   2      0   0.0%
velvet_atlas                     1      0   0.0%
bamboo_sea                       1      0   0.0%
saguaro_vigil                    1      0   0.0%

67 videos, 13,372 total YouTube views (2 skipped) -> outbox/yt_stats.jsonl
PowersOfZen Chrome launching (CDP :9222, 3 platform tabs)
Chrome CDP down — launching via scripts/start_chrome_zen.sh
followers: 106   ('106 Followers, 24 Following, 71 Posts - See Instagram photos and videos from Pow')
reels on grid: 36 (trusted-hover pass, 36 with likes)

journey                     views  likes  like%  code
squid_lantern                3027     61   2.0%  DcKg2bhhBG0
eclipse_waterhole            2024     67   3.3%  DcrORSVvyet
physarum_maze                1771     34   1.9%  DcUsSy3pWpB
winter_murmuration           1618     94   5.8%  Dc7iBZZzNMz
geode_cosmos                 1528     33   2.2%  DcGahIISzJw
sundew_snare                 1514     75   5.0%  DcMilj8BvPm
desert_rosette               1406     36   2.6%  DcQnXQrhkHn
lantern_mangrove             1400     22   1.6%  DcgRKhzODHi
cobalt_rookery                988     32   3.2%  DcmB0c-OpAZ
fluorite_stope                642     22   3.4%  DdDCn5AuTzR
meteorite_cradle              556     13   2.3%  Dcmt3kHNrQw
bamboo_sea                    523      4   0.8%  Dc1ak6sOB39
vesper_flight                 364      9   2.5%  DchCOAOhmDn
horseshoe_tide                330     14   4.2%  DdGpNIFRJyJ
ember_meadow                  324      6   1.9%  DcOk8BQACG5
waterbear_prairie             320      5   1.6%  DdHwwB-JiYR
bayou_eyeshine                303      9   3.0%  DdBoyUlM--y
sockeye_stair                 303      9   3.0%  Dc_m7qMy508
circuit_grotto                273      6   2.2%  Dc9j3bQMFpJ
bee_cathedral                 264      7   2.7%  DcxVqMzv84K
magnetite_choir               239      3   1.3%  DctQuxrOmCO
peony_shell                   220      2   0.9%  DccarGtgKjB
wild_yeast                    218      1   0.5%  DcjEaHItaFN
pomegranate_vault             216      3   1.4%  DcpLy5DNrUW
whale_fall_republic           205      5   2.4%  DcY5PRHxbtQ
brinicle_grove                202      1   0.5%  DcWuv6DhbSb
ruby_furnace                  194      7   3.6%  DczYHiNMIQP
caddis_masonry                184      4   2.2%  Dca_2VJRSs1
chameleon_prism               174      4   2.3%  DcSp1LvuwkB
moth_orchard_night            173      7   4.0%  DcE6Y9Murh5
chalk_cellar                  164      3   1.8%  DdJzQaUPrs5
voltaic_shoal                 163      6   3.7%  Dc6B13mRdrE
saguaro_vigil                 162      4   2.5%  DdL1uCoBFwq
magellanic_mob                160      3   1.9%  DcvuqYohsqq
termite_citadel               153      3   2.0%  Dce_d_qOwVA
fiddler_commons               152      5   3.3%  Dc3dDCXhTLx

snapshot appended to outbox/ig_stats.jsonl (36 rows)
journey                 views  reach  shr  sav  fol    watch   avg
squid_lantern            3027   2190    7   11   14     227m    6s
eclipse_waterhole        2024   1709   13   18   11     275m   10s
physarum_maze            1771   1450    9    9    3     209m    9s
winter_murmuration       1618   1358    ?    ?    ?        ?    ?s
geode_cosmos             1528   1328    5   10    4     256m   11s
sundew_snare             1514   1361   14   11    5     139m    6s
desert_rosette           1406   1232   12    9    1     197m    9s
lantern_mangrove         1400   1146    2    5    0     533m   28s
cobalt_rookery            988    832    6    7    3     150m   11s
fluorite_stope            642    469    ?    ?    ?        ?    ?s
meteorite_cradle          556    493    8    6    4      61m    7s
bamboo_sea                523    468    2    0    1      85m   11s
vesper_flight             364    326    1    4    2      50m    9s
horseshoe_tide            330    292    ?    ?    ?        ?    ?s
ember_meadow              324    271    1    2    0      65m   14s
waterbear_prairie         320    253    ?    ?    ?        ?    ?s
bayou_eyeshine            303    262    ?    ?    ?        ?    ?s
sockeye_stair             303    245    ?    ?    ?        ?    ?s
circuit_grotto            273    228    ?    ?    ?        ?    ?s
bee_cathedral             264    222    3    0    1     474m  121s
magnetite_choir           239    202    1    2    0     195m   53s
peony_shell               220    183    0    0    0      18m    5s
wild_yeast                218    181    1    0    0     237m   69s
pomegranate_vault         216    185    1    1    1     890m  262s
whale_fall_republic       205    172    1    2    1      21m    7s
brinicle_grove            202    162    1    0    0      20m    7s
ruby_furnace              194    169    0    2    0      65m   22s
caddis_masonry            184    160    0    0    0      24m    8s
chameleon_prism           174    158    1    1    1     185m   64s
chalk_cellar              164    149    ?    ?    ?        ?    ?s
voltaic_shoal             163    127    ?    ?    ?        ?    ?s
saguaro_vigil             162    144    ?    ?    ?        ?    ?s
magellanic_mob            160    139    1    1    0     298m  118s
termite_citadel           153    134    0    1    0      19m    8s
fiddler_commons           152    127    1    0    0     290m  123s

appended 35 rows to outbox/ig_insights.jsonl
  black_hole               gju1m1BS9wc  SKIP (unavailable (private/removed?))
  fluorite_stope           _NFNFXrmTRQ  SKIP (unavailable (private/removed?))

journey                      views  likes  like%
wild_yeast                    1244      4   0.3%
fiddler_commons               1189      4   0.3%
peony_shell                   1129      4   0.4%
food_chain                    1095     11   1.0%
eclipse_waterhole             1001      4   0.4%
caddis_masonry                 985      7   0.7%
salt_mirror                    973      3   0.3%
cobalt_rookery                 940      7   0.7%
cosmic_scales_remix            869      6   0.7%
voltaic_shoal                  651      5   0.8%
tide_glass                     596      1   0.2%
meteorite_cradle               415      2   0.5%
snowfall                       414      6   1.4%
ruby_furnace                   266      1   0.4%
butterfly_meridian             221      4   1.8%
whale_fall_republic            157      0   0.0%
tide_of_life                   137      2   1.5%
sockeye_stair                  128      0   0.0%
cinder_veil                    114      1   0.9%
termite_citadel                 89      3   3.4%
bee_cathedral                   79      0   0.0%
vesper_flight                   70      0   0.0%
circuit_grotto                  66      1   1.5%
resonance_hall                  52      0   0.0%
magellanic_mob                  47      0   0.0%
abyssal_chandelier              41      1   2.4%
winter_murmuration              38      3   7.9%
cartographer                    32      1   3.1%
alexandria                      31      2   6.5%
circuit_city                    31      1   3.2%
night_bloom                     23      2   8.7%
dollhouse                       19      1   5.3%
night_bloom_remix               16      1   6.2%
jade_automata                   15      1   6.7%
ember_meadow                    14      0   0.0%
squid_lantern                   12      0   0.0%
quantum_orrery                  11      0   0.0%
mineral_heart                   10      1  10.0%
pomegranate_vault               10      0   0.0%
chalk_cellar                    10      1  10.0%
physarum_maze                    9      0   0.0%
frost_window                     8      0   0.0%
ivory_gambit                     8      0   0.0%
brinicle_grove                   8      0   0.0%
sundew_snare                     7      0   0.0%
chameleon_prism                  7      0   0.0%
sugar_nebula                     6      0   0.0%
tesla_garden                     6      0   0.0%
ink_dynasty                      6      0   0.0%
lichen_moor                      6      0   0.0%
magnetite_choir                  6      0   0.0%
lather_atlas                     5      1  20.0%
copper_rain                      5      0   0.0%
geode_cosmos                     5      1  20.0%
desert_rosette                   5      1  20.0%
waterbear_prairie                5      0   0.0%
cave_of_numbers                  4      1  25.0%
pollen_court                     4      0   0.0%
glass_apiary                     4      0   0.0%
lantern_mangrove                 4      0   0.0%
bayou_eyeshine                   4      0   0.0%
moth_orchard_night               3      0   0.0%
chalkboard_infinities            2      0   0.0%
horseshoe_tide                   2      0   0.0%
velvet_atlas                     1      0   0.0%
bamboo_sea                       1      0   0.0%
saguaro_vigil                    1      0   0.0%

67 videos, 13,372 total YouTube views (2 skipped) -> outbox/yt_stats.jsonl
followers: 108   ('108 Followers, 24 Following, 71 Posts - See Instagram photos and videos from Pow')
reels on grid: 36 (trusted-hover pass, 36 with likes)

journey                     views  likes  like%  code
squid_lantern                3027     61   2.0%  DcKg2bhhBG0
eclipse_waterhole            2024     67   3.3%  DcrORSVvyet
physarum_maze                1771     34   1.9%  DcUsSy3pWpB
winter_murmuration           1618     94   5.8%  Dc7iBZZzNMz
geode_cosmos                 1528     33   2.2%  DcGahIISzJw
sundew_snare                 1514     75   5.0%  DcMilj8BvPm
desert_rosette               1406     36   2.6%  DcQnXQrhkHn
lantern_mangrove             1400     22   1.6%  DcgRKhzODHi
cobalt_rookery                988     32   3.2%  DcmB0c-OpAZ
fluorite_stope                642     22   3.4%  DdDCn5AuTzR
meteorite_cradle              556     13   2.3%  Dcmt3kHNrQw
bamboo_sea                    523      4   0.8%  Dc1ak6sOB39
vesper_flight                 364      9   2.5%  DchCOAOhmDn
horseshoe_tide                330     14   4.2%  DdGpNIFRJyJ
ember_meadow                  324      6   1.9%  DcOk8BQACG5
waterbear_prairie             320      5   1.6%  DdHwwB-JiYR
bayou_eyeshine                303      9   3.0%  DdBoyUlM--y
sockeye_stair                 303      9   3.0%  Dc_m7qMy508
circuit_grotto                273      6   2.2%  Dc9j3bQMFpJ
bee_cathedral                 264      7   2.7%  DcxVqMzv84K
magnetite_choir               239      3   1.3%  DctQuxrOmCO
peony_shell                   220      2   0.9%  DccarGtgKjB
wild_yeast                    218      1   0.5%  DcjEaHItaFN
pomegranate_vault             216      3   1.4%  DcpLy5DNrUW
whale_fall_republic           205      5   2.4%  DcY5PRHxbtQ
brinicle_grove                202      1   0.5%  DcWuv6DhbSb
ruby_furnace                  196      8   4.1%  DczYHiNMIQP
caddis_masonry                184      4   2.2%  Dca_2VJRSs1
chameleon_prism               174      4   2.3%  DcSp1LvuwkB
moth_orchard_night            173      7   4.0%  DcE6Y9Murh5
chalk_cellar                  164      3   1.8%  DdJzQaUPrs5
voltaic_shoal                 163      6   3.7%  Dc6B13mRdrE
saguaro_vigil                 162      5   3.1%  DdL1uCoBFwq
magellanic_mob                160      3   1.9%  DcvuqYohsqq
termite_citadel               153      3   2.0%  Dce_d_qOwVA
fiddler_commons               152      5   3.3%  Dc3dDCXhTLx

snapshot appended to outbox/ig_stats.jsonl (36 rows)
journey                 views  reach  shr  sav  fol    watch   avg
squid_lantern            3027   2190    7   11   14     227m    6s
eclipse_waterhole        2024   1709   13   18   11     275m   10s
physarum_maze            1771   1450    9    9    3     209m    9s
winter_murmuration       1618   1358   17   11   10     713m   31s
geode_cosmos             1528   1328    5   10    4     256m   11s
sundew_snare             1514   1361   14   11    5     139m    6s
desert_rosette           1406   1232   12    9    1     197m    9s
lantern_mangrove         1400   1146    2    5    0     533m   28s
cobalt_rookery            988    832    6    7    3     150m   11s
fluorite_stope            642    469    6    3    5      48m    6s
meteorite_cradle          556    493    8    6    4      61m    7s
bamboo_sea                523    468    2    0    1      85m   11s
vesper_flight             364    326    1    4    2      50m    9s
horseshoe_tide            330    292    2    1    2      24m    5s
ember_meadow              324    271    1    2    0      65m   14s
waterbear_prairie         320    254    0    2    0      21m    5s
bayou_eyeshine            303    262    1    1    0      32m    7s
sockeye_stair             303    245    0    3    0      19m    5s
circuit_grotto            273    228    1    0    1     100m   25s
bee_cathedral             264    222    3    0    1     474m  121s
magnetite_choir           239    202    1    2    0     195m   53s
peony_shell               220    183    0    0    0      18m    5s
wild_yeast                218    181    1    0    0     237m   69s
pomegranate_vault         216    185    1    1    1     890m  262s
whale_fall_republic       205    172    1    2    1      21m    7s
brinicle_grove            202    162    1    0    0      20m    7s
ruby_furnace              196    169    0    2    0      66m   22s
caddis_masonry            184    160    0    0    0      24m    8s
chameleon_prism           174    158    1    1    1     185m   64s
chalk_cellar              164    149    0    1    0      11m    5s
voltaic_shoal             163    127    0    0    0      17m    7s
saguaro_vigil             162    145    2    0    0      14m    6s
magellanic_mob            160    139    1    1    0     298m  118s
termite_citadel           153    134    0    1    0      19m    8s
fiddler_commons           152    127    1    0    0     290m  123s

appended 35 rows to outbox/ig_insights.jsonl
  black_hole               gju1m1BS9wc  SKIP (unavailable (private/removed?))
  fluorite_stope           _NFNFXrmTRQ  SKIP (unavailable (private/removed?))

journey                      views  likes  like%
wild_yeast                    1244      4   0.3%
fiddler_commons               1189      4   0.3%
peony_shell                   1129      4   0.4%
food_chain                    1095     11   1.0%
eclipse_waterhole             1001      4   0.4%
caddis_masonry                 985      7   0.7%
salt_mirror                    973      3   0.3%
cobalt_rookery                 940      7   0.7%
cosmic_scales_remix            869      6   0.7%
voltaic_shoal                  651      5   0.8%
tide_glass                     596      1   0.2%
meteorite_cradle               415      2   0.5%
snowfall                       414      6   1.4%
ruby_furnace                   266      1   0.4%
butterfly_meridian             221      4   1.8%
whale_fall_republic            157      0   0.0%
tide_of_life                   137      2   1.5%
sockeye_stair                  128      0   0.0%
cinder_veil                    114      1   0.9%
termite_citadel                 90      3   3.3%
bee_cathedral                   80      0   0.0%
vesper_flight                   70      0   0.0%
circuit_grotto                  66      1   1.5%
resonance_hall                  52      0   0.0%
magellanic_mob                  47      0   0.0%
abyssal_chandelier              41      1   2.4%
winter_murmuration              38      3   7.9%
cartographer                    32      1   3.1%
alexandria                      31      2   6.5%
circuit_city                    31      1   3.2%
night_bloom                     23      2   8.7%
dollhouse                       19      1   5.3%
night_bloom_remix               16      1   6.2%
jade_automata                   15      1   6.7%
ember_meadow                    14      0   0.0%
squid_lantern                   12      0   0.0%
quantum_orrery                  11      0   0.0%
mineral_heart                   10      1  10.0%
pomegranate_vault               10      0   0.0%
chalk_cellar                    10      1  10.0%
physarum_maze                    9      0   0.0%
frost_window                     8      0   0.0%
ivory_gambit                     8      0   0.0%
brinicle_grove                   8      0   0.0%
sundew_snare                     7      0   0.0%
chameleon_prism                  7      0   0.0%
sugar_nebula                     6      0   0.0%
tesla_garden                     6      0   0.0%
ink_dynasty                      6      0   0.0%
lichen_moor                      6      0   0.0%
magnetite_choir                  6      0   0.0%
lather_atlas                     5      1  20.0%
copper_rain                      5      0   0.0%
geode_cosmos                     5      1  20.0%
desert_rosette                   5      1  20.0%
waterbear_prairie                5      0   0.0%
cave_of_numbers                  4      1  25.0%
pollen_court                     4      0   0.0%
glass_apiary                     4      0   0.0%
lantern_mangrove                 4      0   0.0%
bayou_eyeshine                   4      0   0.0%
moth_orchard_night               3      0   0.0%
chalkboard_infinities            2      0   0.0%
horseshoe_tide                   2      0   0.0%
velvet_atlas                     1      0   0.0%
bamboo_sea                       1      0   0.0%
saguaro_vigil                    1      0   0.0%

67 videos, 13,374 total YouTube views (2 skipped) -> outbox/yt_stats.jsonl
followers: 107   ('107 Followers, 24 Following, 72 Posts - See Instagram photos and videos from Pow')
reels on grid: 36 (trusted-hover pass, 36 with likes)

journey                     views  likes  like%  code
squid_lantern                3027     61   2.0%  DcKg2bhhBG0
eclipse_waterhole            2024     67   3.3%  DcrORSVvyet
physarum_maze                1771     34   1.9%  DcUsSy3pWpB
winter_murmuration           1618     94   5.8%  Dc7iBZZzNMz
geode_cosmos                 1528     33   2.2%  DcGahIISzJw
sundew_snare                 1514     75   5.0%  DcMilj8BvPm
desert_rosette               1406     36   2.6%  DcQnXQrhkHn
lantern_mangrove             1400     22   1.6%  DcgRKhzODHi
cobalt_rookery                988     32   3.2%  DcmB0c-OpAZ
fluorite_stope                642     22   3.4%  DdDCn5AuTzR
meteorite_cradle              556     13   2.3%  Dcmt3kHNrQw
bamboo_sea                    523      4   0.8%  Dc1ak6sOB39
vesper_flight                 364      9   2.5%  DchCOAOhmDn
horseshoe_tide                330     14   4.2%  DdGpNIFRJyJ
ember_meadow                  324      6   1.9%  DcOk8BQACG5
waterbear_prairie             320      5   1.6%  DdHwwB-JiYR
bayou_eyeshine                303      9   3.0%  DdBoyUlM--y
sockeye_stair                 303      9   3.0%  Dc_m7qMy508
circuit_grotto                273      6   2.2%  Dc9j3bQMFpJ
bee_cathedral                 264      7   2.7%  DcxVqMzv84K
magnetite_choir               239      3   1.3%  DctQuxrOmCO
peony_shell                   220      2   0.9%  DccarGtgKjB
wild_yeast                    218      1   0.5%  DcjEaHItaFN
pomegranate_vault             216      3   1.4%  DcpLy5DNrUW
whale_fall_republic           205      5   2.4%  DcY5PRHxbtQ
brinicle_grove                202      1   0.5%  DcWuv6DhbSb
ruby_furnace                  196      8   4.1%  DczYHiNMIQP
caddis_masonry                184      4   2.2%  Dca_2VJRSs1
chameleon_prism               174      4   2.3%  DcSp1LvuwkB
chalk_cellar                  164      3   1.8%  DdJzQaUPrs5
voltaic_shoal                 163      6   3.7%  Dc6B13mRdrE
saguaro_vigil                 162      5   3.1%  DdL1uCoBFwq
magellanic_mob                160      3   1.9%  DcvuqYohsqq
termite_citadel               153      3   2.0%  Dce_d_qOwVA
fiddler_commons               152      5   3.3%  Dc3dDCXhTLx
lily_undercroft                10      1  10.0%  DdRdi9Vh5Ef

snapshot appended to outbox/ig_stats.jsonl (36 rows)
journey                 views  reach  shr  sav  fol    watch   avg
squid_lantern            3027   2190    7   11   14     227m    6s
eclipse_waterhole        2024   1709   13   18   11     275m   10s
physarum_maze            1771   1450    9    9    3     209m    9s
winter_murmuration       1618   1358   17   11   10     713m   31s
sundew_snare             1514   1361   14   11    5     139m    6s
desert_rosette           1406   1232   12    9    1     197m    9s
lantern_mangrove         1400   1146    2    5    0     533m   28s
cobalt_rookery            988    832    6    7    3     150m   11s
fluorite_stope            642    469    6    3    5      48m    6s
meteorite_cradle          556    493    8    6    4      61m    7s
bamboo_sea                523    468    2    0    1      85m   11s
vesper_flight             364    326    1    4    2      50m    9s
horseshoe_tide            330    292    2    1    2      24m    5s
ember_meadow              324    271    1    2    0      65m   14s
waterbear_prairie         320    254    0    2    0      21m    5s
bayou_eyeshine            303    262    1    1    0      32m    7s
sockeye_stair             303    245    0    3    0      19m    5s
circuit_grotto            273    228    1    0    1     100m   25s
bee_cathedral             264    222    3    0    1     474m  121s
magnetite_choir           239    202    1    2    0     195m   53s
peony_shell               220    183    0    0    0      18m    5s
wild_yeast                218    181    1    0    0     237m   69s
pomegranate_vault         216    185    1    1    1     890m  262s
whale_fall_republic       205    172    1    2    1      21m    7s
brinicle_grove            202    162    1    0    0      20m    7s
ruby_furnace              196    169    0    2    0      66m   22s
caddis_masonry            184    160    0    0    0      24m    8s
chameleon_prism           174    158    1    1    1     185m   64s
chalk_cellar              164    149    0    1    0      11m    5s
voltaic_shoal             163    127    0    0    0      17m    7s
saguaro_vigil             162    145    2    0    0      14m    6s
magellanic_mob            160    139    1    1    0     298m  118s
termite_citadel           153    134    0    1    0      19m    8s
fiddler_commons           152    127    1    0    0     290m  123s
lily_undercroft            10      7    0    0    0      17m    ?s

appended 35 rows to outbox/ig_insights.jsonl
  black_hole               gju1m1BS9wc  SKIP (unavailable (private/removed?))
  lily_undercroft          OW5k2xeuuCE  SKIP (unavailable (private/removed?))
  fluorite_stope           _NFNFXrmTRQ  SKIP (unavailable (private/removed?))

journey                      views  likes  like%
wild_yeast                    1244      4   0.3%
fiddler_commons               1189      4   0.3%
peony_shell                   1129      4   0.4%
food_chain                    1095     11   1.0%
eclipse_waterhole             1001      4   0.4%
caddis_masonry                 985      7   0.7%
salt_mirror                    973      3   0.3%
cobalt_rookery                 940      7   0.7%
cosmic_scales_remix            869      6   0.7%
voltaic_shoal                  651      5   0.8%
tide_glass                     596      1   0.2%
meteorite_cradle               415      2   0.5%
snowfall                       414      6   1.4%
ruby_furnace                   266      1   0.4%
butterfly_meridian             221      4   1.8%
whale_fall_republic            157      0   0.0%
tide_of_life                   137      2   1.5%
sockeye_stair                  128      0   0.0%
cinder_veil                    114      1   0.9%
termite_citadel                 90      3   3.3%
bee_cathedral                   80      0   0.0%
vesper_flight                   70      0   0.0%
circuit_grotto                  66      1   1.5%
resonance_hall                  52      0   0.0%
magellanic_mob                  47      0   0.0%
abyssal_chandelier              41      1   2.4%
winter_murmuration              38      3   7.9%
cartographer                    32      1   3.1%
alexandria                      31      2   6.5%
circuit_city                    31      1   3.2%
night_bloom                     23      2   8.7%
dollhouse                       19      1   5.3%
night_bloom_remix               16      1   6.2%
jade_automata                   15      1   6.7%
ember_meadow                    14      0   0.0%
squid_lantern                   12      0   0.0%
quantum_orrery                  11      0   0.0%
mineral_heart                   10      1  10.0%
pomegranate_vault               10      0   0.0%
chalk_cellar                    10      1  10.0%
physarum_maze                    9      0   0.0%
frost_window                     8      0   0.0%
ivory_gambit                     8      0   0.0%
brinicle_grove                   8      0   0.0%
sundew_snare                     7      0   0.0%
chameleon_prism                  7      0   0.0%
sugar_nebula                     6      0   0.0%
tesla_garden                     6      0   0.0%
ink_dynasty                      6      0   0.0%
lichen_moor                      6      0   0.0%
magnetite_choir                  6      0   0.0%
lather_atlas                     5      1  20.0%
copper_rain                      5      0   0.0%
geode_cosmos                     5      1  20.0%
desert_rosette                   5      1  20.0%
waterbear_prairie                5      0   0.0%
cave_of_numbers                  4      1  25.0%
pollen_court                     4      0   0.0%
glass_apiary                     4      0   0.0%
lantern_mangrove                 4      0   0.0%
bayou_eyeshine                   4      0   0.0%
moth_orchard_night               3      0   0.0%
chalkboard_infinities            2      0   0.0%
horseshoe_tide                   2      0   0.0%
velvet_atlas                     1      0   0.0%
bamboo_sea                       1      0   0.0%
saguaro_vigil                    1      0   0.0%

67 videos, 13,374 total YouTube views (3 skipped) -> outbox/yt_stats.jsonl
followers: 107   ('107 Followers, 25 Following, 72 Posts - See Instagram photos and videos from Pow')
reels on grid: 36 (trusted-hover pass, 36 with likes)

journey                     views  likes  like%  code
squid_lantern                3027     61   2.0%  DcKg2bhhBG0
eclipse_waterhole            2024     67   3.3%  DcrORSVvyet
physarum_maze                1771     34   1.9%  DcUsSy3pWpB
winter_murmuration           1619     94   5.8%  Dc7iBZZzNMz
geode_cosmos                 1528     33   2.2%  DcGahIISzJw
sundew_snare                 1514     75   5.0%  DcMilj8BvPm
desert_rosette               1406     36   2.6%  DcQnXQrhkHn
lantern_mangrove             1400     22   1.6%  DcgRKhzODHi
cobalt_rookery                988     32   3.2%  DcmB0c-OpAZ
fluorite_stope                643     22   3.4%  DdDCn5AuTzR
meteorite_cradle              556     13   2.3%  Dcmt3kHNrQw
bamboo_sea                    523      4   0.8%  Dc1ak6sOB39
vesper_flight                 364      9   2.5%  DchCOAOhmDn
horseshoe_tide                331     14   4.2%  DdGpNIFRJyJ
ember_meadow                  324      6   1.9%  DcOk8BQACG5
waterbear_prairie             322      5   1.6%  DdHwwB-JiYR
sockeye_stair                 305      9   3.0%  Dc_m7qMy508
bayou_eyeshine                304      9   3.0%  DdBoyUlM--y
circuit_grotto                274      6   2.2%  Dc9j3bQMFpJ
bee_cathedral                 264      7   2.7%  DcxVqMzv84K
lily_undercroft               243      8   3.3%  DdRdi9Vh5Ef
magnetite_choir               239      3   1.3%  DctQuxrOmCO
peony_shell                   220      2   0.9%  DccarGtgKjB
wild_yeast                    218      1   0.5%  DcjEaHItaFN
pomegranate_vault             216      3   1.4%  DcpLy5DNrUW
whale_fall_republic           205      5   2.4%  DcY5PRHxbtQ
brinicle_grove                202      1   0.5%  DcWuv6DhbSb
ruby_furnace                  196      8   4.1%  DczYHiNMIQP
caddis_masonry                184      4   2.2%  Dca_2VJRSs1
chameleon_prism               174      4   2.3%  DcSp1LvuwkB
chalk_cellar                  165      3   1.8%  DdJzQaUPrs5
saguaro_vigil                 163      6   3.7%  DdL1uCoBFwq
voltaic_shoal                 163      6   3.7%  Dc6B13mRdrE
magellanic_mob                160      3   1.9%  DcvuqYohsqq
termite_citadel               153      3   2.0%  Dce_d_qOwVA
fiddler_commons               152      5   3.3%  Dc3dDCXhTLx

snapshot appended to outbox/ig_stats.jsonl (36 rows)
journey                 views  reach  shr  sav  fol    watch   avg
squid_lantern            3027   2190    7   11   14     227m    6s
eclipse_waterhole        2024   1709   13   18   11     275m   10s
physarum_maze            1771   1450    9    9    3     209m    9s
winter_murmuration       1619   1359   17   11   10     713m   31s
sundew_snare             1514   1361   14   11    5     139m    6s
desert_rosette           1406   1232   12    9    1     197m    9s
lantern_mangrove         1400   1146    2    5    0     533m   28s
cobalt_rookery            988    832    6    7    3     150m   11s
fluorite_stope            643    469    6    3    5      48m    6s
meteorite_cradle          556    493    8    6    4      61m    7s
bamboo_sea                523    468    2    0    1      85m   11s
vesper_flight             364    326    1    4    2      50m    9s
horseshoe_tide            331    293    2    1    2      25m    5s
ember_meadow              324    271    1    2    0      65m   14s
waterbear_prairie         322    255    0    2    0      22m    5s
sockeye_stair             305    246    0    3    0      19m    5s
bayou_eyeshine            304    263    1    1    0      32m    7s
circuit_grotto            274    229    1    0    1     100m   25s
bee_cathedral             264    222    3    0    1     474m  121s
lily_undercroft           243    213    1    2    1     316m   87s
magnetite_choir           239    202    1    2    0     195m   53s
peony_shell               220    183    0    0    0      18m    5s
wild_yeast                218    181    1    0    0     237m   69s
pomegranate_vault         216    185    1    1    1     890m  262s
whale_fall_republic       205    172    1    2    1      21m    7s
brinicle_grove            202    162    1    0    0      20m    7s
ruby_furnace              196    169    0    2    0      66m   22s
caddis_masonry            184    160    0    0    0      24m    8s
chameleon_prism           174    158    1    1    1     185m   64s
chalk_cellar              165    150    0    1    0      11m    5s
saguaro_vigil             163    146    2    0    0      14m    6s
voltaic_shoal             163    127    0    0    0      17m    7s
magellanic_mob            160    139    1    1    0     298m  118s
termite_citadel           153    134    0    1    0      19m    8s
fiddler_commons           152    127    1    0    0     290m  123s

appended 35 rows to outbox/ig_insights.jsonl
  black_hole               gju1m1BS9wc  SKIP (unavailable (private/removed?))
  lily_undercroft          OW5k2xeuuCE  SKIP (unavailable (private/removed?))

journey                      views  likes  like%
wild_yeast                    1244      4   0.3%
fiddler_commons               1189      4   0.3%
peony_shell                   1129      4   0.4%
food_chain                    1095     11   1.0%
eclipse_waterhole             1001      4   0.4%
caddis_masonry                 985      7   0.7%
salt_mirror                    973      3   0.3%
cobalt_rookery                 940      7   0.7%
cosmic_scales_remix            869      6   0.7%
voltaic_shoal                  651      5   0.8%
fluorite_stope                 613      0   0.0%
tide_glass                     596      1   0.2%
meteorite_cradle               415      2   0.5%
snowfall                       414      6   1.4%
ruby_furnace                   266      1   0.4%
butterfly_meridian             221      4   1.8%
whale_fall_republic            157      0   0.0%
tide_of_life                   137      2   1.5%
sockeye_stair                  128      0   0.0%
cinder_veil                    114      1   0.9%
termite_citadel                 90      3   3.3%
bee_cathedral                   80      0   0.0%
vesper_flight                   70      0   0.0%
circuit_grotto                  66      1   1.5%
resonance_hall                  52      0   0.0%
magellanic_mob                  47      0   0.0%
abyssal_chandelier              41      1   2.4%
winter_murmuration              38      3   7.9%
cartographer                    32      1   3.1%
alexandria                      31      2   6.5%
circuit_city                    31      1   3.2%
night_bloom                     23      2   8.7%
dollhouse                       19      1   5.3%
night_bloom_remix               16      1   6.2%
jade_automata                   15      1   6.7%
ember_meadow                    14      0   0.0%
squid_lantern                   12      0   0.0%
quantum_orrery                  11      0   0.0%
mineral_heart                   10      1  10.0%
pomegranate_vault               10      0   0.0%
chalk_cellar                    10      1  10.0%
physarum_maze                    9      0   0.0%
frost_window                     8      0   0.0%
ivory_gambit                     8      0   0.0%
brinicle_grove                   8      0   0.0%
sundew_snare                     7      0   0.0%
chameleon_prism                  7      0   0.0%
sugar_nebula                     6      0   0.0%
tesla_garden                     6      0   0.0%
ink_dynasty                      6      0   0.0%
lichen_moor                      6      0   0.0%
magnetite_choir                  6      0   0.0%
lather_atlas                     5      1  20.0%
copper_rain                      5      0   0.0%
geode_cosmos                     5      1  20.0%
desert_rosette                   5      1  20.0%
waterbear_prairie                5      0   0.0%
cave_of_numbers                  4      1  25.0%
pollen_court                     4      0   0.0%
glass_apiary                     4      0   0.0%
lantern_mangrove                 4      0   0.0%
bayou_eyeshine                   4      0   0.0%
moth_orchard_night               3      0   0.0%
chalkboard_infinities            2      0   0.0%
horseshoe_tide                   2      0   0.0%
velvet_atlas                     1      0   0.0%
bamboo_sea                       1      0   0.0%
saguaro_vigil                    1      0   0.0%

68 videos, 13,987 total YouTube views (2 skipped) -> outbox/yt_stats.jsonl
followers: 108   ('108 Followers, 25 Following, 73 Posts - See Instagram photos and videos from Pow')
reels on grid: 36 (trusted-hover pass, 36 with likes)

journey                     views  likes  like%  code
squid_lantern                3028     61   2.0%  DcKg2bhhBG0
eclipse_waterhole            2024     67   3.3%  DcrORSVvyet
physarum_maze                1771     34   1.9%  DcUsSy3pWpB
winter_murmuration           1619     94   5.8%  Dc7iBZZzNMz
sundew_snare                 1514     75   5.0%  DcMilj8BvPm
desert_rosette               1406     36   2.6%  DcQnXQrhkHn
lantern_mangrove             1400     22   1.6%  DcgRKhzODHi
cobalt_rookery                988     32   3.2%  DcmB0c-OpAZ
lily_undercroft               755     24   3.2%  DdRdi9Vh5Ef
fluorite_stope                643     22   3.4%  DdDCn5AuTzR
meteorite_cradle              556     13   2.3%  Dcmt3kHNrQw
bamboo_sea                    523      4   0.8%  Dc1ak6sOB39
vesper_flight                 364      9   2.5%  DchCOAOhmDn
horseshoe_tide                331     14   4.2%  DdGpNIFRJyJ
ember_meadow                  324      6   1.9%  DcOk8BQACG5
waterbear_prairie             323      5   1.5%  DdHwwB-JiYR
sockeye_stair                 305      9   3.0%  Dc_m7qMy508
bayou_eyeshine                304      9   3.0%  DdBoyUlM--y
circuit_grotto                274      6   2.2%  Dc9j3bQMFpJ
bee_cathedral                 264      7   2.7%  DcxVqMzv84K
magnetite_choir               239      3   1.3%  DctQuxrOmCO
peony_shell                   220      2   0.9%  DccarGtgKjB
wild_yeast                    218      1   0.5%  DcjEaHItaFN
pomegranate_vault             216      3   1.4%  DcpLy5DNrUW
whale_fall_republic           205      5   2.4%  DcY5PRHxbtQ
brinicle_grove                202      1   0.5%  DcWuv6DhbSb
ruby_furnace                  196      8   4.1%  DczYHiNMIQP
caddis_masonry                184      4   2.2%  Dca_2VJRSs1
chameleon_prism               174      4   2.3%  DcSp1LvuwkB
chalk_cellar                  166      3   1.8%  DdJzQaUPrs5
saguaro_vigil                 164      6   3.7%  DdL1uCoBFwq
voltaic_shoal                 163      6   3.7%  Dc6B13mRdrE
magellanic_mob                160      3   1.9%  DcvuqYohsqq
termite_citadel               153      3   2.0%  Dce_d_qOwVA
fiddler_commons               152      5   3.3%  Dc3dDCXhTLx
cacao_temper                  113      5   4.4%  DdTxzBmsJ8k

snapshot appended to outbox/ig_stats.jsonl (36 rows)
journey                 views  reach  shr  sav  fol    watch   avg
eclipse_waterhole        2024   1709   13   18   11     275m   10s
physarum_maze            1771   1450    9    9    3     209m    9s
winter_murmuration       1619   1359   17   11   10     713m   31s
sundew_snare             1514   1361   14   11    5     139m    6s
desert_rosette           1406   1232   12    9    1     197m    9s
lantern_mangrove         1400   1147    2    5    0     533m   28s
cobalt_rookery            988    832    6    7    3     150m   11s
lily_undercroft           756    644    5    3    1     391m   36s
fluorite_stope            643    469    6    3    5      48m    6s
meteorite_cradle          556    493    8    6    4      61m    7s
bamboo_sea                523    468    2    0    1      85m   11s
vesper_flight             364    326    1    4    2      50m    9s
horseshoe_tide            331    293    2    1    2      25m    5s
ember_meadow              324    271    1    2    0      65m   14s
waterbear_prairie         323    256    0    2    0      22m    5s
sockeye_stair             305    246    0    3    0      19m    5s
bayou_eyeshine            304    263    1    1    0      32m    7s
circuit_grotto            274    229    1    0    1     100m   25s
bee_cathedral             264    222    3    0    1     474m  121s
magnetite_choir           239    202    1    2    0     195m   53s
peony_shell               220    183    0    0    0      18m    5s
wild_yeast                218    181    1    0    0     237m   69s
pomegranate_vault         216    185    1    1    1     890m  262s
whale_fall_republic       205    172    1    2    1      21m    7s
brinicle_grove            202    162    1    0    0      20m    7s
ruby_furnace              196    169    0    2    0      66m   22s
caddis_masonry            184    160    0    0    0      24m    8s
chameleon_prism           174    158    1    1    1     185m   64s
chalk_cellar              166    151    0    1    0      11m    5s
saguaro_vigil             164    147    3    0    0      14m    6s
voltaic_shoal             163    127    0    0    0      17m    7s
magellanic_mob            160    139    1    1    0     298m  118s
termite_citadel           153    134    0    1    0      19m    8s
fiddler_commons           152    127    1    0    0     290m  123s
cacao_temper              113     99    0    2    0     153m   90s

appended 35 rows to outbox/ig_insights.jsonl
  black_hole               gju1m1BS9wc  SKIP (unavailable (private/removed?))

journey                      views  likes  like%
wild_yeast                    1244      4   0.3%
fiddler_commons               1189      4   0.3%
peony_shell                   1129      4   0.4%
food_chain                    1095     11   1.0%
eclipse_waterhole             1001      4   0.4%
caddis_masonry                 985      7   0.7%
salt_mirror                    973      3   0.3%
fluorite_stope                 962      0   0.0%
cobalt_rookery                 940      7   0.7%
cosmic_scales_remix            869      6   0.7%
cacao_temper                   867      0   0.0%
voltaic_shoal                  651      5   0.8%
tide_glass                     596      1   0.2%
meteorite_cradle               415      2   0.5%
snowfall                       414      6   1.4%
ruby_furnace                   266      1   0.4%
butterfly_meridian             221      4   1.8%
whale_fall_republic            157      0   0.0%
tide_of_life                   137      2   1.5%
sockeye_stair                  128      0   0.0%
cinder_veil                    114      1   0.9%
termite_citadel                 90      3   3.3%
bee_cathedral                   80      0   0.0%
vesper_flight                   70      0   0.0%
circuit_grotto                  67      1   1.5%
resonance_hall                  52      0   0.0%
magellanic_mob                  47      0   0.0%
abyssal_chandelier              41      1   2.4%
winter_murmuration              38      3   7.9%
cartographer                    32      1   3.1%
alexandria                      31      2   6.5%
circuit_city                    31      1   3.2%
night_bloom                     23      2   8.7%
dollhouse                       19      1   5.3%
night_bloom_remix               16      1   6.2%
jade_automata                   15      1   6.7%
ember_meadow                    14      0   0.0%
squid_lantern                   12      0   0.0%
quantum_orrery                  11      0   0.0%
mineral_heart                   10      1  10.0%
pomegranate_vault               10      0   0.0%
chalk_cellar                    10      1  10.0%
physarum_maze                    9      0   0.0%
frost_window                     8      0   0.0%
ivory_gambit                     8      0   0.0%
brinicle_grove                   8      0   0.0%
sundew_snare                     7      0   0.0%
chameleon_prism                  7      0   0.0%
sugar_nebula                     6      0   0.0%
tesla_garden                     6      0   0.0%
ink_dynasty                      6      0   0.0%
lichen_moor                      6      0   0.0%
magnetite_choir                  6      0   0.0%
lather_atlas                     5      1  20.0%
copper_rain                      5      0   0.0%
geode_cosmos                     5      1  20.0%
desert_rosette                   5      1  20.0%
waterbear_prairie                5      0   0.0%
cave_of_numbers                  4      1  25.0%
pollen_court                     4      0   0.0%
glass_apiary                     4      0   0.0%
lantern_mangrove                 4      0   0.0%
bayou_eyeshine                   4      0   0.0%
moth_orchard_night               3      0   0.0%
chalkboard_infinities            2      0   0.0%
lily_undercroft                  2      0   0.0%
horseshoe_tide                   2      0   0.0%
velvet_atlas                     1      0   0.0%
bamboo_sea                       1      0   0.0%
saguaro_vigil                    1      0   0.0%

70 videos, 15,206 total YouTube views (1 skipped) -> outbox/yt_stats.jsonl
followers: 108   ('108 Followers, 25 Following, 73 Posts - See Instagram photos and videos from Pow')
reels on grid: 27 (trusted-hover pass, 27 with likes)

journey                     views  likes  like%  code
eclipse_waterhole            2024     67   3.3%  DcrORSVvyet
winter_murmuration           1619     94   5.8%  Dc7iBZZzNMz
lantern_mangrove             1400     22   1.6%  DcgRKhzODHi
cobalt_rookery                988     32   3.2%  DcmB0c-OpAZ
lily_undercroft               841     26   3.1%  DdRdi9Vh5Ef
fluorite_stope                643     22   3.4%  DdDCn5AuTzR
meteorite_cradle              556     13   2.3%  Dcmt3kHNrQw
bamboo_sea                    523      4   0.8%  Dc1ak6sOB39
vesper_flight                 364      9   2.5%  DchCOAOhmDn
horseshoe_tide                331     14   4.2%  DdGpNIFRJyJ
waterbear_prairie             323      5   1.5%  DdHwwB-JiYR
sockeye_stair                 305      9   3.0%  Dc_m7qMy508
bayou_eyeshine                304      9   3.0%  DdBoyUlM--y
circuit_grotto                274      6   2.2%  Dc9j3bQMFpJ
bee_cathedral                 264      7   2.7%  DcxVqMzv84K
magnetite_choir               239      3   1.3%  DctQuxrOmCO
peony_shell                   220      2   0.9%  DccarGtgKjB
wild_yeast                    218      1   0.5%  DcjEaHItaFN
pomegranate_vault             216      3   1.4%  DcpLy5DNrUW
ruby_furnace                  196      8   4.1%  DczYHiNMIQP
chalk_cellar                  166      3   1.8%  DdJzQaUPrs5
saguaro_vigil                 164      6   3.7%  DdL1uCoBFwq
voltaic_shoal                 163      6   3.7%  Dc6B13mRdrE
magellanic_mob                160      3   1.9%  DcvuqYohsqq
termite_citadel               153      3   2.0%  Dce_d_qOwVA
fiddler_commons               152      5   3.3%  Dc3dDCXhTLx
cacao_temper                  126      5   4.0%  DdTxzBmsJ8k

snapshot appended to outbox/ig_stats.jsonl (27 rows)
journey                 views  reach  shr  sav  fol    watch   avg
eclipse_waterhole        2024   1709   13   18   11     275m   10s
physarum_maze            1771   1450    9    9    3     209m    9s
winter_murmuration       1619   1359   17   11   10     713m   31s
sundew_snare             1514   1361   14   11    5     139m    6s
desert_rosette           1406   1232   12    9    1     197m    9s
lantern_mangrove         1400   1147    2    5    0     533m   28s
cobalt_rookery            988    832    6    7    3     150m   11s
lily_undercroft           841    734    5    3    1     402m   32s
fluorite_stope            643    469    6    3    5      48m    6s
meteorite_cradle          556    493    8    6    4      61m    7s
bamboo_sea                523    468    2    0    1      85m   11s
vesper_flight             364    326    1    4    2      50m    9s
horseshoe_tide            331    293    2    1    2      25m    5s
ember_meadow              324    271    1    2    0      65m   14s
waterbear_prairie         323    256    0    2    0      22m    5s
sockeye_stair             305    246    0    3    0      19m    5s
bayou_eyeshine            304    263    1    1    0      32m    7s
circuit_grotto            274    229    1    0    1     100m   25s
bee_cathedral             264    222    3    0    1     474m  121s
magnetite_choir           239    202    1    2    0     195m   53s
peony_shell               220    183    0    0    0      18m    5s
wild_yeast                218    181    1    0    0     237m   69s
pomegranate_vault         216    185    1    1    1     890m  262s
whale_fall_republic       205    172    1    2    1      21m    7s
brinicle_grove            202    162    1    0    0      20m    7s
ruby_furnace              196    169    0    2    0      66m   22s
caddis_masonry            184    160    0    0    0      24m    8s
chameleon_prism           174    158    1    1    1     185m   64s
chalk_cellar              166    151    0    1    0      11m    5s
saguaro_vigil             164    147    3    0    0      14m    6s
voltaic_shoal             163    127    0    0    0      17m    7s
magellanic_mob            160    139    1    1    0     298m  118s
termite_citadel           153    134    0    1    0      19m    8s
fiddler_commons           152    127    1    0    0     290m  123s
cacao_temper              126    114    0    2    0     456m  228s

appended 35 rows to outbox/ig_insights.jsonl
  black_hole               gju1m1BS9wc  SKIP (unavailable (private/removed?))

journey                      views  likes  like%
wild_yeast                    1244      4   0.3%
fiddler_commons               1189      4   0.3%
peony_shell                   1129      4   0.4%
food_chain                    1095     11   1.0%
eclipse_waterhole             1001      4   0.4%
caddis_masonry                 985      7   0.7%
salt_mirror                    973      3   0.3%
cobalt_rookery                 940      7   0.7%
cosmic_scales_remix            869      6   0.7%
voltaic_shoal                  651      5   0.8%
tide_glass                     596      1   0.2%
meteorite_cradle               415      2   0.5%
snowfall                       414      6   1.4%
ruby_furnace                   266      1   0.4%
butterfly_meridian             222      4   1.8%
whale_fall_republic            157      0   0.0%
tide_of_life                   137      2   1.5%
sockeye_stair                  128      0   0.0%
cinder_veil                    114      1   0.9%
termite_citadel                 90      3   3.3%
bee_cathedral                   80      0   0.0%
cacao_temper                    72      0   0.0%
vesper_flight                   70      0   0.0%
fluorite_stope                  69      0   0.0%
circuit_grotto                  67      1   1.5%
resonance_hall                  52      0   0.0%
magellanic_mob                  47      0   0.0%
abyssal_chandelier              41      1   2.4%
winter_murmuration              38      3   7.9%
cartographer                    32      1   3.1%
alexandria                      31      2   6.5%
circuit_city                    31      1   3.2%
night_bloom                     23      2   8.7%
dollhouse                       19      1   5.3%
night_bloom_remix               16      1   6.2%
jade_automata                   15      1   6.7%
ember_meadow                    14      0   0.0%
squid_lantern                   12      0   0.0%
quantum_orrery                  11      0   0.0%
mineral_heart                   10      1  10.0%
pomegranate_vault               10      0   0.0%
chalk_cellar                    10      1  10.0%
physarum_maze                    9      0   0.0%
frost_window                     8      0   0.0%
ivory_gambit                     8      0   0.0%
brinicle_grove                   8      0   0.0%
sundew_snare                     7      0   0.0%
chameleon_prism                  7      0   0.0%
sugar_nebula                     6      0   0.0%
tesla_garden                     6      0   0.0%
ink_dynasty                      6      0   0.0%
lichen_moor                      6      0   0.0%
magnetite_choir                  6      0   0.0%
lather_atlas                     5      1  20.0%
copper_rain                      5      0   0.0%
geode_cosmos                     5      1  20.0%
desert_rosette                   5      1  20.0%
waterbear_prairie                5      0   0.0%
cave_of_numbers                  4      1  25.0%
pollen_court                     4      0   0.0%
glass_apiary                     4      0   0.0%
lantern_mangrove                 4      0   0.0%
bayou_eyeshine                   4      0   0.0%
moth_orchard_night               3      0   0.0%
chalkboard_infinities            2      0   0.0%
lily_undercroft                  2      0   0.0%
horseshoe_tide                   2      0   0.0%
velvet_atlas                     1      0   0.0%
bamboo_sea                       1      0   0.0%
saguaro_vigil                    1      0   0.0%

70 videos, 13,519 total YouTube views (1 skipped) -> outbox/yt_stats.jsonl
followers: 108   ('108 Followers, 25 Following, 73 Posts - See Instagram photos and videos from Pow')
reels on grid: 36 (trusted-hover pass, 36 with likes)

journey                     views  likes  like%  code
squid_lantern                3028     61   2.0%  DcKg2bhhBG0
eclipse_waterhole            2024     67   3.3%  DcrORSVvyet
physarum_maze                1771     34   1.9%  DcUsSy3pWpB
winter_murmuration           1619     94   5.8%  Dc7iBZZzNMz
sundew_snare                 1515     75   5.0%  DcMilj8BvPm
desert_rosette               1407     36   2.6%  DcQnXQrhkHn
lantern_mangrove             1400     22   1.6%  DcgRKhzODHi
cobalt_rookery                988     32   3.2%  DcmB0c-OpAZ
lily_undercroft               843     26   3.1%  DdRdi9Vh5Ef
fluorite_stope                643     22   3.4%  DdDCn5AuTzR
meteorite_cradle              556     13   2.3%  Dcmt3kHNrQw
bamboo_sea                    523      4   0.8%  Dc1ak6sOB39
vesper_flight                 364      9   2.5%  DchCOAOhmDn
horseshoe_tide                331     14   4.2%  DdGpNIFRJyJ
ember_meadow                  324      6   1.9%  DcOk8BQACG5
waterbear_prairie             323      5   1.5%  DdHwwB-JiYR
sockeye_stair                 305      9   3.0%  Dc_m7qMy508
bayou_eyeshine                304      9   3.0%  DdBoyUlM--y
circuit_grotto                274      6   2.2%  Dc9j3bQMFpJ
bee_cathedral                 264      7   2.7%  DcxVqMzv84K
magnetite_choir               239      3   1.3%  DctQuxrOmCO
peony_shell                   220      2   0.9%  DccarGtgKjB
wild_yeast                    218      1   0.5%  DcjEaHItaFN
pomegranate_vault             216      3   1.4%  DcpLy5DNrUW
whale_fall_republic           205      5   2.4%  DcY5PRHxbtQ
brinicle_grove                202      1   0.5%  DcWuv6DhbSb
ruby_furnace                  196      8   4.1%  DczYHiNMIQP
caddis_masonry                184      4   2.2%  Dca_2VJRSs1
chameleon_prism               174      4   2.3%  DcSp1LvuwkB
chalk_cellar                  166      3   1.8%  DdJzQaUPrs5
saguaro_vigil                 164      6   3.7%  DdL1uCoBFwq
voltaic_shoal                 163      6   3.7%  Dc6B13mRdrE
magellanic_mob                160      3   1.9%  DcvuqYohsqq
termite_citadel               153      3   2.0%  Dce_d_qOwVA
fiddler_commons               152      5   3.3%  Dc3dDCXhTLx
cacao_temper                  126      5   4.0%  DdTxzBmsJ8k

snapshot appended to outbox/ig_stats.jsonl (36 rows)
journey                 views  reach  shr  sav  fol    watch   avg
eclipse_waterhole        2024   1709   13   18   11     275m   10s
physarum_maze            1771   1450    9    9    3     209m    9s
winter_murmuration       1619   1359   17   11   10     713m   31s
desert_rosette           1407   1232   12    9    1     197m    9s
lantern_mangrove         1400   1147    2    5    0     533m   28s
cobalt_rookery            988    832    6    7    3     150m   11s
lily_undercroft           843    736    ?    ?    ?        ?    ?s
fluorite_stope            643    469    ?    ?    ?        ?    ?s
meteorite_cradle          556    493    8    6    4      61m    7s
bamboo_sea                523    468    2    0    1      85m   11s
vesper_flight             364    326    1    4    2      50m    9s
horseshoe_tide            331    293    ?    ?    ?        ?    ?s
ember_meadow              324    271    1    2    0      65m   14s
waterbear_prairie         323    256    ?    ?    ?        ?    ?s
sockeye_stair             305    246    ?    ?    ?        ?    ?s
bayou_eyeshine            304    263    ?    ?    ?        ?    ?s
circuit_grotto            274    229    ?    ?    ?        ?    ?s
bee_cathedral             264    222    3    0    1     474m  121s
magnetite_choir           239    202    1    2    0     195m   53s
peony_shell               220    183    0    0    0      18m    5s
wild_yeast                218    181    1    0    0     237m   69s
pomegranate_vault         216    185    1    1    1     890m  262s
whale_fall_republic       205    172    1    2    1      21m    7s
brinicle_grove            202    162    1    0    0      20m    7s
ruby_furnace              196    169    0    2    0      66m   22s
caddis_masonry            184    160    0    0    0      24m    8s
chameleon_prism           174    158    1    1    1     185m   64s
chalk_cellar              166    151    ?    ?    ?        ?    ?s
saguaro_vigil             164    147    ?    ?    ?        ?    ?s
voltaic_shoal             163    127    0    0    0      17m    7s
magellanic_mob            160    139    1    1    0     298m  118s
termite_citadel           153    134    0    1    0      19m    8s
fiddler_commons           152    127    1    0    0     290m  123s
cacao_temper              126    114    ?    ?    ?        ?    ?s

appended 34 rows to outbox/ig_insights.jsonl
  black_hole               gju1m1BS9wc  SKIP (unavailable (private/removed?))

journey                      views  likes  like%
wild_yeast                    1244      4   0.3%
fiddler_commons               1189      4   0.3%
peony_shell                   1129      4   0.4%
food_chain                    1095     11   1.0%
eclipse_waterhole             1001      4   0.4%
caddis_masonry                 985      7   0.7%
salt_mirror                    973      3   0.3%
cobalt_rookery                 940      7   0.7%
cosmic_scales_remix            869      6   0.7%
voltaic_shoal                  651      5   0.8%
tide_glass                     596      1   0.2%
meteorite_cradle               415      2   0.5%
snowfall                       414      6   1.4%
ruby_furnace                   266      1   0.4%
butterfly_meridian             222      4   1.8%
whale_fall_republic            157      0   0.0%
tide_of_life                   137      2   1.5%
sockeye_stair                  128      0   0.0%
cinder_veil                    114      1   0.9%
fluorite_stope                  94      0   0.0%
termite_citadel                 90      3   3.3%
bee_cathedral                   80      0   0.0%
vesper_flight                   70      0   0.0%
circuit_grotto                  67      1   1.5%
resonance_hall                  52      0   0.0%
magellanic_mob                  47      0   0.0%
abyssal_chandelier              41      1   2.4%
winter_murmuration              38      3   7.9%
cartographer                    32      1   3.1%
alexandria                      31      2   6.5%
circuit_city                    31      1   3.2%
night_bloom                     23      2   8.7%
dollhouse                       19      1   5.3%
night_bloom_remix               16      1   6.2%
jade_automata                   15      1   6.7%
ember_meadow                    14      0   0.0%
squid_lantern                   12      0   0.0%
quantum_orrery                  11      0   0.0%
mineral_heart                   10      1  10.0%
pomegranate_vault               10      0   0.0%
chalk_cellar                    10      1  10.0%
physarum_maze                    9      0   0.0%
frost_window                     8      0   0.0%
ivory_gambit                     8      0   0.0%
brinicle_grove                   8      0   0.0%
sundew_snare                     7      0   0.0%
chameleon_prism                  7      0   0.0%
sugar_nebula                     6      0   0.0%
tesla_garden                     6      0   0.0%
ink_dynasty                      6      0   0.0%
lichen_moor                      6      0   0.0%
magnetite_choir                  6      0   0.0%
lather_atlas                     5      1  20.0%
copper_rain                      5      0   0.0%
geode_cosmos                     5      1  20.0%
desert_rosette                   5      1  20.0%
waterbear_prairie                5      0   0.0%
cave_of_numbers                  4      1  25.0%
pollen_court                     4      0   0.0%
glass_apiary                     4      0   0.0%
lantern_mangrove                 4      0   0.0%
horseshoe_tide                   4      0   0.0%
bayou_eyeshine                   4      0   0.0%
moth_orchard_night               3      0   0.0%
chalkboard_infinities            2      0   0.0%
lily_undercroft                  2      0   0.0%
velvet_atlas                     1      0   0.0%
bamboo_sea                       1      0   0.0%
saguaro_vigil                    1      0   0.0%
cacao_temper                     1      0   0.0%

70 videos, 13,475 total YouTube views (1 skipped) -> outbox/yt_stats.jsonl
followers: 108   ('108 Followers, 25 Following, 73 Posts - See Instagram photos and videos from Pow')
reels on grid: 36 (trusted-hover pass, 36 with likes)

journey                     views  likes  like%  code
squid_lantern                3028     61   2.0%  DcKg2bhhBG0
eclipse_waterhole            2024     67   3.3%  DcrORSVvyet
physarum_maze                1771     34   1.9%  DcUsSy3pWpB
winter_murmuration           1619     94   5.8%  Dc7iBZZzNMz
sundew_snare                 1515     75   5.0%  DcMilj8BvPm
desert_rosette               1407     36   2.6%  DcQnXQrhkHn
lantern_mangrove             1401     22   1.6%  DcgRKhzODHi
cobalt_rookery                988     32   3.2%  DcmB0c-OpAZ
lily_undercroft               843     26   3.1%  DdRdi9Vh5Ef
fluorite_stope                643     22   3.4%  DdDCn5AuTzR
meteorite_cradle              556     13   2.3%  Dcmt3kHNrQw
bamboo_sea                    523      4   0.8%  Dc1ak6sOB39
vesper_flight                 364      9   2.5%  DchCOAOhmDn
horseshoe_tide                331     14   4.2%  DdGpNIFRJyJ
waterbear_prairie             324      5   1.5%  DdHwwB-JiYR
ember_meadow                  324      6   1.9%  DcOk8BQACG5
sockeye_stair                 305      9   3.0%  Dc_m7qMy508
bayou_eyeshine                304      9   3.0%  DdBoyUlM--y
circuit_grotto                274      6   2.2%  Dc9j3bQMFpJ
bee_cathedral                 264      7   2.7%  DcxVqMzv84K
magnetite_choir               239      3   1.3%  DctQuxrOmCO
peony_shell                   220      2   0.9%  DccarGtgKjB
wild_yeast                    218      1   0.5%  DcjEaHItaFN
pomegranate_vault             216      3   1.4%  DcpLy5DNrUW
whale_fall_republic           205      5   2.4%  DcY5PRHxbtQ
brinicle_grove                202      1   0.5%  DcWuv6DhbSb
ruby_furnace                  196      8   4.1%  DczYHiNMIQP
caddis_masonry                184      4   2.2%  Dca_2VJRSs1
chameleon_prism               174      4   2.3%  DcSp1LvuwkB
chalk_cellar                  166      3   1.8%  DdJzQaUPrs5
saguaro_vigil                 164      6   3.7%  DdL1uCoBFwq
voltaic_shoal                 163      6   3.7%  Dc6B13mRdrE
magellanic_mob                160      3   1.9%  DcvuqYohsqq
termite_citadel               153      3   2.0%  Dce_d_qOwVA
fiddler_commons               152      5   3.3%  Dc3dDCXhTLx
cacao_temper                  131      5   3.8%  DdTxzBmsJ8k

snapshot appended to outbox/ig_stats.jsonl (36 rows)
journey                 views  reach  shr  sav  fol    watch   avg
eclipse_waterhole        2024   1709   13   18   11     275m   10s
physarum_maze            1771   1450    9    9    3     209m    9s
winter_murmuration       1619   1359   17   11   10     713m   31s
desert_rosette           1407   1232   12    9    1     197m    9s
lantern_mangrove         1401   1148    2    5    0     533m   28s
cobalt_rookery            988    832    6    7    3     150m   11s
lily_undercroft           843    736    ?    ?    ?        ?    ?s
fluorite_stope            643    469    ?    ?    ?        ?    ?s
meteorite_cradle          556    493    8    6    4      61m    7s
bamboo_sea                523    468    2    0    1      85m   11s
vesper_flight             364    326    1    4    2      50m    9s
horseshoe_tide            331    293    ?    ?    ?        ?    ?s
waterbear_prairie         324    257    ?    ?    ?        ?    ?s
ember_meadow              324    271    1    2    0      65m   14s
sockeye_stair             305    246    ?    ?    ?        ?    ?s
bayou_eyeshine            304    263    ?    ?    ?        ?    ?s
circuit_grotto            274    229    ?    ?    ?        ?    ?s
bee_cathedral             264    222    3    0    1     474m  121s
magnetite_choir           239    202    1    2    0     195m   53s
peony_shell               220    183    0    0    0      18m    5s
wild_yeast                218    181    1    0    0     237m   69s
pomegranate_vault         216    185    1    1    1     890m  262s
whale_fall_republic       205    172    1    2    1      21m    7s
brinicle_grove            202    162    1    0    0      20m    7s
ruby_furnace              196    169    0    2    0      66m   22s
caddis_masonry            184    160    0    0    0      24m    8s
chameleon_prism           174    158    1    1    1     185m   64s
chalk_cellar              166    151    ?    ?    ?        ?    ?s
saguaro_vigil             164    147    ?    ?    ?        ?    ?s
voltaic_shoal             163    127    0    0    0      17m    7s
magellanic_mob            160    139    1    1    0     298m  118s
termite_citadel           153    134    0    1    0      19m    8s
fiddler_commons           152    127    1    0    0     290m  123s
cacao_temper              131    114    ?    ?    ?        ?    ?s

appended 34 rows to outbox/ig_insights.jsonl
  black_hole               gju1m1BS9wc  SKIP (unavailable (private/removed?))

journey                      views  likes  like%
wild_yeast                    1244      4   0.3%
fiddler_commons               1189      4   0.3%
peony_shell                   1129      4   0.4%
food_chain                    1095     11   1.0%
eclipse_waterhole             1001      4   0.4%
caddis_masonry                 985      7   0.7%
salt_mirror                    973      3   0.3%
cobalt_rookery                 940      7   0.7%
cosmic_scales_remix            869      6   0.7%
voltaic_shoal                  651      5   0.8%
tide_glass                     596      1   0.2%
meteorite_cradle               415      2   0.5%
snowfall                       414      6   1.4%
ruby_furnace                   266      1   0.4%
fluorite_stope                 253      0   0.0%
butterfly_meridian             222      4   1.8%
whale_fall_republic            157      0   0.0%
tide_of_life                   137      2   1.5%
sockeye_stair                  128      0   0.0%
cinder_veil                    114      1   0.9%
termite_citadel                 90      3   3.3%
bee_cathedral                   80      0   0.0%
vesper_flight                   70      0   0.0%
circuit_grotto                  67      1   1.5%
resonance_hall                  52      0   0.0%
magellanic_mob                  47      0   0.0%
abyssal_chandelier              41      1   2.4%
winter_murmuration              38      3   7.9%
cartographer                    32      1   3.1%
alexandria                      31      2   6.5%
circuit_city                    31      1   3.2%
night_bloom                     23      2   8.7%
dollhouse                       19      1   5.3%
night_bloom_remix               16      1   6.2%
jade_automata                   15      1   6.7%
ember_meadow                    14      0   0.0%
squid_lantern                   12      0   0.0%
quantum_orrery                  11      0   0.0%
mineral_heart                   10      1  10.0%
pomegranate_vault               10      0   0.0%
chalk_cellar                    10      1  10.0%
physarum_maze                    9      0   0.0%
frost_window                     8      0   0.0%
ivory_gambit                     8      0   0.0%
brinicle_grove                   8      0   0.0%
sundew_snare                     7      0   0.0%
chameleon_prism                  7      0   0.0%
sugar_nebula                     6      0   0.0%
tesla_garden                     6      0   0.0%
ink_dynasty                      6      0   0.0%
lichen_moor                      6      0   0.0%
magnetite_choir                  6      0   0.0%
lather_atlas                     5      1  20.0%
copper_rain                      5      0   0.0%
geode_cosmos                     5      1  20.0%
desert_rosette                   5      1  20.0%
waterbear_prairie                5      0   0.0%
cave_of_numbers                  4      1  25.0%
pollen_court                     4      0   0.0%
glass_apiary                     4      0   0.0%
lantern_mangrove                 4      0   0.0%
horseshoe_tide                   4      0   0.0%
bayou_eyeshine                   4      0   0.0%
moth_orchard_night               3      0   0.0%
chalkboard_infinities            2      0   0.0%
lily_undercroft                  2      0   0.0%
velvet_atlas                     1      0   0.0%
bamboo_sea                       1      0   0.0%
saguaro_vigil                    1      0   0.0%
cacao_temper                     1      0   0.0%

70 videos, 13,634 total YouTube views (1 skipped) -> outbox/yt_stats.jsonl
followers: 108   ('108 Followers, 25 Following, 74 Posts - See Instagram photos and videos from Pow')
reels on grid: 36 (trusted-hover pass, 36 with likes)

journey                     views  likes  like%  code
eclipse_waterhole            2025     67   3.3%  DcrORSVvyet
physarum_maze                1771     34   1.9%  DcUsSy3pWpB
winter_murmuration           1620     94   5.8%  Dc7iBZZzNMz
sundew_snare                 1516     75   4.9%  DcMilj8BvPm
desert_rosette               1408     36   2.6%  DcQnXQrhkHn
lantern_mangrove             1402     22   1.6%  DcgRKhzODHi
cobalt_rookery                988     32   3.2%  DcmB0c-OpAZ
lily_undercroft               844     26   3.1%  DdRdi9Vh5Ef
fluorite_stope                644     22   3.4%  DdDCn5AuTzR
meteorite_cradle              557     13   2.3%  Dcmt3kHNrQw
bamboo_sea                    523      4   0.8%  Dc1ak6sOB39
vesper_flight                 366      9   2.5%  DchCOAOhmDn
natron_skein                  354      7   2.0%  DdYtpR8N07x
horseshoe_tide                333     14   4.2%  DdGpNIFRJyJ
waterbear_prairie             325      5   1.5%  DdHwwB-JiYR
ember_meadow                  324      6   1.9%  DcOk8BQACG5
sockeye_stair                 306      9   2.9%  Dc_m7qMy508
bayou_eyeshine                305      9   3.0%  DdBoyUlM--y
circuit_grotto                275      6   2.2%  Dc9j3bQMFpJ
bee_cathedral                 264      7   2.7%  DcxVqMzv84K
magnetite_choir               240      3   1.2%  DctQuxrOmCO
peony_shell                   220      2   0.9%  DccarGtgKjB
wild_yeast                    218      1   0.5%  DcjEaHItaFN
pomegranate_vault             217      3   1.4%  DcpLy5DNrUW
whale_fall_republic           205      5   2.4%  DcY5PRHxbtQ
brinicle_grove                203      1   0.5%  DcWuv6DhbSb
ruby_furnace                  197      8   4.1%  DczYHiNMIQP
caddis_masonry                185      4   2.2%  Dca_2VJRSs1
chameleon_prism               175      4   2.3%  DcSp1LvuwkB
chalk_cellar                  168      3   1.8%  DdJzQaUPrs5
saguaro_vigil                 165      6   3.6%  DdL1uCoBFwq
voltaic_shoal                 164      6   3.7%  Dc6B13mRdrE
magellanic_mob                161      3   1.9%  DcvuqYohsqq
termite_citadel               153      3   2.0%  Dce_d_qOwVA
fiddler_commons               152      5   3.3%  Dc3dDCXhTLx
cacao_temper                  132      5   3.8%  DdTxzBmsJ8k

snapshot appended to outbox/ig_stats.jsonl (36 rows)
journey                 views  reach  shr  sav  fol    watch   avg
eclipse_waterhole        2025   1710   14   18   11     275m   10s
physarum_maze            1771   1450    9    9    3     209m    9s
winter_murmuration       1620   1360   18   11   10     713m   31s
desert_rosette           1408   1232   12    9    1     197m    9s
lantern_mangrove         1402   1149    2    5    0     533m   28s
cobalt_rookery            988    832    6    7    3     150m   11s
lily_undercroft           844    737    ?    ?    ?        ?    ?s
fluorite_stope            644    469    ?    ?    ?        ?    ?s
meteorite_cradle          557    493    9    6    4      61m    7s
bamboo_sea                523    468    2    0    1      85m   11s
vesper_flight             366    326    2    4    2      50m    9s
natron_skein              357    278    ?    ?    ?        ?    ?s
horseshoe_tide            333    293    ?    ?    ?        ?    ?s
waterbear_prairie         325    258    ?    ?    ?        ?    ?s
sockeye_stair             306    247    ?    ?    ?        ?    ?s
bayou_eyeshine            305    264    ?    ?    ?        ?    ?s
circuit_grotto            275    230    1    0    1     100m   25s
bee_cathedral             264    222    3    0    1     474m  121s
magnetite_choir           240    203    2    2    0     195m   53s
peony_shell               220    183    0    0    0      18m    5s
wild_yeast                218    181    1    0    0     237m   69s
pomegranate_vault         217    186    1    1    1     890m  261s
whale_fall_republic       205    172    1    2    1      21m    7s
brinicle_grove            203    162    1    0    0      20m    7s
ruby_furnace              197    170    1    2    0      66m   22s
caddis_masonry            185    160    0    0    0      24m    8s
chameleon_prism           175    158    2    1    1     185m   64s
chalk_cellar              168    153    ?    ?    ?        ?    ?s
saguaro_vigil             165    148    ?    ?    ?        ?    ?s
voltaic_shoal             164    128    0    0    0      17m    7s
magellanic_mob            161    140    2    1    0     298m  118s
termite_citadel           153    134    0    1    0      19m    8s
fiddler_commons           152    127    1    0    0     290m  123s
cacao_temper              132    115    ?    ?    ?        ?    ?s

appended 34 rows to outbox/ig_insights.jsonl
  black_hole               gju1m1BS9wc  SKIP (unavailable (private/removed?))
  natron_skein             4QubfaDo7Ao  SKIP (unavailable (private/removed?))

journey                      views  likes  like%
wild_yeast                    1244      4   0.3%
fiddler_commons               1189      4   0.3%
peony_shell                   1129      4   0.4%
food_chain                    1095     11   1.0%
eclipse_waterhole             1001      4   0.4%
caddis_masonry                 985      7   0.7%
salt_mirror                    973      3   0.3%
cobalt_rookery                 940      7   0.7%
cosmic_scales_remix            869      6   0.7%
voltaic_shoal                  651      5   0.8%
tide_glass                     596      1   0.2%
meteorite_cradle               415      2   0.5%
snowfall                       414      6   1.4%
ruby_furnace                   266      1   0.4%
butterfly_meridian             222      4   1.8%
fluorite_stope                 176      0   0.0%
whale_fall_republic            157      0   0.0%
tide_of_life                   137      2   1.5%
sockeye_stair                  128      0   0.0%
cinder_veil                    114      1   0.9%
termite_citadel                 90      3   3.3%
bee_cathedral                   80      0   0.0%
vesper_flight                   70      0   0.0%
circuit_grotto                  67      1   1.5%
resonance_hall                  52      0   0.0%
magellanic_mob                  47      0   0.0%
abyssal_chandelier              41      1   2.4%
winter_murmuration              38      3   7.9%
cartographer                    32      1   3.1%
alexandria                      31      2   6.5%
circuit_city                    31      1   3.2%
night_bloom                     23      2   8.7%
dollhouse                       19      1   5.3%
night_bloom_remix               16      1   6.2%
jade_automata                   15      1   6.7%
ember_meadow                    14      0   0.0%
squid_lantern                   12      0   0.0%
quantum_orrery                  11      0   0.0%
mineral_heart                   10      1  10.0%
pomegranate_vault               10      0   0.0%
chalk_cellar                    10      1  10.0%
physarum_maze                    9      0   0.0%
frost_window                     8      0   0.0%
ivory_gambit                     8      0   0.0%
brinicle_grove                   8      0   0.0%
waterbear_prairie                8      0   0.0%
sundew_snare                     7      0   0.0%
chameleon_prism                  7      0   0.0%
sugar_nebula                     6      0   0.0%
tesla_garden                     6      0   0.0%
ink_dynasty                      6      0   0.0%
lichen_moor                      6      0   0.0%
magnetite_choir                  6      0   0.0%
lather_atlas                     5      1  20.0%
copper_rain                      5      0   0.0%
geode_cosmos                     5      1  20.0%
desert_rosette                   5      1  20.0%
cave_of_numbers                  4      1  25.0%
pollen_court                     4      0   0.0%
glass_apiary                     4      0   0.0%
lantern_mangrove                 4      0   0.0%
horseshoe_tide                   4      0   0.0%
bayou_eyeshine                   4      0   0.0%
moth_orchard_night               3      0   0.0%
lily_undercroft                  3      0   0.0%
chalkboard_infinities            2      0   0.0%
velvet_atlas                     1      0   0.0%
bamboo_sea                       1      0   0.0%
saguaro_vigil                    1      0   0.0%
cacao_temper                     1      0   0.0%

70 videos, 13,561 total YouTube views (2 skipped) -> outbox/yt_stats.jsonl
followers: 108   ('108 Followers, 25 Following, 75 Posts - See Instagram photos and videos from Pow')
reels on grid: 36 (trusted-hover pass, 36 with likes)

journey                     views  likes  like%  code
eclipse_waterhole            2029     67   3.3%  DcrORSVvyet
physarum_maze                1771     34   1.9%  DcUsSy3pWpB
natron_skein                 1628     37   2.3%  DdYtpR8N07x
winter_murmuration           1624     94   5.8%  Dc7iBZZzNMz
desert_rosette               1408     36   2.6%  DcQnXQrhkHn
lantern_mangrove             1403     22   1.6%  DcgRKhzODHi
cobalt_rookery                989     32   3.2%  DcmB0c-OpAZ
lily_undercroft               847     26   3.1%  DdRdi9Vh5Ef
bromeliad_tank                742     17   2.3%  DdZklFHBkYL
fluorite_stope                653     22   3.4%  DdDCn5AuTzR
meteorite_cradle              561     13   2.3%  Dcmt3kHNrQw
bamboo_sea                    526      4   0.8%  Dc1ak6sOB39
vesper_flight                 371      9   2.4%  DchCOAOhmDn
horseshoe_tide                342     14   4.1%  DdGpNIFRJyJ
waterbear_prairie             335      5   1.5%  DdHwwB-JiYR
ember_meadow                  324      6   1.9%  DcOk8BQACG5
bayou_eyeshine                311      9   2.9%  DdBoyUlM--y
sockeye_stair                 308      9   2.9%  Dc_m7qMy508
circuit_grotto                276      6   2.2%  Dc9j3bQMFpJ
bee_cathedral                 267      7   2.6%  DcxVqMzv84K
magnetite_choir               245      3   1.2%  DctQuxrOmCO
peony_shell                   220      2   0.9%  DccarGtgKjB
wild_yeast                    219      1   0.5%  DcjEaHItaFN
pomegranate_vault             218      3   1.4%  DcpLy5DNrUW
whale_fall_republic           205      5   2.4%  DcY5PRHxbtQ
ruby_furnace                  204      8   3.9%  DczYHiNMIQP
brinicle_grove                203      1   0.5%  DcWuv6DhbSb
caddis_masonry                185      4   2.2%  Dca_2VJRSs1
chameleon_prism               176      4   2.3%  DcSp1LvuwkB
chalk_cellar                  175      3   1.7%  DdJzQaUPrs5
saguaro_vigil                 173      6   3.5%  DdL1uCoBFwq
voltaic_shoal                 165      6   3.6%  Dc6B13mRdrE
magellanic_mob                165      3   1.8%  DcvuqYohsqq
fiddler_commons               154      5   3.2%  Dc3dDCXhTLx
termite_citadel               153      3   2.0%  Dce_d_qOwVA
cacao_temper                  137      5   3.6%  DdTxzBmsJ8k

snapshot appended to outbox/ig_stats.jsonl (36 rows)
journey                 views  reach  shr  sav  fol    watch   avg
eclipse_waterhole        2029   1713   14   18   11     275m   10s
physarum_maze            1771   1450    9    9    3     209m    9s
natron_skein             1628   1396    ?    ?    ?        ?    ?s
winter_murmuration       1624   1364   18   11   10     713m   31s
desert_rosette           1408   1232   12    9    1     197m    9s
lantern_mangrove         1403   1150    2    5    0     533m   28s
cobalt_rookery            989    832    6    7    3     150m   11s
lily_undercroft           847    739    ?    ?    ?        ?    ?s
bromeliad_tank            742    563    ?    ?    ?        ?    ?s
fluorite_stope            653    473    ?    ?    ?        ?    ?s
meteorite_cradle          561    495    9    6    4      61m    7s
bamboo_sea                526    469    2    0    1      86m   11s
vesper_flight             371    328    2    4    2      50m    9s
horseshoe_tide            342    298    ?    ?    ?        ?    ?s
waterbear_prairie         335    262    ?    ?    ?        ?    ?s
bayou_eyeshine            311    269    ?    ?    ?        ?    ?s
sockeye_stair             308    248    0    3    0      19m    5s
circuit_grotto            276    231    1    0    1     100m   25s
bee_cathedral             267    223    3    0    1     474m  121s
magnetite_choir           245    207    2    2    0     195m   52s
peony_shell               220    183    0    0    0      18m    5s
wild_yeast                219    182    1    0    0     237m   69s
pomegranate_vault         218    187    1    1    1     890m  259s
whale_fall_republic       205    172    1    2    1      21m    7s
ruby_furnace              204    173    1    2    0      66m   22s
brinicle_grove            203    162    1    0    0      20m    7s
caddis_masonry            185    160    0    0    0      24m    8s
chameleon_prism           176    160    2    1    1     185m   63s
chalk_cellar              175    158    ?    ?    ?        ?    ?s
saguaro_vigil             173    153    ?    ?    ?        ?    ?s
voltaic_shoal             165    129    0    0    0      17m    7s
magellanic_mob            165    143    2    1    0     298m  115s
fiddler_commons           154    128    1    0    0     290m  122s
termite_citadel           153    134    0    1    0      19m    8s
cacao_temper              137    117    ?    ?    ?        ?    ?s

appended 35 rows to outbox/ig_insights.jsonl
  black_hole               gju1m1BS9wc  SKIP (unavailable (private/removed?))
  natron_skein             4QubfaDo7Ao  SKIP (unavailable (private/removed?))

journey                      views  likes  like%
wild_yeast                    1244      4   0.3%
fiddler_commons               1189      4   0.3%
peony_shell                   1129      4   0.4%
food_chain                    1095     11   1.0%
eclipse_waterhole             1001      4   0.4%
caddis_masonry                 985      7   0.7%
salt_mirror                    973      3   0.3%
cobalt_rookery                 940      7   0.7%
cosmic_scales_remix            869      6   0.7%
bromeliad_tank                 661      0   0.0%
voltaic_shoal                  651      5   0.8%
tide_glass                     596      1   0.2%
fluorite_stope                 444      0   0.0%
meteorite_cradle               415      2   0.5%
snowfall                       414      6   1.4%
ruby_furnace                   266      1   0.4%
butterfly_meridian             222      4   1.8%
whale_fall_republic            157      0   0.0%
tide_of_life                   137      2   1.5%
sockeye_stair                  128      0   0.0%
cinder_veil                    114      1   0.9%
termite_citadel                 90      3   3.3%
bee_cathedral                   80      0   0.0%
vesper_flight                   70      0   0.0%
circuit_grotto                  67      1   1.5%
resonance_hall                  52      0   0.0%
magellanic_mob                  47      0   0.0%
abyssal_chandelier              41      1   2.4%
winter_murmuration              38      3   7.9%
cartographer                    32      1   3.1%
alexandria                      31      2   6.5%
circuit_city                    31      1   3.2%
night_bloom                     23      2   8.7%
dollhouse                       19      1   5.3%
night_bloom_remix               16      1   6.2%
jade_automata                   15      1   6.7%
ember_meadow                    14      0   0.0%
squid_lantern                   12      0   0.0%
quantum_orrery                  11      0   0.0%
mineral_heart                   10      1  10.0%
pomegranate_vault               10      0   0.0%
waterbear_prairie               10      0   0.0%
chalk_cellar                    10      1  10.0%
physarum_maze                    9      0   0.0%
frost_window                     8      0   0.0%
ivory_gambit                     8      0   0.0%
brinicle_grove                   8      0   0.0%
sundew_snare                     7      0   0.0%
chameleon_prism                  7      0   0.0%
sugar_nebula                     6      0   0.0%
tesla_garden                     6      0   0.0%
ink_dynasty                      6      0   0.0%
lichen_moor                      6      0   0.0%
magnetite_choir                  6      0   0.0%
lather_atlas                     5      1  20.0%
copper_rain                      5      0   0.0%
geode_cosmos                     5      1  20.0%
desert_rosette                   5      1  20.0%
cave_of_numbers                  4      1  25.0%
pollen_court                     4      0   0.0%
glass_apiary                     4      0   0.0%
lantern_mangrove                 4      0   0.0%
horseshoe_tide                   4      0   0.0%
bayou_eyeshine                   4      0   0.0%
moth_orchard_night               3      0   0.0%
lily_undercroft                  3      0   0.0%
chalkboard_infinities            2      0   0.0%
velvet_atlas                     1      0   0.0%
bamboo_sea                       1      0   0.0%
saguaro_vigil                    1      0   0.0%
cacao_temper                     1      0   0.0%

71 videos, 14,492 total YouTube views (2 skipped) -> outbox/yt_stats.jsonl
followers: 110   ('110 Followers, 25 Following, 76 Posts - See Instagram photos and videos from Pow')
reels on grid: 36 (trusted-hover pass, 36 with likes)

journey                     views  likes  like%  code
eclipse_waterhole            2032     67   3.3%  DcrORSVvyet
natron_skein                 1953     46   2.4%  DdYtpR8N07x
physarum_maze                1771     34   1.9%  DcUsSy3pWpB
winter_murmuration           1626     94   5.8%  Dc7iBZZzNMz
desert_rosette               1408     36   2.6%  DcQnXQrhkHn
lantern_mangrove             1403     22   1.6%  DcgRKhzODHi
bromeliad_tank               1198     33   2.8%  DdZklFHBkYL
cobalt_rookery                989     32   3.2%  DcmB0c-OpAZ
lily_undercroft               850     26   3.1%  DdRdi9Vh5Ef
fluorite_stope                657     22   3.3%  DdDCn5AuTzR
meteorite_cradle              562     13   2.3%  Dcmt3kHNrQw
bamboo_sea                    527      4   0.8%  Dc1ak6sOB39
vesper_flight                 372      9   2.4%  DchCOAOhmDn
horseshoe_tide                345     14   4.1%  DdGpNIFRJyJ
waterbear_prairie             338      5   1.5%  DdHwwB-JiYR
bayou_eyeshine                313      9   2.9%  DdBoyUlM--y
sockeye_stair                 309      9   2.9%  Dc_m7qMy508
circuit_grotto                277      6   2.2%  Dc9j3bQMFpJ
bee_cathedral                 271      7   2.6%  DcxVqMzv84K
magnetite_choir               246      3   1.2%  DctQuxrOmCO
peony_shell                   220      2   0.9%  DccarGtgKjB
wild_yeast                    219      1   0.5%  DcjEaHItaFN
pomegranate_vault             218      3   1.4%  DcpLy5DNrUW
ruby_furnace                  209      8   3.8%  DczYHiNMIQP
whale_fall_republic           205      5   2.4%  DcY5PRHxbtQ
brinicle_grove                203      1   0.5%  DcWuv6DhbSb
caddis_masonry                185      4   2.2%  Dca_2VJRSs1
chalk_cellar                  179      3   1.7%  DdJzQaUPrs5
chameleon_prism               177      4   2.3%  DcSp1LvuwkB
saguaro_vigil                 176      6   3.4%  DdL1uCoBFwq
voltaic_shoal                 170      6   3.5%  Dc6B13mRdrE
magellanic_mob                166      3   1.8%  DcvuqYohsqq
fiddler_commons               157      5   3.2%  Dc3dDCXhTLx
termite_citadel               153      3   2.0%  Dce_d_qOwVA
prairie_town                  143      3   2.1%  DdbnCiBt6vh
cacao_temper                  141      5   3.5%  DdTxzBmsJ8k

snapshot appended to outbox/ig_stats.jsonl (36 rows)
journey                 views  reach  shr  sav  fol    watch   avg
eclipse_waterhole        2030   1716   14   18   11     276m   10s
natron_skein             1953   1655   18   10    2     651m   23s
physarum_maze            1771   1450    9    9    3     209m    9s
winter_murmuration       1625   1365   18   11   10     713m   31s
lantern_mangrove         1403   1150    2    5    0     533m   28s
bromeliad_tank           1120    861    1    4    1     223m   16s
cobalt_rookery            989    832    6    7    3     150m   11s
lily_undercroft           850    741    5    3    1     403m   32s
fluorite_stope            656    476    7    3    5      49m    6s
meteorite_cradle          562    495    9    6    4      61m    7s
bamboo_sea                527    469    2    0    1      86m   11s
vesper_flight             372    328    2    4    2      51m    9s
horseshoe_tide            344    299    3    1    2      25m    5s
waterbear_prairie         338    264    1    2    0      22m    5s
bayou_eyeshine            313    270    2    1    0      32m    7s
sockeye_stair             308    249    0    3    0      19m    5s
circuit_grotto            277    231    1    0    1     100m   25s
bee_cathedral             267    224    3    0    1     474m  121s
magnetite_choir           246    208    2    2    0     195m   51s
peony_shell               220    183    0    0    0      18m    5s
wild_yeast                219    182    1    0    0     237m   69s
pomegranate_vault         218    187    1    1    1     890m  259s
ruby_furnace              209    174    1    2    0      66m   21s
whale_fall_republic       205    172    1    2    1      21m    7s
brinicle_grove            203    162    1    0    0      20m    7s
caddis_masonry            185    160    0    0    0      24m    8s
chalk_cellar              179    162    1    1    0      12m    4s
saguaro_vigil             176    156    4    0    0      15m    5s
magellanic_mob            166    144    2    1    0     298m  113s
voltaic_shoal             165    129    0    0    0      17m    7s
fiddler_commons           154    129    1    0    0     290m  122s
termite_citadel           153    134    0    1    0      19m    8s
cacao_temper              140    120    1    2    0     457m  202s
prairie_town                ?      ?    0    0    0        ?    ?s

appended 34 rows to outbox/ig_insights.jsonl
  black_hole               gju1m1BS9wc  SKIP (unavailable (private/removed?))
  natron_skein             4QubfaDo7Ao  SKIP (unavailable (private/removed?))
  fluorite_stope           _NFNFXrmTRQ  SKIP (unavailable (private/removed?))
  bromeliad_tank           KCXxrObctZ8  SKIP (unavailable (private/removed?))
  prairie_town             kOzqbcqO16o  SKIP (unavailable (private/removed?))

journey                      views  likes  like%
wild_yeast                    1244      4   0.3%
fiddler_commons               1189      4   0.3%
peony_shell                   1129      4   0.4%
food_chain                    1095     11   1.0%
eclipse_waterhole             1001      4   0.4%
caddis_masonry                 985      7   0.7%
salt_mirror                    973      3   0.3%
cobalt_rookery                 940      7   0.7%
cosmic_scales_remix            869      6   0.7%
voltaic_shoal                  651      5   0.8%
tide_glass                     596      1   0.2%
meteorite_cradle               415      2   0.5%
snowfall                       414      6   1.4%
ruby_furnace                   266      1   0.4%
butterfly_meridian             222      4   1.8%
whale_fall_republic            157      0   0.0%
tide_of_life                   137      2   1.5%
sockeye_stair                  128      0   0.0%
cinder_veil                    114      1   0.9%
termite_citadel                 90      3   3.3%
bee_cathedral                   80      0   0.0%
vesper_flight                   70      0   0.0%
circuit_grotto                  67      1   1.5%
resonance_hall                  52      0   0.0%
magellanic_mob                  47      0   0.0%
abyssal_chandelier              41      1   2.4%
winter_murmuration              38      3   7.9%
cartographer                    32      1   3.1%
alexandria                      31      2   6.5%
circuit_city                    31      1   3.2%
night_bloom                     23      2   8.7%
dollhouse                       19      1   5.3%
night_bloom_remix               16      1   6.2%
jade_automata                   15      1   6.7%
ember_meadow                    14      0   0.0%
squid_lantern                   12      0   0.0%
quantum_orrery                  11      0   0.0%
chalk_cellar                    11      1   9.1%
mineral_heart                   10      1  10.0%
pomegranate_vault               10      0   0.0%
waterbear_prairie               10      0   0.0%
physarum_maze                    9      0   0.0%
frost_window                     8      0   0.0%
ivory_gambit                     8      0   0.0%
brinicle_grove                   8      0   0.0%
sundew_snare                     7      0   0.0%
chameleon_prism                  7      0   0.0%
sugar_nebula                     6      0   0.0%
tesla_garden                     6      0   0.0%
ink_dynasty                      6      0   0.0%
lichen_moor                      6      0   0.0%
magnetite_choir                  6      0   0.0%
lather_atlas                     5      1  20.0%
copper_rain                      5      0   0.0%
geode_cosmos                     5      1  20.0%
desert_rosette                   5      1  20.0%
cave_of_numbers                  4      1  25.0%
pollen_court                     4      0   0.0%
glass_apiary                     4      0   0.0%
lantern_mangrove                 4      0   0.0%
horseshoe_tide                   4      0   0.0%
bayou_eyeshine                   4      0   0.0%
moth_orchard_night               3      0   0.0%
lily_undercroft                  3      0   0.0%
chalkboard_infinities            2      0   0.0%
velvet_atlas                     1      0   0.0%
bamboo_sea                       1      0   0.0%
saguaro_vigil                    1      0   0.0%
cacao_temper                     1      0   0.0%

69 videos, 13,388 total YouTube views (5 skipped) -> outbox/yt_stats.jsonl
