=== 22:12:26 not yet — next post at 2026-08-17 23:00 (cadence 19.0h)
=== 22:12:39 gate open (scheduled 2026-08-17 22:00) — running poster
followers: 39   ('39 Followers, 6 Following, 38 Posts - See Instagram photos and videos from Power')
reels on grid: 33 (trusted-hover pass, 33 with likes)

journey                     views  likes  like%  code
night_bloom_remix            2090     28   1.3%  Dbg3QOnxpQi
cosmic_scales_remix          1699     28   1.6%  DbbtqMVtunf
salt_mirror                   632      1   0.2%  DcBQ7cpxIRg
mineral_heart                 575     17   3.0%  Dbk8L2hpUfz
cave_of_numbers               369      5   1.4%  DbmA2MBQ0Ft
copper_rain                   319      8   2.5%  DbsqkAqu7OB
butterfly_meridian            308     15   4.9%  DbiXYvTxGr9
sugar_nebula                  272      1   0.4%  Db0Y8-qO1-Q
circuit_city                  247      7   2.8%  DbeSdr0uWQe
food_chain                    240      2   0.8%  DbZI3tOMPqL
tesla_garden                  214     10   4.7%  DbvPXOBPRP8
?                             203      2   1.0%  DbRslvuJmwq
dollhouse                     174      4   2.3%  DbfylfKtqYd
cartographer                  167      5   3.0%  DbdS6MlhTBU
snowfall                      166      3   1.8%  Dba1KIBhz3b
?                             166      3   1.8%  DbUAppwshJV
velvet_atlas                  163      6   3.7%  DbwUB8zQlsm
glass_apiary                  162      3   1.9%  DbrKbv5BzMr
frost_window                  161      2   1.2%  DbolpFYs3Tq
cinder_veil                   155      1   0.6%  Db_wy6SMj1f
ink_dynasty                   153      8   5.2%  Db1dnXug0Om
tide_glass                    152      2   1.3%  Db-sIZ8JNWA
chalkboard_infinities         151      4   2.6%  Dby40v0t29S
midnight_kitchen              151      4   2.6%  DbTB20SvVx6
quantum_orrery                149      3   2.0%  DbqFxM6R-lR
pollen_court                  148      4   2.7%  DbtvOrQMd-j
resonance_hall                141      4   2.8%  Db9L_ofszjn
lather_atlas                  140      2   1.4%  Dbng-e1hZRb
jade_automata                 137      9   6.6%  DbjcDhyO_9n
alexandria                    127      4   3.1%  DbYP5WcutsC
lichen_moor                   125      2   1.6%  Db29vr7gb7Y
tide_of_life                   76      2   2.6%  DbVob6pJnSg
alexandria                     69      2   2.9%  DbWkGPOBLzg

snapshot appended to outbox/ig_stats.jsonl (33 rows)
Posting: squid_lantern  (file: review_divein/squid_lantern_ds_divein.mp4, ds/divein)
  ⏸ skipping paused platform(s): tiktok
  youtube: https://youtube.com/shorts/UKA-Tw6-4as
  instagram: https://www.instagram.com/powers.of.zen/reel/DcKg2bhhBG0/

Summary: {
  "youtube": "https://youtube.com/shorts/UKA-Tw6-4as",
  "instagram": "https://www.instagram.com/powers.of.zen/reel/DcKg2bhhBG0/"
}
⚠ flags recorded in /mnt/c/Users/Phil/zoomer/outbox/flags.jsonl — review before next run.
=== 22:14:22 next post: 2026-08-18 17:00
=== 17:06:18 gate open (scheduled 2026-08-18 17:00) — running poster
followers: 41   ('41 Followers, 6 Following, 39 Posts - See Instagram photos and videos from Power')
reels on grid: 27 (trusted-hover pass, 27 with likes)

journey                     views  likes  like%  code
night_bloom_remix            2090     28   1.3%  Dbg3QOnxpQi
cosmic_scales_remix          1700     28   1.6%  DbbtqMVtunf
mineral_heart                 576     17   3.0%  Dbk8L2hpUfz
cave_of_numbers               369      5   1.4%  DbmA2MBQ0Ft
copper_rain                   320      8   2.5%  DbsqkAqu7OB
butterfly_meridian            309     15   4.9%  DbiXYvTxGr9
sugar_nebula                  272      1   0.4%  Db0Y8-qO1-Q
circuit_city                  248      7   2.8%  DbeSdr0uWQe
food_chain                    240      2   0.8%  DbZI3tOMPqL
tesla_garden                  214     10   4.7%  DbvPXOBPRP8
?                             204      2   1.0%  DbRslvuJmwq
dollhouse                     174      4   2.3%  DbfylfKtqYd
cartographer                  167      5   3.0%  DbdS6MlhTBU
?                             167      3   1.8%  DbUAppwshJV
snowfall                      166      3   1.8%  Dba1KIBhz3b
velvet_atlas                  165      6   3.6%  DbwUB8zQlsm
glass_apiary                  162      3   1.9%  DbrKbv5BzMr
frost_window                  162      2   1.2%  DbolpFYs3Tq
chalkboard_infinities         152      4   2.6%  Dby40v0t29S
midnight_kitchen              151      4   2.6%  DbTB20SvVx6
pollen_court                  149      4   2.7%  DbtvOrQMd-j
quantum_orrery                149      3   2.0%  DbqFxM6R-lR
lather_atlas                  140      2   1.4%  Dbng-e1hZRb
jade_automata                 138      9   6.5%  DbjcDhyO_9n
alexandria                    127      4   3.1%  DbYP5WcutsC
tide_of_life                   77      2   2.6%  DbVob6pJnSg
alexandria                     69      2   2.9%  DbWkGPOBLzg

snapshot appended to outbox/ig_stats.jsonl (27 rows)
Posting: sundew_snare  (file: review_divein/sundew_snare_ds_divein_shift.mp4, ds/divein)
  ⏸ skipping paused platform(s): tiktok
  youtube: https://youtube.com/shorts/y47k-SGvuxI
  instagram: https://www.instagram.com/powers.of.zen/reel/DcMilj8BvPm/

Summary: {
  "youtube": "https://youtube.com/shorts/y47k-SGvuxI",
  "instagram": "https://www.instagram.com/powers.of.zen/reel/DcMilj8BvPm/"
}
⚠ flags recorded in /mnt/c/Users/Phil/zoomer/outbox/flags.jsonl — review before next run.
=== 17:08:09 next post: 2026-08-19 12:00
=== 19:05:22 not yet — next post at 2026-08-19 12:00 (cadence 19.0h)
PowersOfZen Chrome already up (CDP :9222)
=== 19:36:23 not yet — next post at 2026-08-19 12:00 (cadence 19.0h)
PowersOfZen Chrome already up (CDP :9222)
=== 20:05:21 not yet — next post at 2026-08-19 12:00 (cadence 19.0h)
PowersOfZen Chrome already up (CDP :9222)
=== 21:05:22 not yet — next post at 2026-08-19 12:00 (cadence 19.0h)
PowersOfZen Chrome already up (CDP :9222)
=== 22:05:22 not yet — next post at 2026-08-19 12:00 (cadence 19.0h)
PowersOfZen Chrome already up (CDP :9222)
=== 23:05:22 not yet — next post at 2026-08-19 12:00 (cadence 19.0h)
PowersOfZen Chrome already up (CDP :9222)
=== 00:05:22 not yet — next post at 2026-08-19 12:00 (cadence 19.0h)
PowersOfZen Chrome already up (CDP :9222)
=== 01:05:22 not yet — next post at 2026-08-19 12:00 (cadence 19.0h)
PowersOfZen Chrome already up (CDP :9222)
=== 02:05:22 not yet — next post at 2026-08-19 12:00 (cadence 19.0h)
PowersOfZen Chrome already up (CDP :9222)
=== 03:05:22 not yet — next post at 2026-08-19 12:00 (cadence 19.0h)
PowersOfZen Chrome already up (CDP :9222)
=== 04:05:22 not yet — next post at 2026-08-19 12:00 (cadence 19.0h)
PowersOfZen Chrome already up (CDP :9222)
=== 05:05:24 not yet — next post at 2026-08-19 12:00 (cadence 19.0h)
PowersOfZen Chrome already up (CDP :9222)
=== 06:05:22 not yet — next post at 2026-08-19 12:00 (cadence 19.0h)
PowersOfZen Chrome already up (CDP :9222)
=== 07:05:22 not yet — next post at 2026-08-19 12:00 (cadence 19.0h)
PowersOfZen Chrome already up (CDP :9222)
=== 08:00:22 not yet — next post at 2026-08-19 12:00 (cadence 19.0h)
PowersOfZen Chrome already up (CDP :9222)
=== 08:05:22 not yet — next post at 2026-08-19 12:00 (cadence 19.0h)
PowersOfZen Chrome already up (CDP :9222)
=== 09:05:24 not yet — next post at 2026-08-19 12:00 (cadence 19.0h)
PowersOfZen Chrome already up (CDP :9222)
=== 10:05:21 not yet — next post at 2026-08-19 12:00 (cadence 19.0h)
PowersOfZen Chrome already up (CDP :9222)
=== 11:05:22 not yet — next post at 2026-08-19 12:00 (cadence 19.0h)
PowersOfZen Chrome already up (CDP :9222)
=== 12:05:22 gate open (scheduled 2026-08-19 12:00) — running poster
followers: 53   ('53 Followers, 6 Following, 40 Posts - See Instagram photos and videos from Power')
reels on grid: 28 (trusted-hover pass, 28 with likes)

journey                     views  likes  like%  code
night_bloom_remix            2090     28   1.3%  Dbg3QOnxpQi
cosmic_scales_remix          1702     28   1.6%  DbbtqMVtunf
salt_mirror                   638      1   0.2%  DcBQ7cpxIRg
mineral_heart                 576     17   3.0%  Dbk8L2hpUfz
cave_of_numbers               369      5   1.4%  DbmA2MBQ0Ft
copper_rain                   320      8   2.5%  DbsqkAqu7OB
butterfly_meridian            310     15   4.8%  DbiXYvTxGr9
sugar_nebula                  272      1   0.4%  Db0Y8-qO1-Q
circuit_city                  249      7   2.8%  DbeSdr0uWQe
tesla_garden                  214     10   4.7%  DbvPXOBPRP8
dollhouse                     174      4   2.3%  DbfylfKtqYd
cartographer                  167      5   3.0%  DbdS6MlhTBU
velvet_atlas                  165      6   3.6%  DbwUB8zQlsm
glass_apiary                  162      3   1.9%  DbrKbv5BzMr
frost_window                  162      2   1.2%  DbolpFYs3Tq
cinder_veil                   159      1   0.6%  Db_wy6SMj1f
tide_glass                    157      2   1.3%  Db-sIZ8JNWA
moth_orchard_night            154      7   4.5%  DcE6Y9Murh5
ink_dynasty                   154      8   5.2%  Db1dnXug0Om
chalkboard_infinities         152      4   2.6%  Dby40v0t29S
pollen_court                  149      4   2.7%  DbtvOrQMd-j
quantum_orrery                149      3   2.0%  DbqFxM6R-lR
resonance_hall                146      4   2.7%  Db9L_ofszjn
abyssal_chandelier            143      2   1.4%  DcCVl5qtz4w
lather_atlas                  140      2   1.4%  Dbng-e1hZRb
jade_automata                 140      9   6.4%  DbjcDhyO_9n
ivory_gambit                  132      3   2.3%  DcD1ubzp9IM
lichen_moor                   127      2   1.6%  Db29vr7gb7Y

snapshot appended to outbox/ig_stats.jsonl (28 rows)
Posting: ember_meadow  (file: review_divein/ember_meadow_ds_divein_shift.mp4, ds/divein)
  ⏸ skipping paused platform(s): tiktok
  youtube: https://youtube.com/shorts/rJgcWxPjU6U
  instagram: https://www.instagram.com/powers.of.zen/reel/DcOk8BQACG5/

Summary: {
  "youtube": "https://youtube.com/shorts/rJgcWxPjU6U",
  "instagram": "https://www.instagram.com/powers.of.zen/reel/DcOk8BQACG5/"
}
⚠ flags recorded in /mnt/c/Users/Phil/zoomer/outbox/flags.jsonl — review before next run.
=== 12:06:52 next post: 2026-08-20 07:00
=== 13:06:49 not yet — next post at 2026-08-20 07:00 (cadence 19.0h)
=== 13:23:46 not yet — next post at 2026-08-20 07:00 (cadence 19.0h)
=== 13:29:43 not yet — next post at 2026-08-20 07:00 (cadence 19.0h)
=== 14:05:02 not yet — next post at 2026-08-20 07:00 (cadence 19.0h)
=== 15:05:01 not yet — next post at 2026-08-20 07:00 (cadence 19.0h)
=== 16:05:02 not yet — next post at 2026-08-20 07:00 (cadence 19.0h)
=== 17:05:02 not yet — next post at 2026-08-20 07:00 (cadence 19.0h)
=== 18:00:01 not yet — next post at 2026-08-20 07:00 (cadence 19.0h)
=== 18:05:01 not yet — next post at 2026-08-20 07:00 (cadence 19.0h)
=== 19:05:02 not yet — next post at 2026-08-20 07:00 (cadence 19.0h)
=== 20:05:01 not yet — next post at 2026-08-20 07:00 (cadence 19.0h)
=== 21:05:02 not yet — next post at 2026-08-20 07:00 (cadence 19.0h)
=== 22:05:01 not yet — next post at 2026-08-20 07:00 (cadence 19.0h)
=== 23:05:02 not yet — next post at 2026-08-20 07:00 (cadence 19.0h)
=== 00:05:02 not yet — next post at 2026-08-20 07:00 (cadence 19.0h)
=== 01:05:02 not yet — next post at 2026-08-20 07:00 (cadence 19.0h)
=== 02:05:03 not yet — next post at 2026-08-20 07:00 (cadence 19.0h)
=== 03:05:02 not yet — next post at 2026-08-20 07:00 (cadence 19.0h)
=== 04:05:01 not yet — next post at 2026-08-20 07:00 (cadence 19.0h)
=== 05:05:01 not yet — next post at 2026-08-20 07:00 (cadence 19.0h)
=== 06:05:01 not yet — next post at 2026-08-20 07:00 (cadence 19.0h)
=== 07:05:01 gate open (scheduled 2026-08-20 07:00) — running poster
followers: 53   ('53 Followers, 6 Following, 41 Posts - See Instagram photos and videos from Power')
reels on grid: 28 (trusted-hover pass, 28 with likes)

journey                     views  likes  like%  code
night_bloom_remix            2090     28   1.3%  Dbg3QOnxpQi
geode_cosmos                 1509     33   2.2%  DcGahIISzJw
salt_mirror                   639      1   0.2%  DcBQ7cpxIRg
mineral_heart                 576     17   3.0%  Dbk8L2hpUfz
cave_of_numbers               369      5   1.4%  DbmA2MBQ0Ft
copper_rain                   320      8   2.5%  DbsqkAqu7OB
butterfly_meridian            310     15   4.8%  DbiXYvTxGr9
sugar_nebula                  272      1   0.4%  Db0Y8-qO1-Q
circuit_city                  249      7   2.8%  DbeSdr0uWQe
tesla_garden                  214     10   4.7%  DbvPXOBPRP8
dollhouse                     174      4   2.3%  DbfylfKtqYd
cartographer                  167      5   3.0%  DbdS6MlhTBU
velvet_atlas                  166      6   3.6%  DbwUB8zQlsm
glass_apiary                  162      3   1.9%  DbrKbv5BzMr
frost_window                  162      2   1.2%  DbolpFYs3Tq
cinder_veil                   160      1   0.6%  Db_wy6SMj1f
tide_glass                    157      2   1.3%  Db-sIZ8JNWA
moth_orchard_night            155      7   4.5%  DcE6Y9Murh5
ink_dynasty                   155      8   5.2%  Db1dnXug0Om
chalkboard_infinities         152      4   2.6%  Dby40v0t29S
pollen_court                  149      4   2.7%  DbtvOrQMd-j
quantum_orrery                149      3   2.0%  DbqFxM6R-lR
resonance_hall                146      4   2.7%  Db9L_ofszjn
abyssal_chandelier            144      2   1.4%  DcCVl5qtz4w
lather_atlas                  140      2   1.4%  Dbng-e1hZRb
jade_automata                 140      9   6.4%  DbjcDhyO_9n
ivory_gambit                  133      3   2.3%  DcD1ubzp9IM
lichen_moor                   128      2   1.6%  Db29vr7gb7Y

snapshot appended to outbox/ig_stats.jsonl (28 rows)
Posting: desert_rosette  (file: review_divein/desert_rosette_ds_divein_shift.mp4, ds/divein)
  ⏸ skipping paused platform(s): tiktok
  youtube: https://youtube.com/shorts/Ix5KQk1sx_A
  instagram: https://www.instagram.com/powers.of.zen/reel/DcQnXQrhkHn/

Summary: {
  "youtube": "https://youtube.com/shorts/Ix5KQk1sx_A",
  "instagram": "https://www.instagram.com/powers.of.zen/reel/DcQnXQrhkHn/"
}
=== 07:06:40 next post: 2026-08-21 02:00
=== 08:00:02 not yet — next post at 2026-08-21 02:00 (cadence 19.0h)
=== 08:05:02 not yet — next post at 2026-08-21 02:00 (cadence 19.0h)
=== 09:05:01 not yet — next post at 2026-08-21 02:00 (cadence 19.0h)
=== 10:05:01 not yet — next post at 2026-08-21 02:00 (cadence 19.0h)
=== 11:05:02 not yet — next post at 2026-08-21 02:00 (cadence 19.0h)
=== 12:05:01 not yet — next post at 2026-08-21 02:00 (cadence 19.0h)
=== 13:05:02 not yet — next post at 2026-08-21 02:00 (cadence 19.0h)
=== 14:05:01 not yet — next post at 2026-08-21 02:00 (cadence 19.0h)
=== 15:05:02 not yet — next post at 2026-08-21 02:00 (cadence 19.0h)
=== 16:05:01 not yet — next post at 2026-08-21 02:00 (cadence 19.0h)
=== 17:05:02 not yet — next post at 2026-08-21 02:00 (cadence 19.0h)
=== 18:00:02 not yet — next post at 2026-08-21 02:00 (cadence 19.0h)
=== 18:05:02 not yet — next post at 2026-08-21 02:00 (cadence 19.0h)
=== 19:05:01 not yet — next post at 2026-08-21 02:00 (cadence 19.0h)
=== 20:05:03 not yet — next post at 2026-08-21 02:00 (cadence 19.0h)
=== 21:05:02 not yet — next post at 2026-08-21 02:00 (cadence 19.0h)
=== 22:05:01 not yet — next post at 2026-08-21 02:00 (cadence 19.0h)
=== 23:05:01 not yet — next post at 2026-08-21 02:00 (cadence 19.0h)
=== 00:05:01 not yet — next post at 2026-08-21 02:00 (cadence 19.0h)
=== 01:05:01 not yet — next post at 2026-08-21 02:00 (cadence 19.0h)
=== 02:05:02 gate open (scheduled 2026-08-21 02:00) — running poster
followers: 55   ('55 Followers, 8 Following, 42 Posts - See Instagram photos and videos from Power')
reels on grid: 28 (trusted-hover pass, 28 with likes)

journey                     views  likes  like%  code
squid_lantern                2979     58   1.9%  DcKg2bhhBG0
night_bloom_remix            2090     28   1.3%  Dbg3QOnxpQi
geode_cosmos                 1509     33   2.2%  DcGahIISzJw
salt_mirror                   639      1   0.2%  DcBQ7cpxIRg
mineral_heart                 576     17   3.0%  Dbk8L2hpUfz
cave_of_numbers               369      5   1.4%  DbmA2MBQ0Ft
copper_rain                   320      8   2.5%  DbsqkAqu7OB
butterfly_meridian            310     15   4.8%  DbiXYvTxGr9
sugar_nebula                  272      1   0.4%  Db0Y8-qO1-Q
circuit_city                  249      7   2.8%  DbeSdr0uWQe
tesla_garden                  214     10   4.7%  DbvPXOBPRP8
dollhouse                     174      4   2.3%  DbfylfKtqYd
velvet_atlas                  166      6   3.6%  DbwUB8zQlsm
glass_apiary                  162      3   1.9%  DbrKbv5BzMr
frost_window                  162      2   1.2%  DbolpFYs3Tq
cinder_veil                   160      1   0.6%  Db_wy6SMj1f
moth_orchard_night            157      7   4.5%  DcE6Y9Murh5
tide_glass                    157      2   1.3%  Db-sIZ8JNWA
ink_dynasty                   155      8   5.2%  Db1dnXug0Om
chalkboard_infinities         152      4   2.6%  Dby40v0t29S
pollen_court                  149      4   2.7%  DbtvOrQMd-j
quantum_orrery                149      3   2.0%  DbqFxM6R-lR
resonance_hall                146      4   2.7%  Db9L_ofszjn
abyssal_chandelier            144      2   1.4%  DcCVl5qtz4w
lather_atlas                  140      2   1.4%  Dbng-e1hZRb
jade_automata                 140      9   6.4%  DbjcDhyO_9n
ivory_gambit                  133      3   2.3%  DcD1ubzp9IM
lichen_moor                   128      2   1.6%  Db29vr7gb7Y

snapshot appended to outbox/ig_stats.jsonl (28 rows)
Posting: chameleon_prism  (file: production/chameleon_prism_ds_shift.mp4, ds/zoomout)
  ⏸ skipping paused platform(s): tiktok
  youtube: https://youtube.com/shorts/NHCdYSPfkJ4
  instagram: https://www.instagram.com/powers.of.zen/reel/DcSp1LvuwkB/

Summary: {
  "youtube": "https://youtube.com/shorts/NHCdYSPfkJ4",
  "instagram": "https://www.instagram.com/powers.of.zen/reel/DcSp1LvuwkB/"
}
=== 02:06:43 next post: 2026-08-21 21:00
=== 03:05:01 not yet — next post at 2026-08-21 21:00 (cadence 19.0h)
=== 04:05:02 not yet — next post at 2026-08-21 21:00 (cadence 19.0h)
=== 05:05:01 not yet — next post at 2026-08-21 21:00 (cadence 19.0h)
=== 06:05:01 not yet — next post at 2026-08-21 21:00 (cadence 19.0h)
=== 07:05:01 not yet — next post at 2026-08-21 21:00 (cadence 19.0h)
=== 08:00:01 not yet — next post at 2026-08-21 21:00 (cadence 19.0h)
=== 08:05:01 not yet — next post at 2026-08-21 21:00 (cadence 19.0h)
=== 09:05:01 not yet — next post at 2026-08-21 21:00 (cadence 19.0h)
=== 10:05:01 not yet — next post at 2026-08-21 21:00 (cadence 19.0h)
=== 11:05:01 not yet — next post at 2026-08-21 21:00 (cadence 19.0h)
=== 12:05:01 not yet — next post at 2026-08-21 21:00 (cadence 19.0h)
=== 13:05:01 not yet — next post at 2026-08-21 21:00 (cadence 19.0h)
=== 14:05:01 not yet — next post at 2026-08-21 21:00 (cadence 19.0h)
=== 15:05:01 not yet — next post at 2026-08-21 21:00 (cadence 19.0h)
=== 16:05:02 not yet — next post at 2026-08-21 21:00 (cadence 19.0h)
=== 17:05:01 not yet — next post at 2026-08-21 21:00 (cadence 19.0h)
=== 18:00:02 not yet — next post at 2026-08-21 21:00 (cadence 19.0h)
=== 18:05:01 not yet — next post at 2026-08-21 21:00 (cadence 19.0h)
=== 19:05:01 not yet — next post at 2026-08-21 21:00 (cadence 19.0h)
=== 20:05:01 not yet — next post at 2026-08-21 21:00 (cadence 19.0h)
=== 21:05:01 gate open (scheduled 2026-08-21 21:00) — running poster
followers: 59   ('59 Followers, 9 Following, 43 Posts - See Instagram photos and videos from Power')
reels on grid: 28 (trusted-hover pass, 28 with likes)

journey                     views  likes  like%  code
squid_lantern                2982     58   1.9%  DcKg2bhhBG0
night_bloom_remix            2091     28   1.3%  Dbg3QOnxpQi
geode_cosmos                 1511     33   2.2%  DcGahIISzJw
sundew_snare                 1409     73   5.2%  DcMilj8BvPm
salt_mirror                   640      1   0.2%  DcBQ7cpxIRg
mineral_heart                 576     17   3.0%  Dbk8L2hpUfz
cave_of_numbers               369      5   1.4%  DbmA2MBQ0Ft
copper_rain                   320      8   2.5%  DbsqkAqu7OB
butterfly_meridian            310     15   4.8%  DbiXYvTxGr9
sugar_nebula                  273      1   0.4%  Db0Y8-qO1-Q
tesla_garden                  214     10   4.7%  DbvPXOBPRP8
dollhouse                     174      4   2.3%  DbfylfKtqYd
velvet_atlas                  166      6   3.6%  DbwUB8zQlsm
glass_apiary                  162      3   1.9%  DbrKbv5BzMr
frost_window                  162      2   1.2%  DbolpFYs3Tq
cinder_veil                   161      1   0.6%  Db_wy6SMj1f
tide_glass                    158      2   1.3%  Db-sIZ8JNWA
moth_orchard_night            157      7   4.5%  DcE6Y9Murh5
ink_dynasty                   155      8   5.2%  Db1dnXug0Om
chalkboard_infinities         153      4   2.6%  Dby40v0t29S
pollen_court                  149      4   2.7%  DbtvOrQMd-j
quantum_orrery                149      3   2.0%  DbqFxM6R-lR
resonance_hall                146      4   2.7%  Db9L_ofszjn
abyssal_chandelier            144      2   1.4%  DcCVl5qtz4w
lather_atlas                  140      2   1.4%  Dbng-e1hZRb
jade_automata                 140      9   6.4%  DbjcDhyO_9n
ivory_gambit                  133      3   2.3%  DcD1ubzp9IM
lichen_moor                   128      2   1.6%  Db29vr7gb7Y

snapshot appended to outbox/ig_stats.jsonl (28 rows)
Posting: physarum_maze  (file: review_divein/physarum_maze_ds_divein.mp4, ds/divein)
  ⏸ skipping paused platform(s): tiktok
  youtube: https://youtube.com/shorts/AaYBAs3IvGk
  instagram: https://www.instagram.com/powers.of.zen/reel/DcUsSy3pWpB/

Summary: {
  "youtube": "https://youtube.com/shorts/AaYBAs3IvGk",
  "instagram": "https://www.instagram.com/powers.of.zen/reel/DcUsSy3pWpB/"
}
=== 21:06:41 next post: 2026-08-22 16:00
=== 22:05:01 not yet — next post at 2026-08-22 16:00 (cadence 19.0h)
=== 23:05:01 not yet — next post at 2026-08-22 16:00 (cadence 19.0h)
=== 00:04:59 not yet — next post at 2026-08-22 16:00 (cadence 19.0h)
=== 01:05:03 not yet — next post at 2026-08-22 16:00 (cadence 19.0h)
=== 02:05:00 not yet — next post at 2026-08-22 16:00 (cadence 19.0h)
=== 03:05:01 not yet — next post at 2026-08-22 16:00 (cadence 19.0h)
=== 04:05:02 not yet — next post at 2026-08-22 16:00 (cadence 19.0h)
=== 05:05:00 not yet — next post at 2026-08-22 16:00 (cadence 19.0h)
=== 06:05:01 not yet — next post at 2026-08-22 16:00 (cadence 19.0h)
=== 07:05:00 not yet — next post at 2026-08-22 16:00 (cadence 19.0h)
=== 08:00:01 not yet — next post at 2026-08-22 16:00 (cadence 19.0h)
=== 08:05:02 not yet — next post at 2026-08-22 16:00 (cadence 19.0h)
=== 09:05:01 not yet — next post at 2026-08-22 16:00 (cadence 19.0h)
=== 10:05:02 not yet — next post at 2026-08-22 16:00 (cadence 19.0h)
=== 11:05:01 not yet — next post at 2026-08-22 16:00 (cadence 19.0h)
=== 12:05:00 not yet — next post at 2026-08-22 16:00 (cadence 19.0h)
=== 13:05:01 not yet — next post at 2026-08-22 16:00 (cadence 19.0h)
=== 14:05:01 not yet — next post at 2026-08-22 16:00 (cadence 19.0h)
=== 15:05:01 not yet — next post at 2026-08-22 16:00 (cadence 19.0h)
=== 16:05:02 gate open (scheduled 2026-08-22 16:00) — running poster
followers: 60   ('60 Followers, 11 Following, 44 Posts - See Instagram photos and videos from Powe')
reels on grid: 44 (trusted-hover pass, 43 with likes)

journey                     views  likes  like%  code
squid_lantern                2986     59   2.0%  DcKg2bhhBG0
night_bloom_remix            2091     28   1.3%  Dbg3QOnxpQi
cosmic_scales_remix          1702     28   1.6%  DbbtqMVtunf
geode_cosmos                 1513     33   2.2%  DcGahIISzJw
sundew_snare                 1412     74   5.2%  DcMilj8BvPm
desert_rosette               1376     35   2.5%  DcQnXQrhkHn
physarum_maze                1252     25   2.0%  DcUsSy3pWpB
salt_mirror                   641      1   0.2%  DcBQ7cpxIRg
mineral_heart                 576     17   3.0%  Dbk8L2hpUfz
cave_of_numbers               369      5   1.4%  DbmA2MBQ0Ft
copper_rain                   320      8   2.5%  DbsqkAqu7OB
ember_meadow                  316      6   1.9%  DcOk8BQACG5
butterfly_meridian            310     15   4.8%  DbiXYvTxGr9
sugar_nebula                  273      1   0.4%  Db0Y8-qO1-Q
circuit_city                  249      7   2.8%  DbeSdr0uWQe
food_chain                    240      2   0.8%  DbZI3tOMPqL
tesla_garden                  214     10   4.7%  DbvPXOBPRP8
?                             204      2   1.0%  DbRslvuJmwq
dollhouse                     174      4   2.3%  DbfylfKtqYd
cartographer                  167      5   3.0%  DbdS6MlhTBU
?                             167      3   1.8%  DbUAppwshJV
velvet_atlas                  166      6   3.6%  DbwUB8zQlsm
snowfall                      166      3   1.8%  Dba1KIBhz3b
cinder_veil                   163      1   0.6%  Db_wy6SMj1f
glass_apiary                  162      3   1.9%  DbrKbv5BzMr
frost_window                  162      2   1.2%  DbolpFYs3Tq
tide_glass                    160      2   1.2%  Db-sIZ8JNWA
chameleon_prism               159      4   2.5%  DcSp1LvuwkB
moth_orchard_night            159      7   4.4%  DcE6Y9Murh5
ink_dynasty                   156      8   5.1%  Db1dnXug0Om
chalkboard_infinities         153      4   2.6%  Dby40v0t29S
resonance_hall                152      4   2.6%  Db9L_ofszjn
midnight_kitchen              151      4   2.6%  DbTB20SvVx6
pollen_court                  149      4   2.7%  DbtvOrQMd-j
quantum_orrery                149      3   2.0%  DbqFxM6R-lR
abyssal_chandelier            146      2   1.4%  DcCVl5qtz4w
lather_atlas                  140      2   1.4%  Dbng-e1hZRb
jade_automata                 140      9   6.4%  DbjcDhyO_9n
ivory_gambit                  136      3   2.2%  DcD1ubzp9IM
lichen_moor                   130      2   1.5%  Db29vr7gb7Y
alexandria                    127      4   3.1%  DbYP5WcutsC
tide_of_life                   77      2   2.6%  DbVob6pJnSg
alexandria                     69      2   2.9%  DbWkGPOBLzg
brinicle_grove                  ?      ?      ?  DcWuv6DhbSb

snapshot appended to outbox/ig_stats.jsonl (44 rows)
Posting: brinicle_grove  (file: production/brinicle_grove_ds_shift.mp4, ds/zoomout)
  ⏸ skipping paused platform(s): tiktok
  youtube: https://youtube.com/shorts/KNbx-m6DL00
  instagram: https://www.instagram.com/powers.of.zen/reel/DcWuv6DhbSb/

Summary: {
  "youtube": "https://youtube.com/shorts/KNbx-m6DL00",
  "instagram": "https://www.instagram.com/powers.of.zen/reel/DcWuv6DhbSb/"
}
=== 16:07:16 next post: 2026-08-23 11:00
=== 17:05:01 not yet — next post at 2026-08-23 11:00 (cadence 19.0h)
=== 18:00:02 not yet — next post at 2026-08-23 11:00 (cadence 19.0h)
=== 18:05:00 not yet — next post at 2026-08-23 11:00 (cadence 19.0h)
=== 19:05:01 not yet — next post at 2026-08-23 11:00 (cadence 19.0h)
=== 20:05:02 not yet — next post at 2026-08-23 11:00 (cadence 19.0h)
=== 21:05:01 not yet — next post at 2026-08-23 11:00 (cadence 19.0h)
=== 22:05:01 not yet — next post at 2026-08-23 11:00 (cadence 19.0h)
=== 23:04:59 not yet — next post at 2026-08-23 11:00 (cadence 19.0h)
=== 00:05:01 not yet — next post at 2026-08-23 11:00 (cadence 19.0h)
=== 01:05:01 not yet — next post at 2026-08-23 11:00 (cadence 19.0h)
=== 02:05:01 not yet — next post at 2026-08-23 11:00 (cadence 19.0h)
=== 03:05:01 not yet — next post at 2026-08-23 11:00 (cadence 19.0h)
=== 04:05:01 not yet — next post at 2026-08-23 11:00 (cadence 19.0h)
=== 05:05:01 not yet — next post at 2026-08-23 11:00 (cadence 19.0h)
=== 06:05:01 not yet — next post at 2026-08-23 11:00 (cadence 19.0h)
=== 07:05:01 not yet — next post at 2026-08-23 11:00 (cadence 19.0h)
=== 08:00:01 not yet — next post at 2026-08-23 11:00 (cadence 19.0h)
=== 08:05:01 not yet — next post at 2026-08-23 11:00 (cadence 19.0h)
=== 09:05:01 not yet — next post at 2026-08-23 11:00 (cadence 19.0h)
=== 10:05:01 not yet — next post at 2026-08-23 11:00 (cadence 19.0h)
=== 11:05:01 gate open (scheduled 2026-08-23 11:00) — running poster
followers: 60   ('60 Followers, 13 Following, 44 Posts - See Instagram photos and videos from Powe')
reels on grid: 44 (trusted-hover pass, 44 with likes)

journey                     views  likes  like%  code
squid_lantern                2989     59   2.0%  DcKg2bhhBG0
night_bloom_remix            2091     28   1.3%  Dbg3QOnxpQi
cosmic_scales_remix          1703     28   1.6%  DbbtqMVtunf
physarum_maze                1644     30   1.8%  DcUsSy3pWpB
geode_cosmos                 1515     33   2.2%  DcGahIISzJw
sundew_snare                 1440     74   5.1%  DcMilj8BvPm
desert_rosette               1385     35   2.5%  DcQnXQrhkHn
salt_mirror                   642      1   0.2%  DcBQ7cpxIRg
mineral_heart                 577     17   2.9%  Dbk8L2hpUfz
cave_of_numbers               369      5   1.4%  DbmA2MBQ0Ft
copper_rain                   322      8   2.5%  DbsqkAqu7OB
ember_meadow                  318      6   1.9%  DcOk8BQACG5
butterfly_meridian            310     15   4.8%  DbiXYvTxGr9
sugar_nebula                  274      1   0.4%  Db0Y8-qO1-Q
circuit_city                  250      7   2.8%  DbeSdr0uWQe
food_chain                    240      2   0.8%  DbZI3tOMPqL
tesla_garden                  215     10   4.7%  DbvPXOBPRP8
?                             205      2   1.0%  DbRslvuJmwq
dollhouse                     174      4   2.3%  DbfylfKtqYd
brinicle_grove                171      ?      ?  DcWuv6DhbSb
velvet_atlas                  167      6   3.6%  DbwUB8zQlsm
cartographer                  167      5   3.0%  DbdS6MlhTBU
?                             167      3   1.8%  DbUAppwshJV
cinder_veil                   166      1   0.6%  Db_wy6SMj1f
snowfall                      166      3   1.8%  Dba1KIBhz3b
chameleon_prism               162      4   2.5%  DcSp1LvuwkB
glass_apiary                  162      3   1.9%  DbrKbv5BzMr
frost_window                  162      2   1.2%  DbolpFYs3Tq
tide_glass                    161      2   1.2%  Db-sIZ8JNWA
moth_orchard_night            160      7   4.4%  DcE6Y9Murh5
ink_dynasty                   156      8   5.1%  Db1dnXug0Om
resonance_hall                154      4   2.6%  Db9L_ofszjn
chalkboard_infinities         153      4   2.6%  Dby40v0t29S
midnight_kitchen              151      4   2.6%  DbTB20SvVx6
quantum_orrery                150      3   2.0%  DbqFxM6R-lR
pollen_court                  149      4   2.7%  DbtvOrQMd-j
abyssal_chandelier            148      2   1.4%  DcCVl5qtz4w
jade_automata                 141      9   6.4%  DbjcDhyO_9n
lather_atlas                  140      2   1.4%  Dbng-e1hZRb
ivory_gambit                  138      3   2.2%  DcD1ubzp9IM
lichen_moor                   130      2   1.5%  Db29vr7gb7Y
alexandria                    128      4   3.1%  DbYP5WcutsC
tide_of_life                   78      2   2.6%  DbVob6pJnSg
alexandria                     69      2   2.9%  DbWkGPOBLzg

snapshot appended to outbox/ig_stats.jsonl (44 rows)
journey                 views  reach  shr  sav  fol    watch   avg
squid_lantern            2989   2167    ?    ?    ?        ?    ?s
night_bloom_remix        2091   1370    6    6    2     416m   14s
cosmic_scales_remix      1703   1476    6    6    1     172m    7s
physarum_maze            1644   1357    ?    ?    ?        ?    ?s
geode_cosmos             1515   1314    ?    ?    ?        ?    ?s
sundew_snare             1440   1294    ?    ?    ?        ?    ?s
desert_rosette           1385   1225    ?    ?    ?        ?    ?s
salt_mirror               642    535    1    0    2      73m    8s
mineral_heart             577    485    4    5    8     155m   18s
cave_of_numbers           369    320    0    1    1     217m   40s
copper_rain               322    258    1    2    1     494m  111s
ember_meadow              318    263    ?    ?    ?        ?    ?s
butterfly_meridian        310    285    1    0    2     121m   26s
sugar_nebula              274    219    1    1    0      73m   20s
circuit_city              250    224    2    3    1      30m    8s
food_chain                240    199    0    0    0      26m    8s
tesla_garden              215    189    1    1    1     405m  121s
?                         205    173    1    2    0      23m    7s
dollhouse                 174    141    0    2    0      98m   43s
brinicle_grove            171    142    ?    ?    ?        ?    ?s
velvet_atlas              167    134    0    1    0     222m   94s
cartographer              167    136    0    2    0      13m    6s
?                         167    129    0    0    0      14m    6s
cinder_veil               166    147    2    0    1     144m   57s
snowfall                  166    128    0    1    0      19m    8s
chameleon_prism           162    149    ?    ?    ?        ?    ?s
glass_apiary              162    139    0    0    0     757m  305s
frost_window              162    139    0    1    0     688m  285s
tide_glass                161    148    2    0    1      51m   20s
moth_orchard_night        160    134    ?    ?    ?        ?    ?s
ink_dynasty               156    139    0    2    0     108m   47s
resonance_hall            154    136    2    1    1      10m    4s
chalkboard_infinities     153    125    0    0    0     726m  328s
midnight_kitchen          151    128    2    0    0      11m    5s
quantum_orrery            150    141    0    1    0     512m  213s
pollen_court              149    137    0    0    0     689m  291s
abyssal_chandelier        148    129    ?    ?    ?        ?    ?s
jade_automata             141    120    2    1    1     141m   61s
lather_atlas              140    129    0    0    0       9m    5s
ivory_gambit              138    127    ?    ?    ?        ?    ?s
lichen_moor               130    116    0    0    0     158m   80s
alexandria                128    108    1    1    0       9m    5s
tide_of_life               78     69    0    0    0       9m    7s
night_bloom                69     51    0    0    0      12m   13s

appended 44 rows to outbox/ig_insights.jsonl
Posting: caddis_masonry  (file: production/caddis_masonry_ds_shift.mp4, ds/zoomout)
  ⏸ skipping paused platform(s): tiktok
  youtube: https://youtube.com/shorts/4QtziTRVMKY
  !! FLAG [instagram/unexpected] Connection timed out
     context: {"buttons":["Instagram","HomeHome","ReelsReels","MessagesMessages","SearchSearch","NotificationsNotifications","New postCreate","PostPost","Live videoLive video","AdAd","Profile","SettingsMore","cristina_faggionato","adam.mitchell1111","apeshit82","buhbeegurl","powers.of.zen","1w","AI creator","Original audio","More options","Audio is muted","Audio is muted","View insights","Boost reel","Like","4","Comment","Repost","Share"],"headings":[]}

Summary: {
  "youtube": "https://youtube.com/shorts/4QtziTRVMKY",
  "instagram": "ERROR: Connection timed out"
}
⚠ NEW flags recorded in /mnt/c/Users/Phil/zoomer/outbox/flags.jsonl this run — review before next run.
=== 11:10:33 next post: 2026-08-24 06:00
=== 12:05:01 not yet — next post at 2026-08-24 06:00 (cadence 19.0h)
=== 12:06:44 gate open (scheduled 2026-08-23 12:06) — running poster
followers: 62   ('62 Followers, 13 Following, 44 Posts - See Instagram photos and videos from Powe')
reels on grid: 44 (trusted-hover pass, 44 with likes)

journey                     views  likes  like%  code
squid_lantern                2989     59   2.0%  DcKg2bhhBG0
night_bloom_remix            2091     28   1.3%  Dbg3QOnxpQi
cosmic_scales_remix          1703     28   1.6%  DbbtqMVtunf
physarum_maze                1649     30   1.8%  DcUsSy3pWpB
geode_cosmos                 1515     33   2.2%  DcGahIISzJw
sundew_snare                 1443     74   5.1%  DcMilj8BvPm
desert_rosette               1385     35   2.5%  DcQnXQrhkHn
salt_mirror                   642      1   0.2%  DcBQ7cpxIRg
mineral_heart                 577     17   2.9%  Dbk8L2hpUfz
cave_of_numbers               369      5   1.4%  DbmA2MBQ0Ft
copper_rain                   322      8   2.5%  DbsqkAqu7OB
ember_meadow                  318      6   1.9%  DcOk8BQACG5
butterfly_meridian            310     15   4.8%  DbiXYvTxGr9
sugar_nebula                  274      1   0.4%  Db0Y8-qO1-Q
circuit_city                  250      7   2.8%  DbeSdr0uWQe
food_chain                    240      2   0.8%  DbZI3tOMPqL
tesla_garden                  215     10   4.7%  DbvPXOBPRP8
?                             205      2   1.0%  DbRslvuJmwq
dollhouse                     174      4   2.3%  DbfylfKtqYd
brinicle_grove                172      ?      ?  DcWuv6DhbSb
velvet_atlas                  167      6   3.6%  DbwUB8zQlsm
cartographer                  167      5   3.0%  DbdS6MlhTBU
?                             167      3   1.8%  DbUAppwshJV
cinder_veil                   166      1   0.6%  Db_wy6SMj1f
snowfall                      166      3   1.8%  Dba1KIBhz3b
chameleon_prism               162      4   2.5%  DcSp1LvuwkB
glass_apiary                  162      3   1.9%  DbrKbv5BzMr
frost_window                  162      2   1.2%  DbolpFYs3Tq
tide_glass                    161      2   1.2%  Db-sIZ8JNWA
moth_orchard_night            160      7   4.4%  DcE6Y9Murh5
ink_dynasty                   156      8   5.1%  Db1dnXug0Om
resonance_hall                154      4   2.6%  Db9L_ofszjn
chalkboard_infinities         153      4   2.6%  Dby40v0t29S
midnight_kitchen              151      4   2.6%  DbTB20SvVx6
quantum_orrery                150      3   2.0%  DbqFxM6R-lR
pollen_court                  149      4   2.7%  DbtvOrQMd-j
abyssal_chandelier            148      2   1.4%  DcCVl5qtz4w
jade_automata                 141      9   6.4%  DbjcDhyO_9n
lather_atlas                  140      2   1.4%  Dbng-e1hZRb
ivory_gambit                  138      3   2.2%  DcD1ubzp9IM
lichen_moor                   130      2   1.5%  Db29vr7gb7Y
alexandria                    128      4   3.1%  DbYP5WcutsC
tide_of_life                   78      2   2.6%  DbVob6pJnSg
alexandria                     69      2   2.9%  DbWkGPOBLzg

snapshot appended to outbox/ig_stats.jsonl (44 rows)
journey                 views  reach  shr  sav  fol    watch   avg
squid_lantern            2989   2167    7   10   14     223m    6s
night_bloom_remix        2091   1370    6    6    2     416m   14s
cosmic_scales_remix      1703   1476    6    6    1     172m    7s
physarum_maze            1649   1357    9    6    3     196m    9s
geode_cosmos             1515   1314    5   10    4     255m   12s
sundew_snare             1443   1295   13   11    4     131m    6s
desert_rosette           1385   1225   12    9    1     196m    9s
salt_mirror               642    535    1    0    2      73m    8s
mineral_heart             577    485    4    5    8     155m   18s
cave_of_numbers           369    320    0    1    1     217m   40s
copper_rain               322    258    1    2    1     494m  111s
ember_meadow              318    263    1    2    0      64m   14s
butterfly_meridian        310    285    1    0    2     121m   26s
sugar_nebula              274    219    1    1    0      73m   20s
circuit_city              250    224    2    3    1      30m    8s
food_chain                240    199    0    0    0      26m    8s
tesla_garden              215    189    1    1    1     405m  121s
?                         205    173    1    2    0      23m    7s
dollhouse                 174    141    0    2    0      98m   43s
brinicle_grove            171    142    1    0    0      16m    7s
velvet_atlas              167    134    0    1    0     222m   94s
?                         167    129    0    0    0      14m    6s
cartographer              167    136    0    2    0      13m    6s
?                         167    129    0    0    0      14m    6s
cinder_veil               166    147    2    0    1     144m   57s
snowfall                  166    128    0    1    0      19m    8s
chameleon_prism           162    149    1    1    1     183m   68s
glass_apiary              162    139    0    0    0     757m  305s
frost_window              162    139    0    1    0     688m  285s
tide_glass                161    148    2    0    1      51m   20s
moth_orchard_night        160    134    0    0    0      15m    6s
ink_dynasty               156    139    0    2    0     108m   47s
resonance_hall            154    136    2    1    1      13m    6s
chalkboard_infinities     153    125    0    0    0     726m  328s
midnight_kitchen          151    128    2    0    0      11m    5s
quantum_orrery            150    141    0    1    0     512m  213s
pollen_court              149    137    0    0    0     689m  291s
abyssal_chandelier        148    129    2    2    0     109m   48s
jade_automata             141    120    2    1    1     141m   61s
lather_atlas              140    129    0    0    0       9m    5s
ivory_gambit              138    127    3    1    0      15m    7s
lichen_moor               130    116    0    0    0     158m   80s
alexandria                128    108    1    1    0       9m    5s
tide_of_life               78     69    0    0    0       9m    7s
night_bloom                69     51    0    0    0      12m   13s

appended 45 rows to outbox/ig_insights.jsonl
Posting: whale_fall_republic  (file: review_divein/whale_fall_republic_ds_divein_shift.mp4, ds/divein)
  ⏸ skipping paused platform(s): tiktok
  youtube: https://youtube.com/shorts/bGNpCpgsIFE
  !! FLAG [instagram/unexpected] file chooser never opened
     context: {"buttons":["Instagram","HomeHome","ReelsReels","MessagesMessages","SearchSearch","NotificationsNotifications","New postCreate","Profile","SettingsMore","Note...","powers.of.zen","Options","62 followers","13 following","AI creator","more","Edit profile","View archive","Plus iconNew","Posts","Reels","Saved","Tagged","Meta","About","Blog","Jobs","Help","API","Privacy"],"headings":["powers.of.zen"]}

Summary: {
  "youtube": "https://youtube.com/shorts/bGNpCpgsIFE",
  "instagram": "ERROR: file chooser never opened"
}
⚠ NEW flags recorded in /mnt/c/Users/Phil/zoomer/outbox/flags.jsonl this run — review before next run.
=== 12:09:42 next post: 2026-08-24 07:00
=== 13:05:01 not yet — next post at 2026-08-24 07:00 (cadence 19.0h)
=== 14:05:01 not yet — next post at 2026-08-24 07:00 (cadence 19.0h)
=== 15:05:01 not yet — next post at 2026-08-24 07:00 (cadence 19.0h)
=== 16:05:01 not yet — next post at 2026-08-24 07:00 (cadence 19.0h)
=== 17:05:01 not yet — next post at 2026-08-24 07:00 (cadence 19.0h)
=== 18:00:01 not yet — next post at 2026-08-24 07:00 (cadence 19.0h)
=== 18:05:01 not yet — next post at 2026-08-24 07:00 (cadence 19.0h)
=== 19:05:01 not yet — next post at 2026-08-24 07:00 (cadence 19.0h)
=== 20:05:01 not yet — next post at 2026-08-24 07:00 (cadence 19.0h)
=== 21:05:01 not yet — next post at 2026-08-24 07:00 (cadence 19.0h)
=== 22:05:01 not yet — next post at 2026-08-24 07:00 (cadence 19.0h)
=== 23:05:01 not yet — next post at 2026-08-24 07:00 (cadence 19.0h)
=== 00:05:01 not yet — next post at 2026-08-24 07:00 (cadence 19.0h)
=== 01:05:01 not yet — next post at 2026-08-24 07:00 (cadence 19.0h)
=== 02:05:01 not yet — next post at 2026-08-24 07:00 (cadence 19.0h)
=== 03:05:01 not yet — next post at 2026-08-24 07:00 (cadence 19.0h)
=== 04:05:01 not yet — next post at 2026-08-24 07:00 (cadence 19.0h)
=== 05:05:01 not yet — next post at 2026-08-24 07:00 (cadence 19.0h)
=== 06:05:01 not yet — next post at 2026-08-24 07:00 (cadence 19.0h)
=== 07:05:01 gate open (scheduled 2026-08-24 07:00) — running poster
followers: 62   ('62 Followers, 14 Following, 45 Posts - See Instagram photos and videos from Powe')
reels on grid: 36 (trusted-hover pass, 36 with likes)

journey                     views  likes  like%  code
squid_lantern                2991     59   2.0%  DcKg2bhhBG0
night_bloom_remix            2091     28   1.3%  Dbg3QOnxpQi
physarum_maze                1736     32   1.8%  DcUsSy3pWpB
geode_cosmos                 1518     33   2.2%  DcGahIISzJw
sundew_snare                 1485     74   5.0%  DcMilj8BvPm
desert_rosette               1389     35   2.5%  DcQnXQrhkHn
salt_mirror                   644      1   0.2%  DcBQ7cpxIRg
mineral_heart                 579     17   2.9%  Dbk8L2hpUfz
cave_of_numbers               369      5   1.4%  DbmA2MBQ0Ft
copper_rain                   324      8   2.5%  DbsqkAqu7OB
ember_meadow                  320      6   1.9%  DcOk8BQACG5
butterfly_meridian            310     15   4.8%  DbiXYvTxGr9
sugar_nebula                  274      1   0.4%  Db0Y8-qO1-Q
circuit_city                  252      7   2.8%  DbeSdr0uWQe
tesla_garden                  217     10   4.6%  DbvPXOBPRP8
brinicle_grove                185      1   0.5%  DcWuv6DhbSb
whale_fall_republic           179      5   2.8%  DcY5PRHxbtQ
dollhouse                     174      4   2.3%  DbfylfKtqYd
cinder_veil                   168      1   0.6%  Db_wy6SMj1f
velvet_atlas                  167      6   3.6%  DbwUB8zQlsm
cartographer                  167      5   3.0%  DbdS6MlhTBU
tide_glass                    166      2   1.2%  Db-sIZ8JNWA
chameleon_prism               164      4   2.4%  DcSp1LvuwkB
glass_apiary                  162      3   1.9%  DbrKbv5BzMr
frost_window                  162      2   1.2%  DbolpFYs3Tq
moth_orchard_night            161      7   4.3%  DcE6Y9Murh5
resonance_hall                156      4   2.6%  Db9L_ofszjn
ink_dynasty                   156      8   5.1%  Db1dnXug0Om
chalkboard_infinities         153      4   2.6%  Dby40v0t29S
abyssal_chandelier            151      2   1.3%  DcCVl5qtz4w
quantum_orrery                150      3   2.0%  DbqFxM6R-lR
pollen_court                  149      4   2.7%  DbtvOrQMd-j
jade_automata                 143      9   6.3%  DbjcDhyO_9n
ivory_gambit                  141      3   2.1%  DcD1ubzp9IM
lather_atlas                  140      2   1.4%  Dbng-e1hZRb
lichen_moor                   130      2   1.5%  Db29vr7gb7Y

snapshot appended to outbox/ig_stats.jsonl (36 rows)
journey                 views  reach  shr  sav  fol    watch   avg
squid_lantern            2991   2170    7   10   14     223m    6s
night_bloom_remix        2091   1370    6    6    2     416m   14s
physarum_maze            1736   1438    9    8    3     203m    8s
cosmic_scales_remix      1704   1476    6    6    1     172m    7s
geode_cosmos             1518   1322    5   10    4     255m   12s
sundew_snare             1485   1337   13   11    4     135m    6s
desert_rosette           1389   1231   12    9    1     196m    9s
salt_mirror               644    537    1    0    2      73m    8s
mineral_heart             579    488    4    5    8     155m   18s
cave_of_numbers           369    320    0    1    1     217m   40s
copper_rain               324    260    1    2    1     494m  109s
ember_meadow              320    268    1    2    0      64m   14s
butterfly_meridian        310    285    1    0    2     121m   26s
sugar_nebula              274    219    1    1    0      73m   20s
circuit_city              252    226    2    3    1      30m    8s
food_chain                240    199    0    0    0      26m    8s
tesla_garden              217    191    1    1    1     405m  119s
brinicle_grove            185    157    1    0    0      18m    7s
whale_fall_republic       179    156    1    2    1      17m    7s
dollhouse                 174    141    0    2    0      98m   43s
cinder_veil               168    150    2    0    1     144m   56s
velvet_atlas              167    134    0    1    0     222m   94s
cartographer              167    136    0    2    0      13m    6s
?                         167    129    0    0    0      14m    6s
tide_glass                166    152    2    0    1      52m   19s
snowfall                  166    128    0    1    0      19m    8s
chameleon_prism           164    153    1    1    1     183m   66s
glass_apiary              162    139    0    0    0     757m  305s
frost_window              162    139    0    1    0     688m  285s
moth_orchard_night        161    135    0    0    0      15m    6s
resonance_hall            156    139    2    1    1      14m    6s
ink_dynasty               156    139    0    2    0     108m   47s
chalkboard_infinities     153    125    0    0    0     726m  328s
abyssal_chandelier        151    132    2    2    0     111m   47s
midnight_kitchen          151    128    2    0    0      11m    5s
quantum_orrery            150    141    0    1    0     512m  213s
pollen_court              149    137    0    0    0     689m  291s
jade_automata             143    122    2    1    1     142m   60s
ivory_gambit              141    130    3    1    0      15m    6s
lather_atlas              140    129    0    0    0       9m    5s
lichen_moor               130    116    0    0    0     158m   80s
alexandria                130    110    1    1    0      10m    5s
tide_of_life               78     69    0    0    0       9m    7s
night_bloom                69     51    0    0    0      12m   13s

appended 44 rows to outbox/ig_insights.jsonl
Posting: caddis_masonry  (file: production/caddis_masonry_ds_shift.mp4, ds/zoomout)
  ⏸ skipping paused platform(s): tiktok
  youtube: already live (skipped)
  !! FLAG [instagram/crop_original] could not confirm Original (phone 9:16) crop — refusing to post a squared video
     context: {"buttons":["Instagram","HomeHome","ReelsReels","MessagesMessages","SearchSearch","NotificationsNotifications","New postCreate","Profile","SettingsMore","buhbeegurl","apeshit82","cristina_faggionato","powers.of.zen","1w","AI creator","Original audio","More options","Audio is muted","Audio is muted","View insights","Boost reel","Like","2","Comment","1","Repost","Share","Save","Save","apeshit82"],"headings":["Crop"]}

Summary: {
  "youtube": "already live (skipped)",
  "instagram": "FLAGGED: instagram/crop_original: could not confirm Original (phone 9:16) crop \u2014 refusing to post a squared video"
}
⚠ NEW flags recorded in /mnt/c/Users/Phil/zoomer/outbox/flags.jsonl this run — review before next run.
=== 07:06:24 post did not verify (rc 0, went_live=False) — holding the window, retrying next hour
=== 08:00:01 not yet — next post at 2026-08-25 02:00 (cadence 19.0h)
=== 08:05:01 not yet — next post at 2026-08-25 02:00 (cadence 19.0h)
=== 09:05:01 not yet — next post at 2026-08-25 02:00 (cadence 19.0h)
=== 10:05:01 not yet — next post at 2026-08-25 02:00 (cadence 19.0h)
=== 11:05:01 not yet — next post at 2026-08-25 02:00 (cadence 19.0h)
=== 12:05:01 not yet — next post at 2026-08-25 02:00 (cadence 19.0h)
=== 13:05:01 not yet — next post at 2026-08-25 02:00 (cadence 19.0h)
=== 14:05:01 not yet — next post at 2026-08-25 02:00 (cadence 19.0h)
=== 15:05:01 not yet — next post at 2026-08-25 02:00 (cadence 19.0h)
=== 16:05:01 dead-zone remap: virtual 2026-08-25 02:00 -> actual 2026-08-24 21:00
=== 16:05:01 not yet — next post at 2026-08-24 21:00 (virtual 2026-08-25 02:00) (cadence 19.0h)
=== 17:05:01 dead-zone remap: virtual 2026-08-25 02:00 -> actual 2026-08-24 21:00
=== 17:05:01 not yet — next post at 2026-08-24 21:00 (virtual 2026-08-25 02:00) (cadence 19.0h)
=== 18:00:01 dead-zone remap: virtual 2026-08-25 02:00 -> actual 2026-08-24 21:00
=== 18:00:01 not yet — next post at 2026-08-24 21:00 (virtual 2026-08-25 02:00) (cadence 19.0h)
=== 18:05:01 dead-zone remap: virtual 2026-08-25 02:00 -> actual 2026-08-24 21:00
=== 18:05:01 not yet — next post at 2026-08-24 21:00 (virtual 2026-08-25 02:00) (cadence 19.0h)
=== 19:05:01 dead-zone remap: virtual 2026-08-25 02:00 -> actual 2026-08-24 21:00
=== 19:05:01 not yet — next post at 2026-08-24 21:00 (virtual 2026-08-25 02:00) (cadence 19.0h)
=== 20:05:01 dead-zone remap: virtual 2026-08-25 02:00 -> actual 2026-08-24 21:00
=== 20:05:01 not yet — next post at 2026-08-24 21:00 (virtual 2026-08-25 02:00) (cadence 19.0h)
=== 21:05:01 dead-zone remap: virtual 2026-08-25 02:00 -> actual 2026-08-24 21:00
=== 21:05:01 gate open (scheduled 2026-08-25 02:00) — running poster
followers: 63   ('63 Followers, 14 Following, 47 Posts - See Instagram photos and videos from Powe')
reels on grid: 47 (trusted-hover pass, 46 with likes)

journey                     views  likes  like%  code
squid_lantern                2991     59   2.0%  DcKg2bhhBG0
night_bloom_remix            2091     28   1.3%  Dbg3QOnxpQi
physarum_maze                1741     32   1.8%  DcUsSy3pWpB
cosmic_scales_remix          1704     28   1.6%  DbbtqMVtunf
geode_cosmos                 1518     33   2.2%  DcGahIISzJw
sundew_snare                 1488     75   5.0%  DcMilj8BvPm
desert_rosette               1390     35   2.5%  DcQnXQrhkHn
salt_mirror                   644      1   0.2%  DcBQ7cpxIRg
mineral_heart                 579     17   2.9%  Dbk8L2hpUfz
cave_of_numbers               369      5   1.4%  DbmA2MBQ0Ft
copper_rain                   324      8   2.5%  DbsqkAqu7OB
ember_meadow                  320      6   1.9%  DcOk8BQACG5
butterfly_meridian            310     15   4.8%  DbiXYvTxGr9
sugar_nebula                  274      1   0.4%  Db0Y8-qO1-Q
circuit_city                  252      7   2.8%  DbeSdr0uWQe
food_chain                    240      2   0.8%  DbZI3tOMPqL
tesla_garden                  217     10   4.6%  DbvPXOBPRP8
?                             205      2   1.0%  DbRslvuJmwq
whale_fall_republic           192      5   2.6%  DcY5PRHxbtQ
brinicle_grove                190      1   0.5%  DcWuv6DhbSb
dollhouse                     174      4   2.3%  DbfylfKtqYd
cinder_veil                   168      1   0.6%  Db_wy6SMj1f
velvet_atlas                  167      6   3.6%  DbwUB8zQlsm
cartographer                  167      5   3.0%  DbdS6MlhTBU
?                             167      3   1.8%  DbUAppwshJV
tide_glass                    166      2   1.2%  Db-sIZ8JNWA
snowfall                      166      3   1.8%  Dba1KIBhz3b
chameleon_prism               164      4   2.4%  DcSp1LvuwkB
glass_apiary                  162      3   1.9%  DbrKbv5BzMr
frost_window                  162      2   1.2%  DbolpFYs3Tq
moth_orchard_night            161      7   4.3%  DcE6Y9Murh5
resonance_hall                157      4   2.5%  Db9L_ofszjn
ink_dynasty                   156      8   5.1%  Db1dnXug0Om
chalkboard_infinities         153      4   2.6%  Dby40v0t29S
abyssal_chandelier            151      2   1.3%  DcCVl5qtz4w
midnight_kitchen              151      4   2.6%  DbTB20SvVx6
caddis_masonry                150      3   2.0%  Dca_2VJRSs1
quantum_orrery                150      3   2.0%  DbqFxM6R-lR
pollen_court                  149      4   2.7%  DbtvOrQMd-j
ivory_gambit                  144      3   2.1%  DcD1ubzp9IM
jade_automata                 143      9   6.3%  DbjcDhyO_9n
lather_atlas                  140      2   1.4%  Dbng-e1hZRb
lichen_moor                   130      2   1.5%  Db29vr7gb7Y
alexandria                    130      4   3.1%  DbYP5WcutsC
tide_of_life                   78      2   2.6%  DbVob6pJnSg
alexandria                     69      2   2.9%  DbWkGPOBLzg
?                               ?      ?      ?  DccarGtgKjB

snapshot appended to outbox/ig_stats.jsonl (47 rows)
journey                 views  reach  shr  sav  fol    watch   avg
squid_lantern            2991   2170    ?    ?    ?        ?    ?s
night_bloom_remix        2091   1370    6    6    2     416m   14s
physarum_maze            1741   1440    ?    ?    ?        ?    ?s
cosmic_scales_remix      1704   1476    6    6    1     172m    7s
geode_cosmos             1518   1322    ?    ?    ?        ?    ?s
sundew_snare             1488   1341    ?    ?    ?        ?    ?s
desert_rosette           1390   1231    ?    ?    ?        ?    ?s
salt_mirror               644    537    1    0    2      73m    8s
mineral_heart             579    488    4    5    8     155m   18s
cave_of_numbers           369    320    0    1    1     217m   40s
copper_rain               324    260    1    2    1     494m  109s
ember_meadow              320    268    ?    ?    ?        ?    ?s
butterfly_meridian        310    285    1    0    2     121m   25s
sugar_nebula              274    219    1    1    0      73m   20s
circuit_city              252    226    2    3    1      30m    8s
food_chain                240    199    0    0    0      26m    8s
tesla_garden              217    191    1    1    1     405m  119s
whale_fall_republic       192    166    ?    ?    ?        ?    ?s
brinicle_grove            190    158    ?    ?    ?        ?    ?s
dollhouse                 174    141    0    2    0      98m   43s
cinder_veil               168    150    2    0    1     144m   56s
velvet_atlas              167    134    0    1    0     222m   94s
cartographer              167    136    0    2    0      13m    6s
?                         167    129    0    0    0      14m    6s
?                         167    129    0    0    0      14m    6s
tide_glass                166    152    2    0    1      52m   19s
snowfall                  166    128    0    1    0      19m    8s
chameleon_prism           164    153    ?    ?    ?        ?    ?s
glass_apiary              162    139    0    0    0     757m  305s
frost_window              162    139    0    1    0     688m  285s
moth_orchard_night        161    135    ?    ?    ?        ?    ?s
resonance_hall            157    140    2    1    1      14m    6s
ink_dynasty               156    139    0    2    0     108m   47s
chalkboard_infinities     153    125    0    0    0     726m  328s
abyssal_chandelier        151    132    ?    ?    ?        ?    ?s
midnight_kitchen          151    128    2    0    0      12m    5s
caddis_masonry            150    133    ?    ?    ?        ?    ?s
quantum_orrery            150    141    0    1    0     512m  213s
pollen_court              149    137    0    0    0     689m  291s
ivory_gambit              144    131    ?    ?    ?        ?    ?s
jade_automata             143    122    2    1    1     142m   60s
lather_atlas              140    129    0    0    0       9m    5s
lichen_moor               130    116    0    0    0     158m   80s
alexandria                130    110    1    1    0      10m    5s
tide_of_life               78     69    0    0    0       9m    7s
night_bloom                69     51    0    0    0      12m   13s
?                           ?      ?    ?    ?    ?        ?    ?s
?                           ?      ?    0    0    0        ?    ?s

appended 48 rows to outbox/ig_insights.jsonl
Posting: peony_shell  (file: review_divein/peony_shell_ds_divein_shift.mp4, ds/divein)
  ⏸ skipping paused platform(s): tiktok
  youtube: https://youtube.com/shorts/nZo4z6JyUYw
  !! FLAG [instagram/verify_live] Share clicked but the newest reel does NOT carry this caption — post did not go through. Reported as FAILED, not live.
     context: {"buttons":["Instagram","HomeHome","ReelsReels","MessagesMessages","SearchSearch","NotificationsNotifications","New postCreate","Profile","SettingsMore","Audio is muted","powers.of.zen","AI creator","Original audio","More options","View insights","Boost reel","Like","Comment","Repost","Share","Save","Save","1 minute ago","Emoji","powers.of.zen","Clip","Clip","Clip","Clip","Clip"],"headings":["No comments yet."]}

Summary: {
  "youtube": "https://youtube.com/shorts/nZo4z6JyUYw",
  "instagram": "FLAGGED: instagram/verify_live: Share clicked but the newest reel does NOT carry this caption \u2014 post did not go through. Reported as FAILED, not live."
}
⚠ NEW flags recorded in /mnt/c/Users/Phil/zoomer/outbox/flags.jsonl this run — review before next run.
=== 21:08:36 next post: 2026-08-25 21:00
=== 22:05:01 not yet — next post at 2026-08-25 21:00 (cadence 19.0h)
=== 23:05:01 not yet — next post at 2026-08-25 21:00 (cadence 19.0h)
=== 00:05:01 not yet — next post at 2026-08-25 21:00 (cadence 19.0h)
=== 01:05:01 not yet — next post at 2026-08-25 21:00 (cadence 19.0h)
=== 02:05:01 not yet — next post at 2026-08-25 21:00 (cadence 19.0h)
=== 03:05:01 not yet — next post at 2026-08-25 21:00 (cadence 19.0h)
=== 04:05:01 not yet — next post at 2026-08-25 21:00 (cadence 19.0h)
=== 05:05:01 not yet — next post at 2026-08-25 21:00 (cadence 19.0h)
=== 06:05:01 not yet — next post at 2026-08-25 21:00 (cadence 19.0h)
=== 07:05:01 not yet — next post at 2026-08-25 21:00 (cadence 19.0h)
=== 08:00:01 not yet — next post at 2026-08-25 21:00 (cadence 19.0h)
=== 08:05:01 not yet — next post at 2026-08-25 21:00 (cadence 19.0h)
=== 09:05:02 not yet — next post at 2026-08-25 21:00 (cadence 19.0h)
=== 10:05:01 not yet — next post at 2026-08-25 21:00 (cadence 19.0h)
=== 11:05:01 not yet — next post at 2026-08-25 21:00 (cadence 19.0h)
=== 12:05:02 not yet — next post at 2026-08-25 21:00 (cadence 19.0h)
=== 13:05:01 not yet — next post at 2026-08-25 21:00 (cadence 19.0h)
=== 14:05:01 not yet — next post at 2026-08-25 21:00 (cadence 19.0h)
=== 15:05:01 not yet — next post at 2026-08-25 21:00 (cadence 19.0h)
=== 16:05:01 not yet — next post at 2026-08-25 21:00 (cadence 19.0h)
=== 17:05:01 not yet — next post at 2026-08-25 21:00 (cadence 19.0h)
=== 18:00:01 not yet — next post at 2026-08-25 21:00 (cadence 19.0h)
=== 18:05:01 not yet — next post at 2026-08-25 21:00 (cadence 19.0h)
=== 19:05:01 not yet — next post at 2026-08-25 21:00 (cadence 19.0h)
=== 20:05:02 not yet — next post at 2026-08-25 21:00 (cadence 19.0h)
=== 21:05:02 gate open (scheduled 2026-08-25 21:00) — running poster
followers: 63   ('63 Followers, 14 Following, 48 Posts - See Instagram photos and videos from Powe')
reels on grid: 48 (trusted-hover pass, 47 with likes)

journey                     views  likes  like%  code
squid_lantern                2991     59   2.0%  DcKg2bhhBG0
night_bloom_remix            2091     28   1.3%  Dbg3QOnxpQi
physarum_maze                1747     32   1.8%  DcUsSy3pWpB
cosmic_scales_remix          1705     28   1.6%  DbbtqMVtunf
geode_cosmos                 1518     33   2.2%  DcGahIISzJw
sundew_snare                 1492     75   5.0%  DcMilj8BvPm
desert_rosette               1392     35   2.5%  DcQnXQrhkHn
salt_mirror                   644      1   0.2%  DcBQ7cpxIRg
mineral_heart                 579     17   2.9%  Dbk8L2hpUfz
cave_of_numbers               369      5   1.4%  DbmA2MBQ0Ft
copper_rain                   324      8   2.5%  DbsqkAqu7OB
ember_meadow                  320      6   1.9%  DcOk8BQACG5
butterfly_meridian            310     15   4.8%  DbiXYvTxGr9
sugar_nebula                  274      1   0.4%  Db0Y8-qO1-Q
circuit_city                  252      7   2.8%  DbeSdr0uWQe
food_chain                    240      2   0.8%  DbZI3tOMPqL
tesla_garden                  217     10   4.6%  DbvPXOBPRP8
?                             205      2   1.0%  DbRslvuJmwq
?                             204      1   0.5%  DccarGtgKjB
brinicle_grove                199      1   0.5%  DcWuv6DhbSb
whale_fall_republic           196      5   2.6%  DcY5PRHxbtQ
dollhouse                     174      4   2.3%  DbfylfKtqYd
caddis_masonry                171      3   1.8%  Dca_2VJRSs1
cinder_veil                   168      1   0.6%  Db_wy6SMj1f
velvet_atlas                  167      6   3.6%  DbwUB8zQlsm
cartographer                  167      5   3.0%  DbdS6MlhTBU
?                             167      3   1.8%  DbUAppwshJV
tide_glass                    166      2   1.2%  Db-sIZ8JNWA
snowfall                      166      3   1.8%  Dba1KIBhz3b
chameleon_prism               165      4   2.4%  DcSp1LvuwkB
moth_orchard_night            165      7   4.2%  DcE6Y9Murh5
glass_apiary                  162      3   1.9%  DbrKbv5BzMr
frost_window                  162      2   1.2%  DbolpFYs3Tq
resonance_hall                157      4   2.5%  Db9L_ofszjn
ink_dynasty                   156      8   5.1%  Db1dnXug0Om
chalkboard_infinities         153      4   2.6%  Dby40v0t29S
abyssal_chandelier            151      2   1.3%  DcCVl5qtz4w
midnight_kitchen              151      4   2.6%  DbTB20SvVx6
quantum_orrery                150      3   2.0%  DbqFxM6R-lR
pollen_court                  149      4   2.7%  DbtvOrQMd-j
ivory_gambit                  144      3   2.1%  DcD1ubzp9IM
jade_automata                 143      9   6.3%  DbjcDhyO_9n
lather_atlas                  140      2   1.4%  Dbng-e1hZRb
lichen_moor                   130      2   1.5%  Db29vr7gb7Y
alexandria                    130      4   3.1%  DbYP5WcutsC
tide_of_life                   78      2   2.6%  DbVob6pJnSg
alexandria                     69      2   2.9%  DbWkGPOBLzg
?                               ?      ?      ?  Dce_d_qOwVA

snapshot appended to outbox/ig_stats.jsonl (48 rows)
journey                 views  reach  shr  sav  fol    watch   avg
squid_lantern            2991   2170    ?    ?    ?        ?    ?s
night_bloom_remix        2091   1370    6    6    2     416m   14s
physarum_maze            1747   1440    ?    ?    ?        ?    ?s
cosmic_scales_remix      1705   1476    6    6    1     172m    7s
geode_cosmos             1518   1322    ?    ?    ?        ?    ?s
sundew_snare             1492   1343    ?    ?    ?        ?    ?s
desert_rosette           1392   1231    ?    ?    ?        ?    ?s
salt_mirror               644    537    1    0    2      73m    8s
mineral_heart             579    488    4    5    8     155m   18s
cave_of_numbers           369    320    0    1    1     217m   40s
copper_rain               324    260    1    2    1     494m  109s
ember_meadow              320    268    ?    ?    ?        ?    ?s
butterfly_meridian        310    285    1    0    2     121m   25s
sugar_nebula              274    219    1    1    0      73m   20s
circuit_city              252    226    2    3    1      30m    8s
food_chain                240    199    0    0    0      26m    8s
tesla_garden              217    191    1    1    1     405m  119s
?                         204    171    ?    ?    ?        ?    ?s
?                         204    171    0    0    0      14m    5s
brinicle_grove            199    159    ?    ?    ?        ?    ?s
whale_fall_republic       196    166    ?    ?    ?        ?    ?s
dollhouse                 174    141    0    2    0      98m   43s
caddis_masonry            171    151    ?    ?    ?        ?    ?s
cinder_veil               168    150    2    0    1     144m   56s
velvet_atlas              167    134    0    1    0     222m   94s
cartographer              167    136    0    2    0      13m    6s
tide_glass                166    152    2    0    1      52m   19s
snowfall                  166    128    0    1    0      19m    8s
chameleon_prism           165    154    ?    ?    ?        ?    ?s
moth_orchard_night        165    136    ?    ?    ?        ?    ?s
glass_apiary              162    139    0    0    0     757m  305s
frost_window              162    139    0    1    0     688m  285s
resonance_hall            157    140    2    1    1      14m    6s
ink_dynasty               156    139    0    2    0     108m   47s
chalkboard_infinities     153    125    0    0    0     726m  328s
abyssal_chandelier        151    132    2    2    0     111m   47s
quantum_orrery            150    141    0    1    0     512m  213s
pollen_court              149    137    0    0    0     689m  291s
ivory_gambit              144    131    ?    ?    ?        ?    ?s
jade_automata             143    122    2    1    1     142m   60s
lather_atlas              140    129    0    0    0       9m    5s
lichen_moor               130    116    0    0    0     158m   80s
alexandria                130    110    1    1    0      10m    5s
night_bloom                69     51    0    0    0      12m   13s
?                           ?      ?    ?    ?    ?        ?    ?s
?                           ?      ?    0    0    0        ?    ?s

appended 46 rows to outbox/ig_insights.jsonl
Posting: termite_citadel  (file: review_divein/termite_citadel_ds_divein_shift.mp4, ds/divein)
  ⏸ skipping paused platform(s): tiktok
  youtube: https://youtube.com/shorts/mz66m1Hu2gs
  !! FLAG [instagram/verify_live] Share clicked but the newest reel does NOT carry this caption — post did not go through. Reported as FAILED, not live.
     context: {"buttons":["Instagram","HomeHome","ReelsReels","ChannelsChannels","MessagesMessages","SearchSearch","NotificationsNotifications","New postCreate","Profile","SettingsMore","Audio is muted","powers.of.zen","AI creator","Original audio","More options","View insights","Boost reel","Like","Comment","Repost","Share","Save","Save","1 minute ago","Emoji","powers.of.zen","Clip","Clip","Clip","Clip"],"headings":["No comments yet."]}

Summary: {
  "youtube": "https://youtube.com/shorts/mz66m1Hu2gs",
  "instagram": "FLAGGED: instagram/verify_live: Share clicked but the newest reel does NOT carry this caption \u2014 post did not go through. Reported as FAILED, not live."
}
⚠ NEW flags recorded in /mnt/c/Users/Phil/zoomer/outbox/flags.jsonl this run — review before next run.
=== 21:08:38 next post: 2026-08-26 16:00
=== 22:05:01 not yet — next post at 2026-08-26 16:00 (cadence 19.0h)
=== 23:05:01 not yet — next post at 2026-08-26 16:00 (cadence 19.0h)
=== 00:05:01 not yet — next post at 2026-08-26 16:00 (cadence 19.0h)
=== 01:05:01 not yet — next post at 2026-08-26 16:00 (cadence 19.0h)
=== 02:05:01 not yet — next post at 2026-08-26 16:00 (cadence 19.0h)
=== 03:05:02 not yet — next post at 2026-08-26 16:00 (cadence 19.0h)
=== 04:05:01 not yet — next post at 2026-08-26 16:00 (cadence 19.0h)
=== 05:05:02 not yet — next post at 2026-08-26 16:00 (cadence 19.0h)
=== 06:05:02 not yet — next post at 2026-08-26 16:00 (cadence 19.0h)
=== 07:05:02 not yet — next post at 2026-08-26 16:00 (cadence 19.0h)
=== 08:00:01 not yet — next post at 2026-08-26 16:00 (cadence 19.0h)
=== 08:05:01 not yet — next post at 2026-08-26 16:00 (cadence 19.0h)
=== 08:58:50 gate open (scheduled 2026-08-26 08:58) — running poster
followers: 63   ('63 Followers, 14 Following, 49 Posts - See Instagram photos and videos from Powe')
reels on grid: 49 (trusted-hover pass, 48 with likes)

journey                     views  likes  like%  code
squid_lantern                2992     59   2.0%  DcKg2bhhBG0
night_bloom_remix            2091     28   1.3%  Dbg3QOnxpQi
physarum_maze                1747     32   1.8%  DcUsSy3pWpB
cosmic_scales_remix          1705     28   1.6%  DbbtqMVtunf
geode_cosmos                 1518     33   2.2%  DcGahIISzJw
sundew_snare                 1493     75   5.0%  DcMilj8BvPm
desert_rosette               1394     35   2.5%  DcQnXQrhkHn
salt_mirror                   644      1   0.2%  DcBQ7cpxIRg
mineral_heart                 579     17   2.9%  Dbk8L2hpUfz
cave_of_numbers               369      5   1.4%  DbmA2MBQ0Ft
copper_rain                   324      8   2.5%  DbsqkAqu7OB
ember_meadow                  320      6   1.9%  DcOk8BQACG5
butterfly_meridian            310     15   4.8%  DbiXYvTxGr9
sugar_nebula                  274      1   0.4%  Db0Y8-qO1-Q
circuit_city                  252      7   2.8%  DbeSdr0uWQe
food_chain                    240      2   0.8%  DbZI3tOMPqL
tesla_garden                  217     10   4.6%  DbvPXOBPRP8
peony_shell                   212      1   0.5%  DccarGtgKjB
?                             205      2   1.0%  DbRslvuJmwq
brinicle_grove                199      1   0.5%  DcWuv6DhbSb
whale_fall_republic           197      5   2.5%  DcY5PRHxbtQ
dollhouse                     174      4   2.3%  DbfylfKtqYd
caddis_masonry                172      3   1.7%  Dca_2VJRSs1
cinder_veil                   168      1   0.6%  Db_wy6SMj1f
velvet_atlas                  167      6   3.6%  DbwUB8zQlsm
cartographer                  167      5   3.0%  DbdS6MlhTBU
?                             167      3   1.8%  DbUAppwshJV
moth_orchard_night            166      7   4.2%  DcE6Y9Murh5
tide_glass                    166      2   1.2%  Db-sIZ8JNWA
snowfall                      166      3   1.8%  Dba1KIBhz3b
chameleon_prism               165      4   2.4%  DcSp1LvuwkB
glass_apiary                  162      3   1.9%  DbrKbv5BzMr
frost_window                  162      2   1.2%  DbolpFYs3Tq
resonance_hall                157      4   2.5%  Db9L_ofszjn
ink_dynasty                   156      8   5.1%  Db1dnXug0Om
chalkboard_infinities         153      4   2.6%  Dby40v0t29S
abyssal_chandelier            151      2   1.3%  DcCVl5qtz4w
quantum_orrery                151      3   2.0%  DbqFxM6R-lR
midnight_kitchen              151      4   2.6%  DbTB20SvVx6
pollen_court                  149      4   2.7%  DbtvOrQMd-j
ivory_gambit                  144      3   2.1%  DcD1ubzp9IM
jade_automata                 143      9   6.3%  DbjcDhyO_9n
lather_atlas                  140      2   1.4%  Dbng-e1hZRb
termite_citadel               136      2   1.5%  Dce_d_qOwVA
lichen_moor                   130      2   1.5%  Db29vr7gb7Y
alexandria                    130      4   3.1%  DbYP5WcutsC
tide_of_life                   78      2   2.6%  DbVob6pJnSg
alexandria                     70      2   2.9%  DbWkGPOBLzg
?                               ?      ?      ?  DcgRKhzODHi

snapshot appended to outbox/ig_stats.jsonl (49 rows)
journey                 views  reach  shr  sav  fol    watch   avg
squid_lantern            2992   2170    7   10   14     224m    6s
night_bloom_remix        2091   1370    6    6    2     416m   14s
physarum_maze            1747   1440    9    8    3     206m    9s
cosmic_scales_remix      1705   1476    6    6    1     172m    7s
geode_cosmos             1518   1322    5   10    4     255m   12s
sundew_snare             1493   1345   13   11    4     136m    6s
desert_rosette           1394   1231   12    9    1     196m    9s
salt_mirror               644    537    1    0    2      73m    8s
mineral_heart             579    488    4    5    8     155m   18s
cave_of_numbers           369    320    0    1    1     217m   40s
copper_rain               324    260    1    2    1     494m  109s
ember_meadow              320    268    1    2    0      64m   14s
butterfly_meridian        310    285    1    0    2     121m   25s
sugar_nebula              274    219    1    1    0      73m   20s
circuit_city              252    226    2    3    1      30m    8s
food_chain                240    199    0    0    0      26m    8s
tesla_garden              217    191    1    1    1     405m  119s
peony_shell               212    176    0    0    0      17m    5s
brinicle_grove            199    159    1    0    0      19m    7s
whale_fall_republic       197    167    1    2    1      20m    7s
dollhouse                 174    141    0    2    0      98m   43s
caddis_masonry            172    152    0    0    0      21m    8s
cinder_veil               168    150    2    0    1     144m   56s
velvet_atlas              167    134    0    1    0     222m   94s
cartographer              167    136    0    2    0      13m    6s
moth_orchard_night        166    136    0    0    0      15m    6s
tide_glass                166    152    2    0    1      52m   19s
snowfall                  166    128    0    1    0      19m    8s
chameleon_prism           165    154    1    1    1     184m   66s
glass_apiary              162    139    0    0    0     757m  305s
frost_window              162    139    0    1    0     688m  285s
resonance_hall            157    140    2    1    1      14m    6s
ink_dynasty               156    139    0    2    0     108m   47s
chalkboard_infinities     153    125    0    0    0     726m  328s
abyssal_chandelier        151    132    2    2    0     111m   47s
quantum_orrery            151    141    0    1    0     512m  212s
pollen_court              149    137    0    0    0     689m  291s
ivory_gambit              144    131    3    1    0      15m    6s
jade_automata             143    122    2    1    1     142m   60s
lather_atlas              140    129    0    0    0       9m    5s
termite_citadel           136    122    0    1    0      15m    7s
lichen_moor               130    116    0    0    0     158m   80s
alexandria                130    110    1    1    0      10m    5s
?                           ?      ?    0    0    0        ?    ?s

appended 44 rows to outbox/ig_insights.jsonl
Posting: lantern_mangrove  (file: review_divein/lantern_mangrove_ds_divein.mp4, ds/divein)
  ⏸ skipping paused platform(s): tiktok
  youtube: https://youtube.com/shorts/ZRXK2QXA6tA
  !! FLAG [instagram/verify_live] Share clicked but the newest reel does NOT carry this caption — post did not go through. Reported as FAILED, not live.
     context: {"buttons":["Instagram","HomeHome","ReelsReels","ChannelsChannels","MessagesMessages","SearchSearch","NotificationsNotifications","New postCreate","Profile","SettingsMore","Audio is muted","powers.of.zen","AI creator","Original audio","More options","View insights","Boost reel","Like","Comment","Repost","Share","Save","Save","1 minute ago","Emoji","powers.of.zen","Clip","Clip","Clip","Clip"],"headings":["No comments yet."]}

Summary: {
  "youtube": "https://youtube.com/shorts/ZRXK2QXA6tA",
  "instagram": "FLAGGED: instagram/verify_live: Share clicked but the newest reel does NOT carry this caption \u2014 post did not go through. Reported as FAILED, not live."
}
⚠ NEW flags recorded in /mnt/c/Users/Phil/zoomer/outbox/flags.jsonl this run — review before next run.
=== 09:02:27 next post: 2026-08-27 04:00
=== 09:05:01 dead-zone remap: virtual 2026-08-27 04:00 -> actual 2026-08-27 09:00
=== 09:05:01 not yet — next post at 2026-08-27 09:00 (virtual 2026-08-27 04:00) (cadence 19.0h)
=== 10:05:01 dead-zone remap: virtual 2026-08-27 04:00 -> actual 2026-08-27 09:00
=== 10:05:01 not yet — next post at 2026-08-27 09:00 (virtual 2026-08-27 04:00) (cadence 19.0h)
=== 11:05:02 dead-zone remap: virtual 2026-08-27 04:00 -> actual 2026-08-27 09:00
=== 11:05:02 not yet — next post at 2026-08-27 09:00 (virtual 2026-08-27 04:00) (cadence 19.0h)
=== 12:05:01 dead-zone remap: virtual 2026-08-27 04:00 -> actual 2026-08-27 09:00
=== 12:05:01 not yet — next post at 2026-08-27 09:00 (virtual 2026-08-27 04:00) (cadence 19.0h)
=== 13:05:02 dead-zone remap: virtual 2026-08-27 04:00 -> actual 2026-08-27 09:00
=== 13:05:02 not yet — next post at 2026-08-27 09:00 (virtual 2026-08-27 04:00) (cadence 19.0h)
=== 14:05:01 dead-zone remap: virtual 2026-08-27 04:00 -> actual 2026-08-27 09:00
=== 14:05:01 not yet — next post at 2026-08-27 09:00 (virtual 2026-08-27 04:00) (cadence 19.0h)
=== 15:05:02 dead-zone remap: virtual 2026-08-27 04:00 -> actual 2026-08-27 09:00
=== 15:05:02 not yet — next post at 2026-08-27 09:00 (virtual 2026-08-27 04:00) (cadence 19.0h)
=== 15:58:34 gate open (scheduled 2026-08-26 15:58) — running poster
followers: 63   ('63 Followers, 14 Following, 49 Posts - See Instagram photos and videos from Powe')
reels on grid: 49 (trusted-hover pass, 49 with likes)

journey                     views  likes  like%  code
squid_lantern                2992     59   2.0%  DcKg2bhhBG0
night_bloom_remix            2091     28   1.3%  Dbg3QOnxpQi
physarum_maze                1747     32   1.8%  DcUsSy3pWpB
cosmic_scales_remix          1705     28   1.6%  DbbtqMVtunf
geode_cosmos                 1518     33   2.2%  DcGahIISzJw
sundew_snare                 1493     75   5.0%  DcMilj8BvPm
desert_rosette               1394     35   2.5%  DcQnXQrhkHn
salt_mirror                   644      1   0.2%  DcBQ7cpxIRg
mineral_heart                 579     17   2.9%  Dbk8L2hpUfz
cave_of_numbers               369      5   1.4%  DbmA2MBQ0Ft
copper_rain                   324      8   2.5%  DbsqkAqu7OB
ember_meadow                  320      6   1.9%  DcOk8BQACG5
butterfly_meridian            310     15   4.8%  DbiXYvTxGr9
sugar_nebula                  274      1   0.4%  Db0Y8-qO1-Q
circuit_city                  252      7   2.8%  DbeSdr0uWQe
food_chain                    240      2   0.8%  DbZI3tOMPqL
tesla_garden                  217     10   4.6%  DbvPXOBPRP8
peony_shell                   213      1   0.5%  DccarGtgKjB
?                             205      2   1.0%  DbRslvuJmwq
brinicle_grove                199      1   0.5%  DcWuv6DhbSb
whale_fall_republic           197      5   2.5%  DcY5PRHxbtQ
dollhouse                     174      4   2.3%  DbfylfKtqYd
caddis_masonry                172      3   1.7%  Dca_2VJRSs1
cinder_veil                   168      1   0.6%  Db_wy6SMj1f
velvet_atlas                  167      6   3.6%  DbwUB8zQlsm
cartographer                  167      5   3.0%  DbdS6MlhTBU
?                             167      3   1.8%  DbUAppwshJV
moth_orchard_night            166      7   4.2%  DcE6Y9Murh5
tide_glass                    166      2   1.2%  Db-sIZ8JNWA
snowfall                      166      3   1.8%  Dba1KIBhz3b
chameleon_prism               165      4   2.4%  DcSp1LvuwkB
glass_apiary                  162      3   1.9%  DbrKbv5BzMr
frost_window                  162      2   1.2%  DbolpFYs3Tq
resonance_hall                157      4   2.5%  Db9L_ofszjn
ink_dynasty                   156      8   5.1%  Db1dnXug0Om
chalkboard_infinities         153      4   2.6%  Dby40v0t29S
abyssal_chandelier            151      2   1.3%  DcCVl5qtz4w
quantum_orrery                151      3   2.0%  DbqFxM6R-lR
midnight_kitchen              151      4   2.6%  DbTB20SvVx6
lantern_mangrove              150      3   2.0%  DcgRKhzODHi
pollen_court                  149      4   2.7%  DbtvOrQMd-j
ivory_gambit                  144      3   2.1%  DcD1ubzp9IM
jade_automata                 143      9   6.3%  DbjcDhyO_9n
lather_atlas                  140      2   1.4%  Dbng-e1hZRb
termite_citadel               136      2   1.5%  Dce_d_qOwVA
lichen_moor                   130      2   1.5%  Db29vr7gb7Y
alexandria                    130      4   3.1%  DbYP5WcutsC
tide_of_life                   78      2   2.6%  DbVob6pJnSg
alexandria                     70      2   2.9%  DbWkGPOBLzg

snapshot appended to outbox/ig_stats.jsonl (49 rows)
journey                 views  reach  shr  sav  fol    watch   avg
squid_lantern            2992   2170    ?    ?    ?        ?    ?s
night_bloom_remix        2091   1370    6    6    2     416m   14s
physarum_maze            1747   1440    ?    ?    ?        ?    ?s
cosmic_scales_remix      1705   1476    6    6    1     172m    7s
geode_cosmos             1518   1322    ?    ?    ?        ?    ?s
sundew_snare             1493   1345    ?    ?    ?        ?    ?s
desert_rosette           1394   1231    ?    ?    ?        ?    ?s
salt_mirror               644    537    1    0    2      73m    8s
mineral_heart             579    488    4    5    8     155m   18s
cave_of_numbers           369    320    0    1    1     217m   40s
copper_rain               324    260    1    2    1     494m  109s
ember_meadow              320    268    ?    ?    ?        ?    ?s
butterfly_meridian        310    285    1    0    2     121m   25s
sugar_nebula              274    219    1    1    0      73m   20s
circuit_city              252    226    2    3    1      30m    8s
food_chain                240    199    0    0    0      26m    8s
tesla_garden              217    191    1    1    1     405m  119s
peony_shell               213    177    ?    ?    ?        ?    ?s
brinicle_grove            199    159    ?    ?    ?        ?    ?s
whale_fall_republic       197    167    ?    ?    ?        ?    ?s
dollhouse                 174    141    0    2    0      98m   43s
caddis_masonry            172    152    ?    ?    ?        ?    ?s
cinder_veil               168    150    2    0    1     144m   56s
velvet_atlas              167    134    0    1    0     222m   94s
cartographer              167    136    0    2    0      13m    6s
moth_orchard_night        166    136    ?    ?    ?        ?    ?s
tide_glass                166    152    2    0    1      52m   19s
snowfall                  166    128    0    1    0      19m    8s
chameleon_prism           165    154    ?    ?    ?        ?    ?s
glass_apiary              162    139    0    0    0     757m  305s
frost_window              162    139    0    1    0     688m  285s
resonance_hall            157    140    2    1    1      14m    6s
ink_dynasty               156    139    0    2    0     108m   47s
chalkboard_infinities     153    125    0    0    0     726m  328s
abyssal_chandelier        151    132    2    2    0     111m   47s
quantum_orrery            151    141    0    1    0     512m  212s
lantern_mangrove          150    125    ?    ?    ?        ?    ?s
pollen_court              149    137    0    0    0     689m  291s
ivory_gambit              144    131    3    1    0      15m    6s
jade_automata             143    122    2    1    1     142m   60s
lather_atlas              140    129    0    0    0       9m    5s
termite_citadel           136    122    ?    ?    ?        ?    ?s
lichen_moor               130    116    0    0    0     158m   80s
alexandria                130    110    1    1    0      10m    5s

appended 44 rows to outbox/ig_insights.jsonl
Posting: vesper_flight  (file: production/vesper_flight_ds_shift.mp4, ds/zoomout)
  ⏸ skipping paused platform(s): tiktok
  youtube: https://youtube.com/shorts/xgREcdxq8Uw
  !! FLAG [instagram/unexpected] Connection timed out
     context: {"buttons":["Instagram","HomeHome","ReelsReels","ChannelsChannels","MessagesMessages","SearchSearch","NotificationsNotifications","New postCreate","Profile","SettingsMore","apeshit82","cristina_faggionato","buhbeegurl","buhbeegurl","1w","More options","Like","13","Comment","Repost","Share","Save","Save","buhbeegurl","cristina_faggionato","rizzo.perkypat","6d","ROLF ART","More options","Tags"],"headings":[]}

Summary: {
  "youtube": "https://youtube.com/shorts/xgREcdxq8Uw",
  "instagram": "ERROR: Connection timed out"
}
⚠ NEW flags recorded in /mnt/c/Users/Phil/zoomer/outbox/flags.jsonl this run — review before next run.
=== 16:04:24 next post: 2026-08-27 11:00
=== 16:05:02 not yet — next post at 2026-08-27 11:00 (cadence 19.0h)
Posting: vesper_flight  (file: production/vesper_flight_ds_shift.mp4, ds/zoomout)
  share click path: trusted
followers: 63   ('63 Followers, 14 Following, 50 Posts - See Instagram photos and videos from Powe')
reels on grid: 50 (trusted-hover pass, 49 with likes)

journey                     views  likes  like%  code
squid_lantern                2992     59   2.0%  DcKg2bhhBG0
night_bloom_remix            2091     28   1.3%  Dbg3QOnxpQi
physarum_maze                1747     32   1.8%  DcUsSy3pWpB
cosmic_scales_remix          1705     28   1.6%  DbbtqMVtunf
geode_cosmos                 1518     33   2.2%  DcGahIISzJw
sundew_snare                 1493     75   5.0%  DcMilj8BvPm
desert_rosette               1394     35   2.5%  DcQnXQrhkHn
salt_mirror                   644      1   0.2%  DcBQ7cpxIRg
mineral_heart                 579     17   2.9%  Dbk8L2hpUfz
cave_of_numbers               369      5   1.4%  DbmA2MBQ0Ft
copper_rain                   324      8   2.5%  DbsqkAqu7OB
ember_meadow                  320      6   1.9%  DcOk8BQACG5
butterfly_meridian            310     15   4.8%  DbiXYvTxGr9
sugar_nebula                  274      1   0.4%  Db0Y8-qO1-Q
circuit_city                  252      7   2.8%  DbeSdr0uWQe
food_chain                    240      2   0.8%  DbZI3tOMPqL
tesla_garden                  217     10   4.6%  DbvPXOBPRP8
peony_shell                   213      1   0.5%  DccarGtgKjB
?                             205      2   1.0%  DbRslvuJmwq
brinicle_grove                199      1   0.5%  DcWuv6DhbSb
whale_fall_republic           197      5   2.5%  DcY5PRHxbtQ
dollhouse                     174      4   2.3%  DbfylfKtqYd
caddis_masonry                172      3   1.7%  Dca_2VJRSs1
cinder_veil                   168      1   0.6%  Db_wy6SMj1f
velvet_atlas                  167      6   3.6%  DbwUB8zQlsm
cartographer                  167      5   3.0%  DbdS6MlhTBU
?                             167      3   1.8%  DbUAppwshJV
moth_orchard_night            166      7   4.2%  DcE6Y9Murh5
tide_glass                    166      2   1.2%  Db-sIZ8JNWA
snowfall                      166      3   1.8%  Dba1KIBhz3b
chameleon_prism               165      4   2.4%  DcSp1LvuwkB
glass_apiary                  162      3   1.9%  DbrKbv5BzMr
frost_window                  162      2   1.2%  DbolpFYs3Tq
resonance_hall                157      4   2.5%  Db9L_ofszjn
ink_dynasty                   156      8   5.1%  Db1dnXug0Om
chalkboard_infinities         153      4   2.6%  Dby40v0t29S
abyssal_chandelier            151      2   1.3%  DcCVl5qtz4w
quantum_orrery                151      3   2.0%  DbqFxM6R-lR
midnight_kitchen              151      4   2.6%  DbTB20SvVx6
lantern_mangrove              150      3   2.0%  DcgRKhzODHi
pollen_court                  149      4   2.7%  DbtvOrQMd-j
ivory_gambit                  144      3   2.1%  DcD1ubzp9IM
jade_automata                 143      9   6.3%  DbjcDhyO_9n
lather_atlas                  140      2   1.4%  Dbng-e1hZRb
termite_citadel               136      2   1.5%  Dce_d_qOwVA
lichen_moor                   130      2   1.5%  Db29vr7gb7Y
alexandria                    130      4   3.1%  DbYP5WcutsC
tide_of_life                   78      2   2.6%  DbVob6pJnSg
alexandria                     70      2   2.9%  DbWkGPOBLzg
vesper_flight                   ?      ?      ?  DchCOAOhmDn

snapshot appended to outbox/ig_stats.jsonl (50 rows)
journey                 views  reach  shr  sav  fol    watch   avg
squid_lantern            2992   2170    7   10   14     224m    6s
night_bloom_remix        2091   1370    6    6    2     416m   14s
physarum_maze            1747   1440    9    8    3     206m    9s
cosmic_scales_remix      1705   1476    6    6    1     172m    7s
geode_cosmos             1518   1322    5   10    4     255m   11s
sundew_snare             1493   1345   13   11    4     136m    6s
desert_rosette           1394   1231   12    9    1     196m    9s
salt_mirror               644    537    1    0    2      73m    8s
mineral_heart             579    488    4    5    8     155m   18s
cave_of_numbers           369    320    0    1    1     217m   40s
copper_rain               324    260    1    2    1     494m  109s
ember_meadow              320    268    1    2    0      64m   14s
butterfly_meridian        310    285    1    0    2     121m   25s
sugar_nebula              274    219    1    1    0      73m   20s
circuit_city              252    226    2    3    1      30m    8s
food_chain                240    199    0    0    0      26m    8s
tesla_garden              217    191    1    1    1     405m  119s
peony_shell               213    177    0    0    0      17m    6s
brinicle_grove            199    159    1    0    0      19m    7s
whale_fall_republic       197    167    1    2    1      20m    7s
dollhouse                 174    141    0    2    0      98m   43s
caddis_masonry            172    152    0    0    0      21m    8s
cinder_veil               168    150    2    0    1     144m   56s
velvet_atlas              167    134    0    1    0     222m   94s
cartographer              167    136    0    2    0      13m    6s
moth_orchard_night        166    136    0    0    0      15m    6s
tide_glass                166    152    2    0    1      52m   19s
snowfall                  166    128    0    1    0      19m    8s
chameleon_prism           165    154    1    1    1     184m   66s
glass_apiary              162    139    0    0    0     757m  305s
frost_window              162    139    0    1    0     688m  285s
resonance_hall            157    140    2    1    1      14m    6s
ink_dynasty               156    139    0    2    0     108m   47s
chalkboard_infinities     153    125    0    0    0     726m  328s
abyssal_chandelier        151    132    2    2    0     111m   47s
quantum_orrery            151    141    0    1    0     512m  212s
lantern_mangrove          150    125    0    1    0     353m  166s
pollen_court              149    137    0    0    0     689m  291s
ivory_gambit              144    131    3    1    0      15m    6s
jade_automata             143    122    2    1    1     142m   60s
lather_atlas              140    129    0    0    0       9m    5s
termite_citadel           136    122    0    1    0      16m    7s
lichen_moor               130    116    0    0    0     158m   80s
vesper_flight               ?      ?    0    0    0        ?    ?s

appended 44 rows to outbox/ig_insights.jsonl
  instagram: https://www.instagram.com/powers.of.zen/reel/DchCOAOhmDn/

Summary: {
  "instagram": "https://www.instagram.com/powers.of.zen/reel/DchCOAOhmDn/"
}
=== 17:05:02 not yet — next post at 2026-08-27 11:00 (cadence 19.0h)
=== 18:00:01 not yet — next post at 2026-08-27 11:00 (cadence 19.0h)
=== 18:05:02 not yet — next post at 2026-08-27 11:00 (cadence 19.0h)
=== 19:05:02 not yet — next post at 2026-08-27 11:00 (cadence 19.0h)
=== 20:05:01 not yet — next post at 2026-08-27 11:00 (cadence 19.0h)
=== 21:05:01 not yet — next post at 2026-08-27 11:00 (cadence 19.0h)
=== 22:05:02 not yet — next post at 2026-08-27 11:00 (cadence 19.0h)
=== 23:05:02 not yet — next post at 2026-08-27 11:00 (cadence 19.0h)
=== 00:05:01 not yet — next post at 2026-08-27 11:00 (cadence 19.0h)
=== 01:05:01 not yet — next post at 2026-08-27 11:00 (cadence 19.0h)
=== 02:05:02 not yet — next post at 2026-08-27 11:00 (cadence 19.0h)
=== 03:05:01 not yet — next post at 2026-08-27 11:00 (cadence 19.0h)
=== 04:05:01 not yet — next post at 2026-08-27 11:00 (cadence 19.0h)
=== 05:05:01 not yet — next post at 2026-08-27 11:00 (cadence 19.0h)
=== 06:05:01 not yet — next post at 2026-08-27 11:00 (cadence 19.0h)
=== 07:05:02 not yet — next post at 2026-08-27 11:00 (cadence 19.0h)
=== 08:00:01 not yet — next post at 2026-08-27 11:00 (cadence 19.0h)
=== 08:05:01 not yet — next post at 2026-08-27 11:00 (cadence 19.0h)
=== 09:05:02 not yet — next post at 2026-08-27 11:00 (cadence 19.0h)
=== 10:05:02 not yet — next post at 2026-08-27 11:00 (cadence 19.0h)
=== 11:05:01 gate open (scheduled 2026-08-27 11:00) — running poster
Posting: wild_yeast  (file: review_divein/wild_yeast_ds_divein_shift.mp4, ds/divein)
  ⏸ skipping paused platform(s): tiktok
  youtube: https://youtube.com/shorts/ewtgHSxpJus
  share click path: trusted
followers: 63   ('63 Followers, 14 Following, 51 Posts - See Instagram photos and videos from Powe')
reels on grid: 51 (trusted-hover pass, 50 with likes)

journey                     views  likes  like%  code
squid_lantern                2992     59   2.0%  DcKg2bhhBG0
night_bloom_remix            2091     28   1.3%  Dbg3QOnxpQi
physarum_maze                1748     32   1.8%  DcUsSy3pWpB
cosmic_scales_remix          1705     28   1.6%  DbbtqMVtunf
geode_cosmos                 1519     33   2.2%  DcGahIISzJw
sundew_snare                 1495     75   5.0%  DcMilj8BvPm
desert_rosette               1394     35   2.5%  DcQnXQrhkHn
lantern_mangrove              698     14   2.0%  DcgRKhzODHi
salt_mirror                   644      1   0.2%  DcBQ7cpxIRg
mineral_heart                 579     17   2.9%  Dbk8L2hpUfz
cave_of_numbers               369      5   1.4%  DbmA2MBQ0Ft
copper_rain                   324      8   2.5%  DbsqkAqu7OB
ember_meadow                  320      6   1.9%  DcOk8BQACG5
butterfly_meridian            310     15   4.8%  DbiXYvTxGr9
sugar_nebula                  274      1   0.4%  Db0Y8-qO1-Q
vesper_flight                 265      9   3.4%  DchCOAOhmDn
circuit_city                  252      7   2.8%  DbeSdr0uWQe
food_chain                    240      2   0.8%  DbZI3tOMPqL
tesla_garden                  217     10   4.6%  DbvPXOBPRP8
peony_shell                   214      1   0.5%  DccarGtgKjB
?                             205      2   1.0%  DbRslvuJmwq
brinicle_grove                200      1   0.5%  DcWuv6DhbSb
whale_fall_republic           198      5   2.5%  DcY5PRHxbtQ
dollhouse                     174      4   2.3%  DbfylfKtqYd
caddis_masonry                173      3   1.7%  Dca_2VJRSs1
chameleon_prism               168      4   2.4%  DcSp1LvuwkB
cinder_veil                   168      1   0.6%  Db_wy6SMj1f
velvet_atlas                  167      6   3.6%  DbwUB8zQlsm
cartographer                  167      5   3.0%  DbdS6MlhTBU
?                             167      3   1.8%  DbUAppwshJV
moth_orchard_night            166      7   4.2%  DcE6Y9Murh5
tide_glass                    166      2   1.2%  Db-sIZ8JNWA
snowfall                      166      3   1.8%  Dba1KIBhz3b
glass_apiary                  162      3   1.9%  DbrKbv5BzMr
frost_window                  162      2   1.2%  DbolpFYs3Tq
resonance_hall                157      4   2.5%  Db9L_ofszjn
ink_dynasty                   156      8   5.1%  Db1dnXug0Om
chalkboard_infinities         153      4   2.6%  Dby40v0t29S
abyssal_chandelier            151      2   1.3%  DcCVl5qtz4w
quantum_orrery                151      3   2.0%  DbqFxM6R-lR
midnight_kitchen              151      4   2.6%  DbTB20SvVx6
pollen_court                  149      4   2.7%  DbtvOrQMd-j
ivory_gambit                  144      3   2.1%  DcD1ubzp9IM
jade_automata                 143      9   6.3%  DbjcDhyO_9n
lather_atlas                  140      2   1.4%  Dbng-e1hZRb
termite_citadel               137      2   1.5%  Dce_d_qOwVA
lichen_moor                   130      2   1.5%  Db29vr7gb7Y
alexandria                    130      4   3.1%  DbYP5WcutsC
tide_of_life                   78      2   2.6%  DbVob6pJnSg
alexandria                     70      2   2.9%  DbWkGPOBLzg
wild_yeast                      ?      ?      ?  DcjEaHItaFN

snapshot appended to outbox/ig_stats.jsonl (51 rows)
journey                 views  reach  shr  sav  fol    watch   avg
squid_lantern            2992   2170    ?    ?    ?        ?    ?s
night_bloom_remix        2091   1370    6    6    2     416m   14s
physarum_maze            1748   1442    ?    ?    ?        ?    ?s
cosmic_scales_remix      1705   1476    6    6    1     172m    7s
geode_cosmos             1519   1324    5   10    4     255m   11s
sundew_snare             1495   1345    ?    ?    ?        ?    ?s
desert_rosette           1394   1231    ?    ?    ?        ?    ?s
lantern_mangrove          699    556    ?    ?    ?        ?    ?s
salt_mirror               644    537    1    0    2      73m    8s
mineral_heart             579    488    4    5    8     155m   18s
cave_of_numbers           369    320    0    1    1     217m   40s
copper_rain               324    260    1    2    1     494m  109s
ember_meadow              320    268    ?    ?    ?        ?    ?s
butterfly_meridian        310    285    1    0    2     121m   25s
sugar_nebula              274    219    1    1    0      73m   20s
vesper_flight             265    233    ?    ?    ?        ?    ?s
circuit_city              252    226    2    3    1      30m    8s
tesla_garden              217    191    1    1    1     405m  119s
peony_shell               214    178    ?    ?    ?        ?    ?s
brinicle_grove            200    160    ?    ?    ?        ?    ?s
whale_fall_republic       198    168    ?    ?    ?        ?    ?s
dollhouse                 174    141    0    2    0      98m   43s
caddis_masonry            173    153    ?    ?    ?        ?    ?s
chameleon_prism           168    155    ?    ?    ?        ?    ?s
cinder_veil               168    150    2    0    1     144m   56s
velvet_atlas              167    134    0    1    0     222m   94s
cartographer              167    136    0    2    0      13m    6s
moth_orchard_night        166    136    0    0    0      15m    6s
tide_glass                166    152    2    0    1      52m   19s
snowfall                  166    128    0    1    0      19m    8s
glass_apiary              162    139    0    0    0     757m  305s
frost_window              162    139    0    1    0     688m  285s
resonance_hall            157    140    2    1    1      14m    6s
ink_dynasty               156    139    0    2    0     108m   47s
chalkboard_infinities     153    125    0    0    0     726m  328s
abyssal_chandelier        151    132    2    2    0     111m   47s
quantum_orrery            151    141    0    1    0     512m  212s
pollen_court              149    137    0    0    0     689m  291s
ivory_gambit              144    131    3    1    0      15m    6s
jade_automata             143    122    2    1    1     142m   60s
lather_atlas              140    129    0    0    0       9m    5s
termite_citadel           137    124    ?    ?    ?        ?    ?s
lichen_moor               130    116    0    0    0     158m   80s
wild_yeast                  ?      ?    ?    ?    ?        ?    ?s

appended 44 rows to outbox/ig_insights.jsonl
  instagram: https://www.instagram.com/powers.of.zen/reel/DcjEaHItaFN/

Summary: {
  "youtube": "https://youtube.com/shorts/ewtgHSxpJus",
  "instagram": "https://www.instagram.com/powers.of.zen/reel/DcjEaHItaFN/"
}
=== 11:07:59 next post: 2026-08-28 06:00
=== 12:05:02 dead-zone remap: virtual 2026-08-28 06:00 -> actual 2026-08-28 09:00
=== 12:05:02 not yet — next post at 2026-08-28 09:00 (virtual 2026-08-28 06:00) (cadence 19.0h)
=== 13:05:02 dead-zone remap: virtual 2026-08-28 06:00 -> actual 2026-08-28 09:00
=== 13:05:02 not yet — next post at 2026-08-28 09:00 (virtual 2026-08-28 06:00) (cadence 19.0h)
=== 14:05:01 dead-zone remap: virtual 2026-08-28 06:00 -> actual 2026-08-28 09:00
=== 14:05:01 not yet — next post at 2026-08-28 09:00 (virtual 2026-08-28 06:00) (cadence 19.0h)
=== 15:05:01 dead-zone remap: virtual 2026-08-28 06:00 -> actual 2026-08-28 09:00
=== 15:05:01 not yet — next post at 2026-08-28 09:00 (virtual 2026-08-28 06:00) (cadence 19.0h)
=== 16:05:02 dead-zone remap: virtual 2026-08-28 06:00 -> actual 2026-08-28 09:00
=== 16:05:02 not yet — next post at 2026-08-28 09:00 (virtual 2026-08-28 06:00) (cadence 19.0h)
=== 17:05:02 dead-zone remap: virtual 2026-08-28 06:00 -> actual 2026-08-28 09:00
=== 17:05:02 not yet — next post at 2026-08-28 09:00 (virtual 2026-08-28 06:00) (cadence 19.0h)
=== 18:00:01 dead-zone remap: virtual 2026-08-28 06:00 -> actual 2026-08-28 09:00
=== 18:00:01 not yet — next post at 2026-08-28 09:00 (virtual 2026-08-28 06:00) (cadence 19.0h)
=== 18:05:01 dead-zone remap: virtual 2026-08-28 06:00 -> actual 2026-08-28 09:00
=== 18:05:01 not yet — next post at 2026-08-28 09:00 (virtual 2026-08-28 06:00) (cadence 19.0h)
=== 19:05:01 dead-zone remap: virtual 2026-08-28 06:00 -> actual 2026-08-28 09:00
=== 19:05:01 not yet — next post at 2026-08-28 09:00 (virtual 2026-08-28 06:00) (cadence 19.0h)
=== 20:05:02 dead-zone remap: virtual 2026-08-28 06:00 -> actual 2026-08-28 09:00
=== 20:05:02 not yet — next post at 2026-08-28 09:00 (virtual 2026-08-28 06:00) (cadence 19.0h)
=== 21:05:02 dead-zone remap: virtual 2026-08-28 06:00 -> actual 2026-08-28 09:00
=== 21:05:02 not yet — next post at 2026-08-28 09:00 (virtual 2026-08-28 06:00) (cadence 19.0h)
=== 22:05:02 dead-zone remap: virtual 2026-08-28 06:00 -> actual 2026-08-28 09:00
=== 22:05:02 not yet — next post at 2026-08-28 09:00 (virtual 2026-08-28 06:00) (cadence 19.0h)
=== 23:05:02 dead-zone remap: virtual 2026-08-28 06:00 -> actual 2026-08-28 09:00
=== 23:05:02 not yet — next post at 2026-08-28 09:00 (virtual 2026-08-28 06:00) (cadence 19.0h)
=== 00:05:01 dead-zone remap: virtual 2026-08-28 06:00 -> actual 2026-08-28 09:00
=== 00:05:01 not yet — next post at 2026-08-28 09:00 (virtual 2026-08-28 06:00) (cadence 19.0h)
=== 01:05:01 dead-zone remap: virtual 2026-08-28 06:00 -> actual 2026-08-28 09:00
=== 01:05:01 not yet — next post at 2026-08-28 09:00 (virtual 2026-08-28 06:00) (cadence 19.0h)
=== 14:05:01 dead-zone remap: virtual 2026-08-28 06:00 -> actual 2026-08-28 09:00
=== 14:05:01 gate open (scheduled 2026-08-28 06:00) — running poster
Posting: cobalt_rookery  (file: production/cobalt_rookery_ds_shift.mp4, ds/zoomout)
  ⏸ skipping paused platform(s): tiktok
  youtube: https://youtube.com/shorts/eHyDPxeyuZY
  (file chooser never opened — reconnecting and retrying)
followers: 66   ('66 Followers, 14 Following, 51 Posts - See Instagram photos and videos from Powe')
reels on grid: 36 (trusted-hover pass, 36 with likes)

journey                     views  likes  like%  code
squid_lantern                2992     59   2.0%  DcKg2bhhBG0
physarum_maze                1750     32   1.8%  DcUsSy3pWpB
geode_cosmos                 1519     33   2.2%  DcGahIISzJw
sundew_snare                 1495     75   5.0%  DcMilj8BvPm
desert_rosette               1395     35   2.5%  DcQnXQrhkHn
lantern_mangrove             1374     20   1.5%  DcgRKhzODHi
salt_mirror                   644      1   0.2%  DcBQ7cpxIRg
mineral_heart                 579     17   2.9%  Dbk8L2hpUfz
cave_of_numbers               369      5   1.4%  DbmA2MBQ0Ft
vesper_flight                 348      9   2.6%  DchCOAOhmDn
copper_rain                   325      8   2.5%  DbsqkAqu7OB
ember_meadow                  322      6   1.9%  DcOk8BQACG5
sugar_nebula                  274      1   0.4%  Db0Y8-qO1-Q
tesla_garden                  217     10   4.6%  DbvPXOBPRP8
peony_shell                   215      1   0.5%  DccarGtgKjB
brinicle_grove                200      1   0.5%  DcWuv6DhbSb
whale_fall_republic           198      5   2.5%  DcY5PRHxbtQ
wild_yeast                    190      1   0.5%  DcjEaHItaFN
caddis_masonry                177      3   1.7%  Dca_2VJRSs1
chameleon_prism               168      4   2.4%  DcSp1LvuwkB
cinder_veil                   168      1   0.6%  Db_wy6SMj1f
velvet_atlas                  167      6   3.6%  DbwUB8zQlsm
moth_orchard_night            166      7   4.2%  DcE6Y9Murh5
tide_glass                    166      2   1.2%  Db-sIZ8JNWA
glass_apiary                  162      3   1.9%  DbrKbv5BzMr
frost_window                  162      2   1.2%  DbolpFYs3Tq
resonance_hall                157      4   2.5%  Db9L_ofszjn
ink_dynasty                   156      8   5.1%  Db1dnXug0Om
chalkboard_infinities         153      4   2.6%  Dby40v0t29S
abyssal_chandelier            151      2   1.3%  DcCVl5qtz4w
quantum_orrery                151      3   2.0%  DbqFxM6R-lR
pollen_court                  149      4   2.7%  DbtvOrQMd-j
termite_citadel               144      2   1.4%  Dce_d_qOwVA
ivory_gambit                  144      3   2.1%  DcD1ubzp9IM
lather_atlas                  140      2   1.4%  Dbng-e1hZRb
lichen_moor                   130      2   1.5%  Db29vr7gb7Y

snapshot appended to outbox/ig_stats.jsonl (36 rows)
journey                 views  reach  shr  sav  fol    watch   avg
squid_lantern            2992   2170    ?    ?    ?        ?    ?s
night_bloom_remix        2093   1372    6    6    2     416m   14s
physarum_maze            1750   1442    ?    ?    ?        ?    ?s
geode_cosmos             1519   1324    5   10    4     255m   11s
sundew_snare             1495   1345    ?    ?    ?        ?    ?s
desert_rosette           1395   1231    ?    ?    ?        ?    ?s
lantern_mangrove         1374   1123    ?    ?    ?        ?    ?s
salt_mirror               644    537    1    0    2      73m    8s
mineral_heart             579    488    4    5    8     155m   18s
cave_of_numbers           369    320    0    1    1     217m   40s
vesper_flight             348    310    ?    ?    ?        ?    ?s
copper_rain               325    260    1    2    1     494m  109s
ember_meadow              322    269    ?    ?    ?        ?    ?s
butterfly_meridian        310    285    1    0    2     121m   25s
sugar_nebula              274    219    1    1    0      73m   20s
circuit_city              252    226    2    3    1      30m    8s
tesla_garden              217    191    1    1    1     405m  119s
peony_shell               215    179    ?    ?    ?        ?    ?s
brinicle_grove            200    160    ?    ?    ?        ?    ?s
whale_fall_republic       198    168    ?    ?    ?        ?    ?s
wild_yeast                190    159    ?    ?    ?        ?    ?s
caddis_masonry            177    155    ?    ?    ?        ?    ?s
dollhouse                 174    141    0    2    0      98m   43s
chameleon_prism           168    155    ?    ?    ?        ?    ?s
cinder_veil               168    150    2    0    1     144m   56s
velvet_atlas              167    134    0    1    0     222m   94s
cartographer              167    136    0    2    0      13m    6s
moth_orchard_night        166    136    0    0    0      15m    6s
tide_glass                166    152    2    0    1      52m   19s
glass_apiary              162    139    0    0    0     757m  305s
frost_window              162    139    0    1    0     688m  285s
resonance_hall            157    140    2    1    1      14m    6s
ink_dynasty               156    139    0    2    0     108m   47s
chalkboard_infinities     153    125    0    0    0     726m  328s
abyssal_chandelier        151    132    2    2    0     111m   47s
quantum_orrery            151    141    0    1    0     512m  212s
pollen_court              149    137    0    0    0     689m  291s
termite_citadel           144    127    ?    ?    ?        ?    ?s
ivory_gambit              144    131    3    1    0      15m    6s
jade_automata             143    122    2    1    1     142m   60s
lather_atlas              140    129    0    0    0       9m    5s
lichen_moor               130    116    0    0    0     158m   80s

appended 42 rows to outbox/ig_insights.jsonl
  !! FLAG [instagram/unexpected] file chooser never opened
     context: {"buttons":["Instagram","HomeHome","ReelsReels","ChannelsChannels","MessagesMessages","SearchSearch","NotificationsNotifications","New postCreate","Profile","SettingsMore","aram_arshadii","buhbeegurl","cristina_faggionato","buhbeegurl","1w","More options","Like","2","Comment","Repost","Share","Save","Save","buhbeegurl","More options","Learn moreRight chevron","Like","Comment","Share","Save"],"headings":[]}

Summary: {
  "youtube": "https://youtube.com/shorts/eHyDPxeyuZY",
  "instagram": "ERROR: file chooser never opened"
}
⚠ NEW flags recorded in /mnt/c/Users/Phil/zoomer/outbox/flags.jsonl this run — review before next run.
=== 14:08:16 next post: 2026-08-29 01:00
=== 15:05:00 dead-zone remap: virtual 2026-08-29 01:00 -> actual 2026-08-28 21:00
=== 15:05:00 not yet — next post at 2026-08-28 21:00 (virtual 2026-08-29 01:00) (cadence 19.0h)
=== 16:05:01 dead-zone remap: virtual 2026-08-29 01:00 -> actual 2026-08-28 21:00
=== 16:05:01 not yet — next post at 2026-08-28 21:00 (virtual 2026-08-29 01:00) (cadence 19.0h)
=== 17:05:01 dead-zone remap: virtual 2026-08-29 01:00 -> actual 2026-08-28 21:00
=== 17:05:01 not yet — next post at 2026-08-28 21:00 (virtual 2026-08-29 01:00) (cadence 19.0h)
=== 18:00:01 dead-zone remap: virtual 2026-08-29 01:00 -> actual 2026-08-28 21:00
=== 18:00:01 not yet — next post at 2026-08-28 21:00 (virtual 2026-08-29 01:00) (cadence 19.0h)
=== 18:05:01 dead-zone remap: virtual 2026-08-29 01:00 -> actual 2026-08-28 21:00
=== 18:05:01 not yet — next post at 2026-08-28 21:00 (virtual 2026-08-29 01:00) (cadence 19.0h)
=== 19:05:00 dead-zone remap: virtual 2026-08-29 01:00 -> actual 2026-08-28 21:00
=== 19:05:00 not yet — next post at 2026-08-28 21:00 (virtual 2026-08-29 01:00) (cadence 19.0h)
=== 20:05:02 dead-zone remap: virtual 2026-08-29 01:00 -> actual 2026-08-28 21:00
=== 20:05:02 not yet — next post at 2026-08-28 21:00 (virtual 2026-08-29 01:00) (cadence 19.0h)
=== 21:05:01 dead-zone remap: virtual 2026-08-29 01:00 -> actual 2026-08-28 21:00
=== 21:05:01 gate open (scheduled 2026-08-29 01:00) — running poster
Posting: meteorite_cradle  (file: review_divein/meteorite_cradle_ds_divein_shift.mp4, ds/divein)
  ⏸ skipping paused platform(s): tiktok
  youtube: https://youtube.com/shorts/uOksS1wkj9M
  share click path: trusted
followers: 66   ('66 Followers, 14 Following, 53 Posts - See Instagram photos and videos from Powe')
reels on grid: 36 (trusted-hover pass, 35 with likes)

journey                     views  likes  like%  code
squid_lantern                2992     59   2.0%  DcKg2bhhBG0
physarum_maze                1750     32   1.8%  DcUsSy3pWpB
geode_cosmos                 1519     33   2.2%  DcGahIISzJw
sundew_snare                 1495     75   5.0%  DcMilj8BvPm
desert_rosette               1395     35   2.5%  DcQnXQrhkHn
lantern_mangrove             1375     20   1.5%  DcgRKhzODHi
salt_mirror                   644      1   0.2%  DcBQ7cpxIRg
vesper_flight                 348      9   2.6%  DchCOAOhmDn
copper_rain                   325      8   2.5%  DbsqkAqu7OB
ember_meadow                  322      6   1.9%  DcOk8BQACG5
sugar_nebula                  274      1   0.4%  Db0Y8-qO1-Q
tesla_garden                  217     10   4.6%  DbvPXOBPRP8
peony_shell                   215      1   0.5%  DccarGtgKjB
brinicle_grove                200      1   0.5%  DcWuv6DhbSb
whale_fall_republic           198      5   2.5%  DcY5PRHxbtQ
wild_yeast                    191      1   0.5%  DcjEaHItaFN
caddis_masonry                177      3   1.7%  Dca_2VJRSs1
chameleon_prism               168      4   2.4%  DcSp1LvuwkB
cinder_veil                   168      1   0.6%  Db_wy6SMj1f
velvet_atlas                  167      6   3.6%  DbwUB8zQlsm
moth_orchard_night            166      7   4.2%  DcE6Y9Murh5
tide_glass                    166      2   1.2%  Db-sIZ8JNWA
glass_apiary                  162      3   1.9%  DbrKbv5BzMr
frost_window                  162      2   1.2%  DbolpFYs3Tq
resonance_hall                157      4   2.5%  Db9L_ofszjn
ink_dynasty                   156      8   5.1%  Db1dnXug0Om
chalkboard_infinities         153      4   2.6%  Dby40v0t29S
abyssal_chandelier            151      2   1.3%  DcCVl5qtz4w
quantum_orrery                151      3   2.0%  DbqFxM6R-lR
pollen_court                  149      4   2.7%  DbtvOrQMd-j
termite_citadel               144      2   1.4%  Dce_d_qOwVA
ivory_gambit                  144      3   2.1%  DcD1ubzp9IM
cobalt_rookery                141      3   2.1%  DcmB0c-OpAZ
lather_atlas                  140      2   1.4%  Dbng-e1hZRb
lichen_moor                   130      2   1.5%  Db29vr7gb7Y
meteorite_cradle                ?      ?      ?  Dcmt3kHNrQw

snapshot appended to outbox/ig_stats.jsonl (36 rows)
journey                 views  reach  shr  sav  fol    watch   avg
squid_lantern            2992   2170    7   10   14     224m    6s
night_bloom_remix        2093   1372    6    6    2     416m   14s
physarum_maze            1750   1442    9    8    3     207m    9s
geode_cosmos             1519   1324    5   10    4     255m   11s
sundew_snare             1495   1345   13   11    4     136m    6s
desert_rosette           1395   1231   12    9    1     196m    9s
lantern_mangrove         1375   1124    ?    ?    ?        ?    ?s
salt_mirror               644    537    1    0    2      73m    8s
mineral_heart             579    488    4    5    8     155m   18s
cave_of_numbers           369    320    0    1    1     217m   40s
vesper_flight             348    310    ?    ?    ?        ?    ?s
copper_rain               325    260    1    2    1     494m  109s
ember_meadow              322    269    1    2    0      65m   14s
butterfly_meridian        310    285    1    0    2     121m   25s
sugar_nebula              274    219    1    1    0      73m   20s
circuit_city              252    226    2    3    1      30m    8s
tesla_garden              217    191    1    1    1     405m  119s
peony_shell               215    179    ?    ?    ?        ?    ?s
brinicle_grove            200    160    ?    ?    ?        ?    ?s
whale_fall_republic       198    168    ?    ?    ?        ?    ?s
wild_yeast                191    161    ?    ?    ?        ?    ?s
caddis_masonry            177    155    ?    ?    ?        ?    ?s
dollhouse                 174    141    0    2    0      98m   43s
chameleon_prism           168    155    1    1    1     185m   66s
cinder_veil               168    150    2    0    1     144m   56s
velvet_atlas              167    134    0    1    0     222m   94s
cartographer              167    136    0    2    0      13m    6s
moth_orchard_night        166    136    0    0    0      15m    6s
tide_glass                166    152    2    0    1      52m   19s
glass_apiary              162    139    0    0    0     757m  305s
frost_window              162    139    0    1    0     688m  285s
resonance_hall            157    140    2    1    1      14m    6s
ink_dynasty               156    139    0    2    0     108m   47s
chalkboard_infinities     153    125    0    0    0     726m  328s
abyssal_chandelier        151    132    2    2    0     111m   47s
quantum_orrery            151    141    0    1    0     512m  212s
pollen_court              149    137    0    0    0     689m  291s
termite_citadel           144    127    ?    ?    ?        ?    ?s
ivory_gambit              144    131    3    1    0      15m    6s
jade_automata             143    122    2    1    1     142m   60s
cobalt_rookery            141    125    ?    ?    ?        ?    ?s
lather_atlas              140    129    0    0    0       9m    5s
lichen_moor               130    116    0    0    0     158m   80s
meteorite_cradle            ?      ?    ?    ?    ?        ?    ?s

appended 44 rows to outbox/ig_insights.jsonl
  instagram: https://www.instagram.com/powers.of.zen/reel/Dcmt3kHNrQw/

Summary: {
  "youtube": "https://youtube.com/shorts/uOksS1wkj9M",
  "instagram": "https://www.instagram.com/powers.of.zen/reel/Dcmt3kHNrQw/"
}
=== 21:07:41 next post: 2026-08-29 20:00
=== 22:05:00 not yet — next post at 2026-08-29 20:00 (cadence 19.0h)
=== 23:05:01 not yet — next post at 2026-08-29 20:00 (cadence 19.0h)
=== 00:05:01 not yet — next post at 2026-08-29 20:00 (cadence 19.0h)
=== 01:05:01 not yet — next post at 2026-08-29 20:00 (cadence 19.0h)
=== 02:05:01 not yet — next post at 2026-08-29 20:00 (cadence 19.0h)
=== 03:05:01 not yet — next post at 2026-08-29 20:00 (cadence 19.0h)
=== 04:05:01 not yet — next post at 2026-08-29 20:00 (cadence 19.0h)
=== 05:05:01 not yet — next post at 2026-08-29 20:00 (cadence 19.0h)
=== 06:05:01 not yet — next post at 2026-08-29 20:00 (cadence 19.0h)
=== 07:05:02 not yet — next post at 2026-08-29 20:00 (cadence 19.0h)
=== 08:00:01 not yet — next post at 2026-08-29 20:00 (cadence 19.0h)
=== 08:05:01 not yet — next post at 2026-08-29 20:00 (cadence 19.0h)
=== 09:05:01 not yet — next post at 2026-08-29 20:00 (cadence 19.0h)
=== 10:05:04 not yet — next post at 2026-08-29 20:00 (cadence 19.0h)
=== 11:05:04 not yet — next post at 2026-08-29 20:00 (cadence 19.0h)
=== 12:05:00 not yet — next post at 2026-08-29 20:00 (cadence 19.0h)
=== 13:05:01 not yet — next post at 2026-08-29 20:00 (cadence 19.0h)
=== 14:05:01 not yet — next post at 2026-08-29 20:00 (cadence 19.0h)
=== 15:05:01 not yet — next post at 2026-08-29 20:00 (cadence 19.0h)
=== 16:04:59 not yet — next post at 2026-08-29 20:00 (cadence 19.0h)
=== 17:05:01 not yet — next post at 2026-08-29 20:00 (cadence 19.0h)
=== 18:00:04 not yet — next post at 2026-08-29 20:00 (cadence 19.0h)
=== 18:05:01 not yet — next post at 2026-08-29 20:00 (cadence 19.0h)
=== 19:05:00 not yet — next post at 2026-08-29 20:00 (cadence 19.0h)
=== 20:05:01 gate open (scheduled 2026-08-29 20:00) — running poster
Posting: pomegranate_vault  (file: review_divein/pomegranate_vault_ds_divein_shift.mp4, ds/divein)
  ⏸ skipping paused platform(s): tiktok
  youtube: https://youtube.com/shorts/e9J2gATz9K8
  share click path: trusted
followers: 66   ('66 Followers, 17 Following, 54 Posts - See Instagram photos and videos from Powe')
reels on grid: 44 (trusted-hover pass, 43 with likes)

journey                     views  likes  like%  code
squid_lantern                2995     59   2.0%  DcKg2bhhBG0
night_bloom_remix            2094     28   1.3%  Dbg3QOnxpQi
physarum_maze                1751     32   1.8%  DcUsSy3pWpB
geode_cosmos                 1520     33   2.2%  DcGahIISzJw
sundew_snare                 1499     75   5.0%  DcMilj8BvPm
desert_rosette               1396     35   2.5%  DcQnXQrhkHn
lantern_mangrove             1382     21   1.5%  DcgRKhzODHi
cobalt_rookery                772     22   2.8%  DcmB0c-OpAZ
salt_mirror                   645      1   0.2%  DcBQ7cpxIRg
mineral_heart                 579     17   2.9%  Dbk8L2hpUfz
meteorite_cradle              386      8   2.1%  Dcmt3kHNrQw
cave_of_numbers               369      5   1.4%  DbmA2MBQ0Ft
vesper_flight                 355      9   2.5%  DchCOAOhmDn
copper_rain                   325      8   2.5%  DbsqkAqu7OB
ember_meadow                  323      6   1.9%  DcOk8BQACG5
butterfly_meridian            310     15   4.8%  DbiXYvTxGr9
sugar_nebula                  274      1   0.4%  Db0Y8-qO1-Q
circuit_city                  253      7   2.8%  DbeSdr0uWQe
peony_shell                   217      1   0.5%  DccarGtgKjB
tesla_garden                  217     10   4.6%  DbvPXOBPRP8
wild_yeast                    202      1   0.5%  DcjEaHItaFN
brinicle_grove                201      1   0.5%  DcWuv6DhbSb
whale_fall_republic           199      5   2.5%  DcY5PRHxbtQ
caddis_masonry                178      3   1.7%  Dca_2VJRSs1
dollhouse                     176      4   2.3%  DbfylfKtqYd
chameleon_prism               169      4   2.4%  DcSp1LvuwkB
cinder_veil                   169      1   0.6%  Db_wy6SMj1f
velvet_atlas                  168      6   3.6%  DbwUB8zQlsm
moth_orchard_night            167      7   4.2%  DcE6Y9Murh5
tide_glass                    167      2   1.2%  Db-sIZ8JNWA
glass_apiary                  162      3   1.9%  DbrKbv5BzMr
frost_window                  162      2   1.2%  DbolpFYs3Tq
resonance_hall                157      4   2.5%  Db9L_ofszjn
ink_dynasty                   157      8   5.1%  Db1dnXug0Om
chalkboard_infinities         153      4   2.6%  Dby40v0t29S
abyssal_chandelier            152      2   1.3%  DcCVl5qtz4w
quantum_orrery                151      3   2.0%  DbqFxM6R-lR
pollen_court                  150      4   2.7%  DbtvOrQMd-j
termite_citadel               146      2   1.4%  Dce_d_qOwVA
ivory_gambit                  145      3   2.1%  DcD1ubzp9IM
jade_automata                 143      9   6.3%  DbjcDhyO_9n
lather_atlas                  140      2   1.4%  Dbng-e1hZRb
lichen_moor                   130      2   1.5%  Db29vr7gb7Y
pomegranate_vault               ?      ?      ?  DcpLy5DNrUW

snapshot appended to outbox/ig_stats.jsonl (44 rows)
journey                 views  reach  shr  sav  fol    watch   avg
squid_lantern            2995   2172    7   10   14     224m    6s
night_bloom_remix        2094   1374    6    6    2     416m   14s
physarum_maze            1751   1444    ?    ?    ?        ?    ?s
geode_cosmos             1520   1326    5   10    4     255m   11s
sundew_snare             1499   1347    ?    ?    ?        ?    ?s
desert_rosette           1396   1231    ?    ?    ?        ?    ?s
lantern_mangrove         1382   1128    ?    ?    ?        ?    ?s
cobalt_rookery            772    647    ?    ?    ?        ?    ?s
salt_mirror               645    538    1    0    2      73m    8s
mineral_heart             579    488    4    5    8     155m   18s
meteorite_cradle          386    346    ?    ?    ?        ?    ?s
cave_of_numbers           369    320    0    1    1     217m   40s
vesper_flight             355    319    ?    ?    ?        ?    ?s
copper_rain               325    260    1    2    1     494m  109s
ember_meadow              323    270    ?    ?    ?        ?    ?s
butterfly_meridian        310    285    1    0    2     121m   25s
sugar_nebula              274    219    1    1    0      73m   20s
peony_shell               217    181    ?    ?    ?        ?    ?s
tesla_garden              217    191    1    1    1     405m  119s
wild_yeast                202    173    ?    ?    ?        ?    ?s
brinicle_grove            201    161    ?    ?    ?        ?    ?s
whale_fall_republic       199    169    ?    ?    ?        ?    ?s
caddis_masonry            178    155    ?    ?    ?        ?    ?s
dollhouse                 176    142    0    2    0      98m   42s
chameleon_prism           169    156    ?    ?    ?        ?    ?s
cinder_veil               169    151    2    0    1     144m   55s
velvet_atlas              168    135    0    1    0     222m   93s
moth_orchard_night        167    137    0    0    0      15m    6s
tide_glass                167    153    2    0    1      52m   19s
glass_apiary              162    139    0    0    0     757m  305s
frost_window              162    139    0    1    0     688m  285s
resonance_hall            157    140    2    1    1      14m    6s
ink_dynasty               157    140    0    2    0     108m   46s
chalkboard_infinities     153    125    0    0    0     726m  328s
abyssal_chandelier        152    133    2    2    0     111m   46s
quantum_orrery            151    141    0    1    0     512m  212s
pollen_court              150    138    0    0    0     689m  289s
termite_citadel           146    129    ?    ?    ?        ?    ?s
ivory_gambit              145    132    3    1    0      15m    6s
jade_automata             143    122    2    1    1     142m   60s
lather_atlas              140    129    0    0    0       9m    5s
lichen_moor               130    116    0    0    0     158m   80s
pomegranate_vault           ?      ?    ?    ?    ?        ?    ?s

appended 43 rows to outbox/ig_insights.jsonl
  instagram: https://www.instagram.com/powers.of.zen/reel/DcpLy5DNrUW/

Summary: {
  "youtube": "https://youtube.com/shorts/e9J2gATz9K8",
  "instagram": "https://www.instagram.com/powers.of.zen/reel/DcpLy5DNrUW/"
}
=== 20:07:40 next post: 2026-08-30 15:00
=== 21:04:59 not yet — next post at 2026-08-30 15:00 (cadence 19.0h)
=== 22:05:00 not yet — next post at 2026-08-30 15:00 (cadence 19.0h)
=== 23:05:00 not yet — next post at 2026-08-30 15:00 (cadence 19.0h)
=== 00:05:01 not yet — next post at 2026-08-30 15:00 (cadence 19.0h)
=== 01:05:00 not yet — next post at 2026-08-30 15:00 (cadence 19.0h)
=== 02:05:01 not yet — next post at 2026-08-30 15:00 (cadence 19.0h)
=== 03:05:01 not yet — next post at 2026-08-30 15:00 (cadence 19.0h)
=== 04:05:03 not yet — next post at 2026-08-30 15:00 (cadence 19.0h)
=== 05:05:01 not yet — next post at 2026-08-30 15:00 (cadence 19.0h)
=== 06:05:01 not yet — next post at 2026-08-30 15:00 (cadence 19.0h)
=== 07:05:01 not yet — next post at 2026-08-30 15:00 (cadence 19.0h)
=== 08:00:01 not yet — next post at 2026-08-30 15:00 (cadence 19.0h)
=== 08:05:01 not yet — next post at 2026-08-30 15:00 (cadence 19.0h)
=== 09:05:01 not yet — next post at 2026-08-30 15:00 (cadence 19.0h)
=== 10:05:01 not yet — next post at 2026-08-30 15:00 (cadence 19.0h)
=== 11:05:01 not yet — next post at 2026-08-30 15:00 (cadence 19.0h)
=== 12:05:01 not yet — next post at 2026-08-30 15:00 (cadence 19.0h)
=== 13:05:01 not yet — next post at 2026-08-30 15:00 (cadence 19.0h)
=== 14:05:01 not yet — next post at 2026-08-30 15:00 (cadence 19.0h)
=== 15:05:01 gate open (scheduled 2026-08-30 15:00) — running poster
Posting: eclipse_waterhole  (file: review_divein/eclipse_waterhole_ds_divein_shift.mp4, ds/divein)
  ⏸ skipping paused platform(s): tiktok
  youtube: https://youtube.com/shorts/_2xi59uAd8Q
  share click path: trusted
followers: 72   ('72 Followers, 17 Following, 55 Posts - See Instagram photos and videos from Powe')
reels on grid: 55 (trusted-hover pass, 54 with likes)

journey                     views  likes  like%  code
squid_lantern                2995     59   2.0%  DcKg2bhhBG0
night_bloom_remix            2094     28   1.3%  Dbg3QOnxpQi
physarum_maze                1751     32   1.8%  DcUsSy3pWpB
cosmic_scales_remix          1707     28   1.6%  DbbtqMVtunf
geode_cosmos                 1520     33   2.2%  DcGahIISzJw
sundew_snare                 1500     75   5.0%  DcMilj8BvPm
desert_rosette               1398     35   2.5%  DcQnXQrhkHn
lantern_mangrove             1382     21   1.5%  DcgRKhzODHi
cobalt_rookery                956     29   3.0%  DcmB0c-OpAZ
salt_mirror                   645      1   0.2%  DcBQ7cpxIRg
mineral_heart                 579     17   2.9%  Dbk8L2hpUfz
meteorite_cradle              535     11   2.1%  Dcmt3kHNrQw
cave_of_numbers               369      5   1.4%  DbmA2MBQ0Ft
vesper_flight                 357      9   2.5%  DchCOAOhmDn
copper_rain                   325      8   2.5%  DbsqkAqu7OB
ember_meadow                  323      6   1.9%  DcOk8BQACG5
butterfly_meridian            310     15   4.8%  DbiXYvTxGr9
sugar_nebula                  274      1   0.4%  Db0Y8-qO1-Q
circuit_city                  253      7   2.8%  DbeSdr0uWQe
food_chain                    240      2   0.8%  DbZI3tOMPqL
peony_shell                   217      1   0.5%  DccarGtgKjB
tesla_garden                  217     10   4.6%  DbvPXOBPRP8
?                             205      2   1.0%  DbRslvuJmwq
wild_yeast                    203      1   0.5%  DcjEaHItaFN
brinicle_grove                201      1   0.5%  DcWuv6DhbSb
whale_fall_republic           199      5   2.5%  DcY5PRHxbtQ
pomegranate_vault             196      2   1.0%  DcpLy5DNrUW
caddis_masonry                178      3   1.7%  Dca_2VJRSs1
dollhouse                     176      4   2.3%  DbfylfKtqYd
chameleon_prism               169      4   2.4%  DcSp1LvuwkB
cinder_veil                   169      1   0.6%  Db_wy6SMj1f
velvet_atlas                  168      6   3.6%  DbwUB8zQlsm
moth_orchard_night            167      7   4.2%  DcE6Y9Murh5
tide_glass                    167      2   1.2%  Db-sIZ8JNWA
cartographer                  167      5   3.0%  DbdS6MlhTBU
?                             167      3   1.8%  DbUAppwshJV
snowfall                      166      3   1.8%  Dba1KIBhz3b
glass_apiary                  162      3   1.9%  DbrKbv5BzMr
frost_window                  162      2   1.2%  DbolpFYs3Tq
resonance_hall                157      4   2.5%  Db9L_ofszjn
ink_dynasty                   157      8   5.1%  Db1dnXug0Om
chalkboard_infinities         153      4   2.6%  Dby40v0t29S
abyssal_chandelier            152      2   1.3%  DcCVl5qtz4w
quantum_orrery                151      3   2.0%  DbqFxM6R-lR
midnight_kitchen              151      4   2.6%  DbTB20SvVx6
pollen_court                  150      4   2.7%  DbtvOrQMd-j
termite_citadel               146      2   1.4%  Dce_d_qOwVA
ivory_gambit                  145      3   2.1%  DcD1ubzp9IM
jade_automata                 143      9   6.3%  DbjcDhyO_9n
lather_atlas                  140      2   1.4%  Dbng-e1hZRb
lichen_moor                   130      2   1.5%  Db29vr7gb7Y
alexandria                    130      4   3.1%  DbYP5WcutsC
tide_of_life                   78      2   2.6%  DbVob6pJnSg
alexandria                     70      2   2.9%  DbWkGPOBLzg
eclipse_waterhole               ?      ?      ?  DcrORSVvyet

snapshot appended to outbox/ig_stats.jsonl (55 rows)
journey                 views  reach  shr  sav  fol    watch   avg
squid_lantern            2995   2172    7   10   14     224m    6s
physarum_maze            1751   1444    9    8    3     207m    9s
geode_cosmos             1520   1326    5   10    4     255m   11s
sundew_snare             1500   1349   13   11    4     137m    6s
desert_rosette           1398   1231   12    9    1     196m    9s
lantern_mangrove         1382   1129    2    5    0     532m   28s
cobalt_rookery            956    811    5    7    3     146m   11s
salt_mirror               645    538    1    0    2      73m    8s
mineral_heart             579    488    4    5    8     155m   18s
meteorite_cradle          535    479    8    6    4      59m    7s
cave_of_numbers           369    320    0    1    1     217m   40s
vesper_flight             357    321    1    4    2      50m    9s
copper_rain               325    260    1    2    1     494m  109s
ember_meadow              323    270    1    2    0      65m   14s
sugar_nebula              274    219    1    1    0      73m   20s
peony_shell               217    181    0    0    0      18m    6s
tesla_garden              217    191    1    1    1     405m  119s
wild_yeast                203    174    1    0    0     236m   74s
brinicle_grove            201    161    1    0    0      20m    7s
whale_fall_republic       199    169    1    2    1      20m    7s
pomegranate_vault         196    171    0    0    0     880m  295s
caddis_masonry            178    155    0    0    0      23m    8s
chameleon_prism           169    156    1    1    1     185m   66s
cinder_veil               169    151    2    0    1     144m   55s
velvet_atlas              168    135    0    1    0     222m   93s
moth_orchard_night        167    137    0    0    0      15m    6s
tide_glass                167    153    2    0    1      52m   19s
glass_apiary              162    139    0    0    0     757m  305s
frost_window              162    139    0    1    0     688m  285s
resonance_hall            157    140    2    1    1      14m    6s
ink_dynasty               157    140    0    2    0     108m   46s
chalkboard_infinities     153    125    0    0    0     726m  328s
abyssal_chandelier        152    133    2    2    0     111m   46s
quantum_orrery            151    141    0    1    0     512m  212s
pollen_court              150    138    0    0    0     689m  289s
termite_citadel           146    129    0    1    0      18m    8s
ivory_gambit              145    132    3    1    0      15m    6s
jade_automata             143    122    2    1    1     142m   60s
lather_atlas              140    129    0    0    0       9m    5s
lichen_moor               130    116    0    0    0     158m   80s
eclipse_waterhole           ?      ?    0    0    0        ?    ?s

appended 41 rows to outbox/ig_insights.jsonl
  instagram: https://www.instagram.com/powers.of.zen/reel/DcrORSVvyet/

Summary: {
  "youtube": "https://youtube.com/shorts/_2xi59uAd8Q",
  "instagram": "https://www.instagram.com/powers.of.zen/reel/DcrORSVvyet/"
}
=== 15:08:17 next post: 2026-08-31 10:00
=== 16:05:02 not yet — next post at 2026-08-31 10:00 (cadence 19.0h)
=== 17:05:01 not yet — next post at 2026-08-31 10:00 (cadence 19.0h)
=== 18:00:01 not yet — next post at 2026-08-31 10:00 (cadence 19.0h)
=== 18:05:01 not yet — next post at 2026-08-31 10:00 (cadence 19.0h)
=== 19:05:01 not yet — next post at 2026-08-31 10:00 (cadence 19.0h)
=== 20:05:01 not yet — next post at 2026-08-31 10:00 (cadence 19.0h)
=== 21:05:01 not yet — next post at 2026-08-31 10:00 (cadence 19.0h)
=== 22:05:01 not yet — next post at 2026-08-31 10:00 (cadence 19.0h)
=== 23:05:01 not yet — next post at 2026-08-31 10:00 (cadence 19.0h)
=== 00:05:01 not yet — next post at 2026-08-31 10:00 (cadence 19.0h)
=== 01:05:01 not yet — next post at 2026-08-31 10:00 (cadence 19.0h)
=== 02:05:02 not yet — next post at 2026-08-31 10:00 (cadence 19.0h)
=== 03:05:02 not yet — next post at 2026-08-31 10:00 (cadence 19.0h)
=== 04:05:01 not yet — next post at 2026-08-31 10:00 (cadence 19.0h)
=== 05:05:02 not yet — next post at 2026-08-31 10:00 (cadence 19.0h)
=== 06:05:02 not yet — next post at 2026-08-31 10:00 (cadence 19.0h)
=== 07:05:02 not yet — next post at 2026-08-31 10:00 (cadence 19.0h)
=== 08:00:02 not yet — next post at 2026-08-31 10:00 (cadence 19.0h)
=== 08:05:02 not yet — next post at 2026-08-31 10:00 (cadence 19.0h)
=== 09:05:02 not yet — next post at 2026-08-31 10:00 (cadence 19.0h)
=== 10:05:02 gate open (scheduled 2026-08-31 10:00) — running poster
Posting: magnetite_choir  (file: review_divein/magnetite_choir_ds_divein_shift.mp4, ds/divein)
  ⏸ skipping paused platform(s): tiktok
  youtube: https://youtube.com/shorts/dLYQlGriUbY
  share click path: trusted
followers: 72   ('72 Followers, 17 Following, 56 Posts - See Instagram photos and videos from Powe')
reels on grid: 56 (trusted-hover pass, 55 with likes)

journey                     views  likes  like%  code
squid_lantern                2996     59   2.0%  DcKg2bhhBG0
night_bloom_remix            2094     28   1.3%  Dbg3QOnxpQi
physarum_maze                1751     32   1.8%  DcUsSy3pWpB
cosmic_scales_remix          1707     28   1.6%  DbbtqMVtunf
eclipse_waterhole            1680     52   3.1%  DcrORSVvyet
geode_cosmos                 1521     33   2.2%  DcGahIISzJw
sundew_snare                 1501     75   5.0%  DcMilj8BvPm
desert_rosette               1400     35   2.5%  DcQnXQrhkHn
lantern_mangrove             1383     21   1.5%  DcgRKhzODHi
cobalt_rookery                968     31   3.2%  DcmB0c-OpAZ
salt_mirror                   645      1   0.2%  DcBQ7cpxIRg
mineral_heart                 579     17   2.9%  Dbk8L2hpUfz
meteorite_cradle              538     11   2.0%  Dcmt3kHNrQw
cave_of_numbers               369      5   1.4%  DbmA2MBQ0Ft
vesper_flight                 357      9   2.5%  DchCOAOhmDn
copper_rain                   325      8   2.5%  DbsqkAqu7OB
ember_meadow                  323      6   1.9%  DcOk8BQACG5
butterfly_meridian            310     15   4.8%  DbiXYvTxGr9
sugar_nebula                  274      1   0.4%  Db0Y8-qO1-Q
circuit_city                  253      7   2.8%  DbeSdr0uWQe
food_chain                    240      2   0.8%  DbZI3tOMPqL
peony_shell                   217      1   0.5%  DccarGtgKjB
tesla_garden                  217     10   4.6%  DbvPXOBPRP8
pomegranate_vault             205      2   1.0%  DcpLy5DNrUW
?                             205      2   1.0%  DbRslvuJmwq
wild_yeast                    204      1   0.5%  DcjEaHItaFN
brinicle_grove                201      1   0.5%  DcWuv6DhbSb
whale_fall_republic           199      5   2.5%  DcY5PRHxbtQ
caddis_masonry                178      3   1.7%  Dca_2VJRSs1
dollhouse                     176      4   2.3%  DbfylfKtqYd
chameleon_prism               169      4   2.4%  DcSp1LvuwkB
cinder_veil                   169      1   0.6%  Db_wy6SMj1f
moth_orchard_night            168      7   4.2%  DcE6Y9Murh5
velvet_atlas                  168      6   3.6%  DbwUB8zQlsm
tide_glass                    167      2   1.2%  Db-sIZ8JNWA
cartographer                  167      5   3.0%  DbdS6MlhTBU
?                             167      3   1.8%  DbUAppwshJV
snowfall                      166      3   1.8%  Dba1KIBhz3b
glass_apiary                  162      3   1.9%  DbrKbv5BzMr
frost_window                  162      2   1.2%  DbolpFYs3Tq
resonance_hall                157      4   2.5%  Db9L_ofszjn
ink_dynasty                   157      8   5.1%  Db1dnXug0Om
chalkboard_infinities         153      4   2.6%  Dby40v0t29S
abyssal_chandelier            152      2   1.3%  DcCVl5qtz4w
quantum_orrery                151      3   2.0%  DbqFxM6R-lR
midnight_kitchen              151      4   2.6%  DbTB20SvVx6
pollen_court                  150      4   2.7%  DbtvOrQMd-j
termite_citadel               146      2   1.4%  Dce_d_qOwVA
ivory_gambit                  146      3   2.1%  DcD1ubzp9IM
jade_automata                 143      9   6.3%  DbjcDhyO_9n
lather_atlas                  140      2   1.4%  Dbng-e1hZRb
lichen_moor                   130      2   1.5%  Db29vr7gb7Y
alexandria                    130      4   3.1%  DbYP5WcutsC
tide_of_life                   78      2   2.6%  DbVob6pJnSg
alexandria                     70      2   2.9%  DbWkGPOBLzg
magnetite_choir                 ?      ?      ?  DctQuxrOmCO

snapshot appended to outbox/ig_stats.jsonl (56 rows)
journey                 views  reach  shr  sav  fol    watch   avg
squid_lantern            2996   2175    7   10   14     224m    6s
physarum_maze            1751   1444    9    8    3     207m    9s
eclipse_waterhole        1681   1411    ?    ?    ?        ?    ?s
geode_cosmos             1521   1328    5   10    4     255m   11s
sundew_snare             1501   1351   13   11    4     137m    6s
desert_rosette           1400   1231   12    9    1     197m    9s
lantern_mangrove         1383   1132    ?    ?    ?        ?    ?s
cobalt_rookery            968    823    ?    ?    ?        ?    ?s
salt_mirror               645    538    1    0    2      73m    8s
mineral_heart             579    488    4    5    8     155m   18s
meteorite_cradle          538    483    ?    ?    ?        ?    ?s
cave_of_numbers           369    320    0    1    1     217m   40s
vesper_flight             357    322    ?    ?    ?        ?    ?s
copper_rain               325    260    1    2    1     494m  109s
ember_meadow              323    270    1    2    0      65m   14s
sugar_nebula              274    219    1    1    0      73m   20s
peony_shell               217    181    ?    ?    ?        ?    ?s
tesla_garden              217    191    1    1    1     405m  119s
pomegranate_vault         205    179    ?    ?    ?        ?    ?s
wild_yeast                204    176    ?    ?    ?        ?    ?s
brinicle_grove            201    161    1    0    0      20m    7s
whale_fall_republic       199    169    1    2    1      20m    7s
caddis_masonry            178    155    ?    ?    ?        ?    ?s
chameleon_prism           169    156    1    1    1     185m   66s
cinder_veil               169    151    2    0    1     144m   55s
moth_orchard_night        168    138    0    0    0      15m    6s
velvet_atlas              168    135    0    1    0     222m   93s
tide_glass                167    153    2    0    1      52m   19s
glass_apiary              162    139    0    0    0     757m  305s
frost_window              162    139    0    1    0     688m  285s
resonance_hall            157    140    2    1    1      14m    6s
ink_dynasty               157    140    0    2    0     108m   46s
chalkboard_infinities     153    125    0    0    0     726m  328s
abyssal_chandelier        152    133    2    2    0     111m   46s
quantum_orrery            151    141    0    1    0     512m  212s
pollen_court              150    138    0    0    0     689m  289s
termite_citadel           146    130    ?    ?    ?        ?    ?s
ivory_gambit              146    133    3    1    0      15m    6s
lather_atlas              140    129    0    0    0       9m    5s
lichen_moor               130    116    0    0    0     158m   80s
magnetite_choir             ?      ?    ?    ?    ?        ?    ?s

appended 41 rows to outbox/ig_insights.jsonl
  instagram: https://www.instagram.com/powers.of.zen/reel/DctQuxrOmCO/

Summary: {
  "youtube": "https://youtube.com/shorts/dLYQlGriUbY",
  "instagram": "https://www.instagram.com/powers.of.zen/reel/DctQuxrOmCO/"
}
=== 10:08:10 next post: 2026-09-01 05:00
=== 11:05:02 dead-zone remap: virtual 2026-09-01 05:00 -> actual 2026-09-01 09:00
=== 11:05:02 not yet — next post at 2026-09-01 09:00 (virtual 2026-09-01 05:00) (cadence 19.0h)
=== 12:05:02 dead-zone remap: virtual 2026-09-01 05:00 -> actual 2026-09-01 09:00
=== 12:05:02 not yet — next post at 2026-09-01 09:00 (virtual 2026-09-01 05:00) (cadence 19.0h)
=== 13:05:01 dead-zone remap: virtual 2026-09-01 05:00 -> actual 2026-09-01 09:00
=== 13:05:01 not yet — next post at 2026-09-01 09:00 (virtual 2026-09-01 05:00) (cadence 19.0h)
=== 14:05:02 dead-zone remap: virtual 2026-09-01 05:00 -> actual 2026-09-01 09:00
=== 14:05:02 not yet — next post at 2026-09-01 09:00 (virtual 2026-09-01 05:00) (cadence 19.0h)
=== 15:05:01 dead-zone remap: virtual 2026-09-01 05:00 -> actual 2026-09-01 09:00
=== 15:05:01 not yet — next post at 2026-09-01 09:00 (virtual 2026-09-01 05:00) (cadence 19.0h)
=== 16:05:01 dead-zone remap: virtual 2026-09-01 05:00 -> actual 2026-09-01 09:00
=== 16:05:01 not yet — next post at 2026-09-01 09:00 (virtual 2026-09-01 05:00) (cadence 19.0h)
=== 17:05:02 dead-zone remap: virtual 2026-09-01 05:00 -> actual 2026-09-01 09:00
=== 17:05:02 not yet — next post at 2026-09-01 09:00 (virtual 2026-09-01 05:00) (cadence 19.0h)
=== 18:00:01 dead-zone remap: virtual 2026-09-01 05:00 -> actual 2026-09-01 09:00
=== 18:00:01 not yet — next post at 2026-09-01 09:00 (virtual 2026-09-01 05:00) (cadence 19.0h)
=== 18:05:02 dead-zone remap: virtual 2026-09-01 05:00 -> actual 2026-09-01 09:00
=== 18:05:02 not yet — next post at 2026-09-01 09:00 (virtual 2026-09-01 05:00) (cadence 19.0h)
=== 19:05:02 dead-zone remap: virtual 2026-09-01 05:00 -> actual 2026-09-01 09:00
=== 19:05:02 not yet — next post at 2026-09-01 09:00 (virtual 2026-09-01 05:00) (cadence 19.0h)
=== 20:05:02 dead-zone remap: virtual 2026-09-01 05:00 -> actual 2026-09-01 09:00
=== 20:05:02 not yet — next post at 2026-09-01 09:00 (virtual 2026-09-01 05:00) (cadence 19.0h)
=== 21:05:02 dead-zone remap: virtual 2026-09-01 05:00 -> actual 2026-09-01 09:00
=== 21:05:02 not yet — next post at 2026-09-01 09:00 (virtual 2026-09-01 05:00) (cadence 19.0h)
=== 22:05:02 dead-zone remap: virtual 2026-09-01 05:00 -> actual 2026-09-01 09:00
=== 22:05:02 not yet — next post at 2026-09-01 09:00 (virtual 2026-09-01 05:00) (cadence 19.0h)
=== 23:05:02 dead-zone remap: virtual 2026-09-01 05:00 -> actual 2026-09-01 09:00
=== 23:05:02 not yet — next post at 2026-09-01 09:00 (virtual 2026-09-01 05:00) (cadence 19.0h)
=== 00:05:02 dead-zone remap: virtual 2026-09-01 05:00 -> actual 2026-09-01 09:00
=== 00:05:02 not yet — next post at 2026-09-01 09:00 (virtual 2026-09-01 05:00) (cadence 19.0h)
=== 01:05:02 dead-zone remap: virtual 2026-09-01 05:00 -> actual 2026-09-01 09:00
=== 01:05:02 not yet — next post at 2026-09-01 09:00 (virtual 2026-09-01 05:00) (cadence 19.0h)
=== 02:05:02 dead-zone remap: virtual 2026-09-01 05:00 -> actual 2026-09-01 09:00
=== 02:05:02 not yet — next post at 2026-09-01 09:00 (virtual 2026-09-01 05:00) (cadence 19.0h)
=== 03:05:02 dead-zone remap: virtual 2026-09-01 05:00 -> actual 2026-09-01 09:00
=== 03:05:02 not yet — next post at 2026-09-01 09:00 (virtual 2026-09-01 05:00) (cadence 19.0h)
=== 04:05:02 dead-zone remap: virtual 2026-09-01 05:00 -> actual 2026-09-01 09:00
=== 04:05:02 not yet — next post at 2026-09-01 09:00 (virtual 2026-09-01 05:00) (cadence 19.0h)
=== 05:05:02 dead-zone remap: virtual 2026-09-01 05:00 -> actual 2026-09-01 09:00
=== 05:05:02 not yet — next post at 2026-09-01 09:00 (virtual 2026-09-01 05:00) (cadence 19.0h)
=== 06:05:02 dead-zone remap: virtual 2026-09-01 05:00 -> actual 2026-09-01 09:00
=== 06:05:02 not yet — next post at 2026-09-01 09:00 (virtual 2026-09-01 05:00) (cadence 19.0h)
=== 07:05:01 dead-zone remap: virtual 2026-09-01 05:00 -> actual 2026-09-01 09:00
=== 07:05:01 not yet — next post at 2026-09-01 09:00 (virtual 2026-09-01 05:00) (cadence 19.0h)
=== 08:00:02 dead-zone remap: virtual 2026-09-01 05:00 -> actual 2026-09-01 09:00
=== 08:00:02 not yet — next post at 2026-09-01 09:00 (virtual 2026-09-01 05:00) (cadence 19.0h)
=== 08:05:01 dead-zone remap: virtual 2026-09-01 05:00 -> actual 2026-09-01 09:00
=== 08:05:01 not yet — next post at 2026-09-01 09:00 (virtual 2026-09-01 05:00) (cadence 19.0h)
=== 09:05:01 dead-zone remap: virtual 2026-09-01 05:00 -> actual 2026-09-01 09:00
=== 09:05:01 gate open (scheduled 2026-09-01 05:00) — running poster
Posting: magellanic_mob  (file: production/magellanic_mob_ds.mp4, ds/zoomout)
  ⏸ skipping paused platform(s): tiktok
  youtube: https://youtube.com/shorts/R77ZREl1NhM
  share click path: trusted
followers: 81   ('81 Followers, 20 Following, 57 Posts - See Instagram photos and videos from Powe')
reels on grid: 57 (trusted-hover pass, 56 with likes)

journey                     views  likes  like%  code
squid_lantern                2997     59   2.0%  DcKg2bhhBG0
night_bloom_remix            2094     28   1.3%  Dbg3QOnxpQi
eclipse_waterhole            1948     64   3.3%  DcrORSVvyet
physarum_maze                1753     32   1.8%  DcUsSy3pWpB
cosmic_scales_remix          1708     28   1.6%  DbbtqMVtunf
geode_cosmos                 1522     33   2.2%  DcGahIISzJw
sundew_snare                 1504     75   5.0%  DcMilj8BvPm
desert_rosette               1400     35   2.5%  DcQnXQrhkHn
lantern_mangrove             1390     21   1.5%  DcgRKhzODHi
cobalt_rookery                973     32   3.3%  DcmB0c-OpAZ
salt_mirror                   645      1   0.2%  DcBQ7cpxIRg
mineral_heart                 579     17   2.9%  Dbk8L2hpUfz
meteorite_cradle              545     12   2.2%  Dcmt3kHNrQw
cave_of_numbers               369      5   1.4%  DbmA2MBQ0Ft
vesper_flight                 362      9   2.5%  DchCOAOhmDn
copper_rain                   325      8   2.5%  DbsqkAqu7OB
ember_meadow                  323      6   1.9%  DcOk8BQACG5
butterfly_meridian            310     15   4.8%  DbiXYvTxGr9
sugar_nebula                  274      1   0.4%  Db0Y8-qO1-Q
circuit_city                  253      7   2.8%  DbeSdr0uWQe
food_chain                    240      2   0.8%  DbZI3tOMPqL
peony_shell                   220      2   0.9%  DccarGtgKjB
tesla_garden                  217     10   4.6%  DbvPXOBPRP8
pomegranate_vault             210      3   1.4%  DcpLy5DNrUW
wild_yeast                    209      1   0.5%  DcjEaHItaFN
?                             205      2   1.0%  DbRslvuJmwq
whale_fall_republic           204      5   2.5%  DcY5PRHxbtQ
brinicle_grove                201      1   0.5%  DcWuv6DhbSb
magnetite_choir               195      1   0.5%  DctQuxrOmCO
caddis_masonry                180      3   1.7%  Dca_2VJRSs1
dollhouse                     176      4   2.3%  DbfylfKtqYd
chameleon_prism               171      4   2.3%  DcSp1LvuwkB
cinder_veil                   169      1   0.6%  Db_wy6SMj1f
moth_orchard_night            168      7   4.2%  DcE6Y9Murh5
velvet_atlas                  168      6   3.6%  DbwUB8zQlsm
tide_glass                    167      2   1.2%  Db-sIZ8JNWA
cartographer                  167      5   3.0%  DbdS6MlhTBU
?                             167      3   1.8%  DbUAppwshJV
snowfall                      166      3   1.8%  Dba1KIBhz3b
glass_apiary                  162      3   1.9%  DbrKbv5BzMr
frost_window                  162      2   1.2%  DbolpFYs3Tq
resonance_hall                157      4   2.5%  Db9L_ofszjn
ink_dynasty                   157      8   5.1%  Db1dnXug0Om
chalkboard_infinities         153      4   2.6%  Dby40v0t29S
abyssal_chandelier            152      2   1.3%  DcCVl5qtz4w
quantum_orrery                151      3   2.0%  DbqFxM6R-lR
midnight_kitchen              151      4   2.6%  DbTB20SvVx6
termite_citadel               150      3   2.0%  Dce_d_qOwVA
pollen_court                  150      4   2.7%  DbtvOrQMd-j
ivory_gambit                  146      3   2.1%  DcD1ubzp9IM
jade_automata                 143      9   6.3%  DbjcDhyO_9n
lather_atlas                  141      3   2.1%  Dbng-e1hZRb
lichen_moor                   130      2   1.5%  Db29vr7gb7Y
alexandria                    130      4   3.1%  DbYP5WcutsC
tide_of_life                   78      2   2.6%  DbVob6pJnSg
alexandria                     70      2   2.9%  DbWkGPOBLzg
magellanic_mob                  ?      ?      ?  DcvuqYohsqq

snapshot appended to outbox/ig_stats.jsonl (57 rows)
journey                 views  reach  shr  sav  fol    watch   avg
squid_lantern            2997   2175    7   10   14     224m    6s
eclipse_waterhole        1948   1647   13   18   11     267m   10s
physarum_maze            1753   1446    9    8    3     207m    9s
geode_cosmos             1522   1328    5   10    4     255m   11s
sundew_snare             1504   1354   13   11    4     137m    6s
desert_rosette           1400   1231   12    9    1     197m    9s
lantern_mangrove         1390   1136    2    5    0     533m   28s
cobalt_rookery            973    825    6    7    3     148m   11s
salt_mirror               645    538    1    0    2      73m    8s
meteorite_cradle          545    488    8    6    4      60m    7s
vesper_flight             362    324    1    4    2      50m    9s
copper_rain               325    260    1    2    1     494m  109s
ember_meadow              323    270    1    2    0      65m   14s
sugar_nebula              274    219    1    1    0      73m   20s
peony_shell               220    183    0    0    0      18m    5s
tesla_garden              217    191    1    1    1     405m  119s
pomegranate_vault         210    182    1    1    1     890m  270s
wild_yeast                209    178    1    0    0     237m   71s
whale_fall_republic       204    171    1    2    1      21m    7s
brinicle_grove            201    161    1    0    0      20m    7s
magnetite_choir           195    172    1    1    0     191m   65s
caddis_masonry            180    157    0    0    0      24m    8s
chameleon_prism           171    157    1    1    1     185m   65s
cinder_veil               169    151    2    0    1     144m   55s
moth_orchard_night        168    138    0    0    0      15m    6s
velvet_atlas              168    135    0    1    0     222m   93s
tide_glass                167    153    2    0    1      52m   19s
glass_apiary              162    139    0    0    0     757m  305s
frost_window              162    139    0    1    0     688m  285s
resonance_hall            157    140    2    1    1      14m    6s
ink_dynasty               157    140    0    2    0     108m   46s
chalkboard_infinities     153    125    0    0    0     726m  328s
abyssal_chandelier        152    133    2    2    0     111m   46s
quantum_orrery            151    141    0    1    0     512m  212s
termite_citadel           150    133    0    1    0      19m    8s
pollen_court              150    138    0    0    0     689m  289s
ivory_gambit              146    133    3    1    0      15m    6s
lather_atlas              141    130    0    0    0       9m    5s
lichen_moor               130    116    0    0    0     158m   80s
magellanic_mob              ?      ?    0    0    0        ?    ?s

appended 40 rows to outbox/ig_insights.jsonl
  instagram: https://www.instagram.com/powers.of.zen/reel/DcvuqYohsqq/

Summary: {
  "youtube": "https://youtube.com/shorts/R77ZREl1NhM",
  "instagram": "https://www.instagram.com/powers.of.zen/reel/DcvuqYohsqq/"
}
=== 09:08:31 next post: 2026-09-02 00:00
=== 10:05:01 not yet — next post at 2026-09-02 00:00 (cadence 19.0h)
=== 11:05:02 not yet — next post at 2026-09-02 00:00 (cadence 19.0h)
=== 12:05:01 not yet — next post at 2026-09-02 00:00 (cadence 19.0h)
=== 13:05:01 not yet — next post at 2026-09-02 00:00 (cadence 19.0h)
=== 14:05:02 not yet — next post at 2026-09-02 00:00 (cadence 19.0h)
=== 15:05:01 not yet — next post at 2026-09-02 00:00 (cadence 19.0h)
=== 16:05:02 not yet — next post at 2026-09-02 00:00 (cadence 19.0h)
=== 17:05:01 not yet — next post at 2026-09-02 00:00 (cadence 19.0h)
=== 18:00:01 not yet — next post at 2026-09-02 00:00 (cadence 19.0h)
=== 18:05:02 not yet — next post at 2026-09-02 00:00 (cadence 19.0h)
=== 19:05:01 not yet — next post at 2026-09-02 00:00 (cadence 19.0h)
=== 20:05:02 not yet — next post at 2026-09-02 00:00 (cadence 19.0h)
=== 21:05:02 not yet — next post at 2026-09-02 00:00 (cadence 19.0h)
=== 22:05:02 not yet — next post at 2026-09-02 00:00 (cadence 19.0h)
=== 23:05:02 not yet — next post at 2026-09-02 00:00 (cadence 19.0h)
=== 00:05:02 gate open (scheduled 2026-09-02 00:00) — running poster
Posting: bee_cathedral  (file: review_divein/bee_cathedral_ds_divein_shift.mp4, ds/divein)
  ⏸ skipping paused platform(s): tiktok
  youtube: https://youtube.com/shorts/AboX2-Z3Dc4
  share click path: trusted
followers: 86   ('86 Followers, 20 Following, 58 Posts - See Instagram photos and videos from Powe')
reels on grid: 36 (trusted-hover pass, 35 with likes)

journey                     views  likes  like%  code
squid_lantern                2997     59   2.0%  DcKg2bhhBG0
eclipse_waterhole            1998     65   3.3%  DcrORSVvyet
physarum_maze                1754     32   1.8%  DcUsSy3pWpB
geode_cosmos                 1522     33   2.2%  DcGahIISzJw
sundew_snare                 1506     75   5.0%  DcMilj8BvPm
desert_rosette               1401     35   2.5%  DcQnXQrhkHn
lantern_mangrove             1391     21   1.5%  DcgRKhzODHi
cobalt_rookery                974     32   3.3%  DcmB0c-OpAZ
salt_mirror                   645      1   0.2%  DcBQ7cpxIRg
meteorite_cradle              547     12   2.2%  Dcmt3kHNrQw
vesper_flight                 363      9   2.5%  DchCOAOhmDn
ember_meadow                  323      6   1.9%  DcOk8BQACG5
sugar_nebula                  274      1   0.4%  Db0Y8-qO1-Q
magnetite_choir               231      2   0.9%  DctQuxrOmCO
peony_shell                   220      2   0.9%  DccarGtgKjB
tesla_garden                  217     10   4.6%  DbvPXOBPRP8
wild_yeast                    212      1   0.5%  DcjEaHItaFN
pomegranate_vault             211      3   1.4%  DcpLy5DNrUW
whale_fall_republic           204      5   2.5%  DcY5PRHxbtQ
brinicle_grove                201      1   0.5%  DcWuv6DhbSb
caddis_masonry                181      3   1.7%  Dca_2VJRSs1
chameleon_prism               171      4   2.3%  DcSp1LvuwkB
cinder_veil                   169      1   0.6%  Db_wy6SMj1f
moth_orchard_night            168      7   4.2%  DcE6Y9Murh5
velvet_atlas                  168      6   3.6%  DbwUB8zQlsm
tide_glass                    167      2   1.2%  Db-sIZ8JNWA
resonance_hall                157      4   2.5%  Db9L_ofszjn
ink_dynasty                   157      8   5.1%  Db1dnXug0Om
magellanic_mob                153      1   0.7%  DcvuqYohsqq
chalkboard_infinities         153      4   2.6%  Dby40v0t29S
abyssal_chandelier            152      2   1.3%  DcCVl5qtz4w
termite_citadel               150      3   2.0%  Dce_d_qOwVA
pollen_court                  150      4   2.7%  DbtvOrQMd-j
ivory_gambit                  146      3   2.1%  DcD1ubzp9IM
lichen_moor                   130      2   1.5%  Db29vr7gb7Y
bee_cathedral                   ?      ?      ?  DcxVqMzv84K

snapshot appended to outbox/ig_stats.jsonl (36 rows)
journey                 views  reach  shr  sav  fol    watch   avg
squid_lantern            2997   2175    7   10   14     224m    6s
eclipse_waterhole        1998   1689    ?    ?    ?        ?    ?s
physarum_maze            1754   1446    9    8    3     207m    9s
geode_cosmos             1522   1328    5   10    4     255m   11s
sundew_snare             1506   1355   13   11    4     137m    6s
desert_rosette           1401   1231   12    9    1     197m    9s
lantern_mangrove         1391   1137    2    5    0     533m   28s
cobalt_rookery            974    828    ?    ?    ?        ?    ?s
salt_mirror               645    538    1    0    2      73m    8s
meteorite_cradle          547    490    ?    ?    ?        ?    ?s
vesper_flight             363    326    ?    ?    ?        ?    ?s
copper_rain               325    260    1    2    1     494m  109s
ember_meadow              323    270    1    2    0      65m   14s
sugar_nebula              274    219    1    1    0      73m   20s
magnetite_choir           231    199    ?    ?    ?        ?    ?s
peony_shell               220    183    0    0    0      18m    5s
tesla_garden              217    191    1    1    1     405m  119s
wild_yeast                212    180    ?    ?    ?        ?    ?s
pomegranate_vault         211    184    ?    ?    ?        ?    ?s
whale_fall_republic       204    171    1    2    1      21m    7s
brinicle_grove            201    161    1    0    0      20m    7s
caddis_masonry            181    158    0    0    0      24m    8s
chameleon_prism           171    157    1    1    1     185m   65s
cinder_veil               169    151    2    0    1     144m   55s
moth_orchard_night        168    138    0    0    0      15m    6s
velvet_atlas              168    135    0    1    0     222m   93s
tide_glass                167    153    2    0    1      52m   19s
glass_apiary              162    139    0    0    0     757m  305s
frost_window              162    139    0    1    0     688m  285s
resonance_hall            157    140    2    1    1      14m    6s
ink_dynasty               157    140    0    2    0     108m   46s
magellanic_mob            153    137    ?    ?    ?        ?    ?s
chalkboard_infinities     153    125    0    0    0     726m  328s
abyssal_chandelier        152    133    2    2    0     111m   46s
quantum_orrery            151    141    0    1    0     512m  212s
termite_citadel           150    133    0    1    0      19m    8s
pollen_court              150    138    0    0    0     689m  289s
ivory_gambit              146    133    3    1    0      15m    6s
lather_atlas              141    130    0    0    0       9m    5s
lichen_moor               130    116    0    0    0     158m   80s
bee_cathedral               ?      ?    ?    ?    ?        ?    ?s

appended 41 rows to outbox/ig_insights.jsonl
  instagram: https://www.instagram.com/powers.of.zen/reel/DcxVqMzv84K/

Summary: {
  "youtube": "https://youtube.com/shorts/AboX2-Z3Dc4",
  "instagram": "https://www.instagram.com/powers.of.zen/reel/DcxVqMzv84K/"
}
=== 00:07:44 next post: 2026-09-02 19:00
=== 01:05:02 not yet — next post at 2026-09-02 19:00 (cadence 19.0h)
=== 02:05:02 not yet — next post at 2026-09-02 19:00 (cadence 19.0h)
=== 03:05:01 not yet — next post at 2026-09-02 19:00 (cadence 19.0h)
=== 04:05:01 not yet — next post at 2026-09-02 19:00 (cadence 19.0h)
=== 05:05:02 not yet — next post at 2026-09-02 19:00 (cadence 19.0h)
=== 06:05:03 not yet — next post at 2026-09-02 19:00 (cadence 19.0h)
=== 07:05:01 not yet — next post at 2026-09-02 19:00 (cadence 19.0h)
=== 08:00:01 not yet — next post at 2026-09-02 19:00 (cadence 19.0h)
=== 08:05:02 not yet — next post at 2026-09-02 19:00 (cadence 19.0h)
